kepid,kepoi_name,koi_disposition,koi_period,koi_duration,koi_depth,koi_model_snr,koi_steff,koi_srad
11446443,"K00001.01","CONFIRMED",2.470613377,1.74319,14230.9,4304.30,5820.00,0.9640
10666592,"K00002.01","CONFIRMED",2.204735417,3.88864,6674.7,5945.90,6440.00,1.9520
10748390,"K00003.01","CONFIRMED",4.887803076,2.36255,4315.8,862.30,4778.00,0.7630
3861595,"K00004.01","CONFIRMED",3.849371737,2.632,1298.6,132.70,6244.00,2.9920
8554498,"K00005.01","CANDIDATE",4.780327581,2.0253,960.8,380.80,5937.00,1.7870
8554498,"K00005.02","FALSE POSITIVE",7.05185637,3.69,,,,
3248033,"K00006.01","FALSE POSITIVE",1.334101467,2.1033,120.8,43.00,6178.00,1.5800
11853905,"K00007.01","CONFIRMED",3.213668926,3.98235,727.8,346.90,5795.00,1.5450
5903312,"K00008.01","FALSE POSITIVE",1.16015259,1.3433,170.2,48.40,5842.00,0.9850
11553706,"K00009.01","FALSE POSITIVE",3.719809197,3.5317,2958.2,373.90,6284.00,2.3480
6922244,"K00010.01","CONFIRMED",3.522498429,3.19843,9145.7,1741.50,6225.00,1.4510
11913073,"K00011.01","FALSE POSITIVE",3.747838198,5.0642,616,138.20,5514.00,0.8260
5812701,"K00012.01","CONFIRMED",17.855221681,7.41287,9065.2,915.70,6823.00,1.3670
9941662,"K00013.01","CONFIRMED",1.763587535,3.16877,4590.6,4061.90,9107.00,3.0310
7684873,"K00014.01","FALSE POSITIVE",2.947376671,2.0911,433.2,62.30,8090.00,2.2340
3964562,"K00015.01","FALSE POSITIVE",3.012476582,3.1424,1138.5,253.40,8601.00,2.0310
9110357,"K00016.01","FALSE POSITIVE",0.895277575,2.711,534.5,132.10,8040.00,3.3250
10874614,"K00017.01","CONFIRMED",3.234699282,3.59385,10558.7,3003.80,5640.00,1.2910
8191672,"K00018.01","CONFIRMED",3.548465446,4.56904,7251.5,2486.50,6290.00,1.7460
7255336,"K00019.01","FALSE POSITIVE",1.20320092,1.9197,2807.1,250.80,6218.00,1.3490
11804465,"K00020.01","CONFIRMED",4.437962934,4.69813,16387.6,3535.60,5953.00,1.4150
10125352,"K00021.01","FALSE POSITIVE",4.288515468,2.2959,3456.7,292.10,6378.00,2.0020
9631995,"K00022.01","CONFIRMED",7.891448838,4.2854,10344.6,1955.10,5972.00,1.2370
9071386,"K00023.01","FALSE POSITIVE",4.693305543,5.17249,14522.9,1765.20,6365.00,1.4700
4743513,"K00024.01","FALSE POSITIVE",2.086075752,2.2647,3657.8,102.20,6131.00,1.4170
10593759,"K00025.01","FALSE POSITIVE",3.132604547,3.6337,9969.2,222.30,6248.00,1.1810
5021737,"K00026.01","FALSE POSITIVE",15.03946326,5.1008,5237.7,181.60,6501.00,1.4410
3832716,"K00027.01","FALSE POSITIVE",1.141877248,4.33931,309490,2036.30,6158.00,1.3680
4247791,"K00028.01","FALSE POSITIVE",4.100870416,8.15361,123521,2619.20,5923.00,1.5100
6956014,"K00031.01","FALSE POSITIVE",0.925589891,1.967,400.8,20.60,4094.00,24.4880
5725087,"K00033.01","FALSE POSITIVE",0.366197145,1.2335,275.3,16.70,4448.00,31.5000
6521045,"K00041.01","CONFIRMED",12.81590421,6.3856,220.5,106.70,5788.00,1.4740
6521045,"K00041.02","CONFIRMED",6.88707073,4.4679,68.7,38.20,5788.00,1.4740
6521045,"K00041.03","CONFIRMED",35.3331932,5.966,99.7,28.80,5788.00,1.4740
8866102,"K00042.01","CONFIRMED",17.83367834,4.5112,326.9,154.50,6407.00,1.3370
9025922,"K00043.01","FALSE POSITIVE",11.32029599,4.5866,4303.5,85.00,5780.00,1.0000
8845026,"K00044.01","FALSE POSITIVE",66.46746217,19.6638,12643.7,1049.30,5843.00,1.0730
3742855,"K00045.01","FALSE POSITIVE",6.397185875,5.8638,18887,394.70,5780.00,1.0000
10905239,"K00046.01","CONFIRMED",3.487688776,3.83661,1298.8,350.60,5576.00,1.5930
10905239,"K00046.02","CONFIRMED",6.02977241,3.961,54.6,11.50,5576.00,1.5930
7837302,"K00048.01","FALSE POSITIVE",23.836808884,6.02854,29684.7,2793.40,6095.00,1.9400
9527334,"K00049.01","CONFIRMED",8.31377304,2.964,837.4,19.60,5900.00,0.9510
6056992,"K00051.01","FALSE POSITIVE",10.431146765,3.8853,29375.6,400.20,5780.00,1.0000
3558981,"K00052.01","FALSE POSITIVE",2.98786272,2.5814,42789,98.00,5231.00,0.8210
2445975,"K00053.01","FALSE POSITIVE",3.388887193,2.4475,11267.8,162.90,5780.00,1.0000
8248939,"K00061.01","FALSE POSITIVE",1.63345402,3.817,359,7.40,6283.00,1.0910
11554435,"K00063.01","CONFIRMED",9.43414171,2.8112,3977,40.20,5578.00,0.8860
7051180,"K00064.01","CANDIDATE",1.951082219,1.6975,1151.8,30.10,5302.00,2.4260
10223615,"K00065.01","FALSE POSITIVE",27.25471993,0.73,,,,
10620329,"K00066.01","FALSE POSITIVE",0.436282594,1.3988,536.4,218.30,8491.00,2.6220
8669092,"K00068.01","FALSE POSITIVE",1.000840564,1.3292,2714.4,73.20,6287.00,3.1770
3544595,"K00069.01","CONFIRMED",4.72674037,2.9267,273.1,287.80,5648.00,0.8940
6850504,"K00070.01","CONFIRMED",10.854095934,3.7768,1034.4,252.80,5465.00,0.9250
6850504,"K00070.02","CONFIRMED",3.696121272,2.463,383.4,130.00,5465.00,0.9250
6850504,"K00070.03","CONFIRMED",77.6114427,7.1786,814.5,100.50,5465.00,0.9250
6850504,"K00070.04","CONFIRMED",6.09855603,2.9815,84.4,24.80,5465.00,0.9250
6850504,"K00070.05","CONFIRMED",19.5776073,3.382,98.1,17.20,5465.00,0.9250
11904151,"K00072.01","CONFIRMED",0.837491225,1.796,190.4,189.50,5676.00,1.0440
11904151,"K00072.02","CONFIRMED",45.29422297,6.83,477.1,134.80,5676.00,1.0440
6889235,"K00074.01","FALSE POSITIVE",5.188671659,5.0534,548.9,331.60,9523.00,1.9410
7199397,"K00075.01","CANDIDATE",105.8817667,18.044,1556.3,301.80,5903.00,2.4990
9955262,"K00076.01","CANDIDATE",77.4794704,10.1151,1237,72.60,6711.00,2.9090
9552608,"K00080.01","CANDIDATE",9.250572762,3.6373,1039.5,351.40,8133.00,3.2940
8823868,"K00081.01","FALSE POSITIVE",23.8761144,9.3113,1611.7,225.50,9974.00,2.5330
10187017,"K00082.01","CONFIRMED",16.145671932,3.7236,941.1,242.70,4900.00,0.7410
10187017,"K00082.02","CONFIRMED",10.31174786,3.1818,275.9,81.70,4900.00,0.7410
10187017,"K00082.03","CONFIRMED",27.4536146,3.747,136.4,27.50,4900.00,0.7410
10187017,"K00082.04","CONFIRMED",7.07136119,2.757,65.7,22.40,4900.00,0.7410
10187017,"K00082.05","CONFIRMED",5.28691996,2.579,41.5,15.80,4900.00,0.7410
10187017,"K00082.06","FALSE POSITIVE",22.4098677,2.271,69.8,11.90,4900.00,0.7410
2571238,"K00084.01","CONFIRMED",9.286964466,3.3649,691.7,251.90,5546.00,0.8100
5866724,"K00085.01","CONFIRMED",5.859935955,4.0185,322.8,186.70,6181.00,1.4240
5866724,"K00085.02","CONFIRMED",2.154911236,3.1341,99.7,83.00,6181.00,1.4240
5866724,"K00085.03","CONFIRMED",8.13121389,4.2386,111.8,55.30,6181.00,1.4240
10593626,"K00087.01","CONFIRMED",289.864067,7.565,529.1,57.40,5516.00,0.8860
7700871,"K00088.01","FALSE POSITIVE",5.17968868,3.7256,121.8,48.40,5761.00,0.8150
8056665,"K00089.01","CONFIRMED",84.6877524,10.0248,347.7,95.10,6688.00,1.7900
8056665,"K00089.02","CONFIRMED",207.5829306,7.0686,505.1,70.00,6688.00,1.7900
9210823,"K00090.01","FALSE POSITIVE",0.828206212,1.737,132.3,68.10,5812.00,3.2270
7941200,"K00092.01","CONFIRMED",65.7045275,3.3104,636.1,70.40,5918.00,1.0430
6462863,"K00094.01","CONFIRMED",22.342964828,6.66405,5612.8,1118.90,6181.00,1.3310
6462863,"K00094.02","CONFIRMED",10.423677439,5.2257,777.3,204.40,6181.00,1.3310
6462863,"K00094.03","CONFIRMED",54.31996151,8.5858,1975,291.30,6181.00,1.3310
6462863,"K00094.04","CONFIRMED",3.743166733,3.6888,126.3,47.20,6181.00,1.3310
5780885,"K00097.01","CONFIRMED",4.885488596,5.16165,7458.4,2590.10,6036.00,1.9090
10264660,"K00098.01","CONFIRMED",6.790120801,6.0437,2302.3,526.10,6372.00,2.0010
8505215,"K00099.01","CANDIDATE",2190.7010353,19.891,1874.2,94.80,4965.00,0.7360
8505215,"K00099.02","FALSE POSITIVE",79.87804945,3.19,,,,
4055765,"K00100.01","CANDIDATE",9.9664004,5.0127,1619,125.90,6638.00,3.0790
8456679,"K00102.01","CONFIRMED",1.73513619,2.2741,952.6,473.20,5751.00,1.0710
8456679,"K00102.02","CONFIRMED",4.06844957,2.8349,79.8,29.30,5751.00,1.0710
2444412,"K00103.01","CONFIRMED",14.91095177,3.325,864.5,116.90,5650.00,0.8990
10318874,"K00104.01","CONFIRMED",2.508057497,1.1134,1507.6,312.70,4780.00,0.7610
8711794,"K00105.01","CONFIRMED",8.981014925,1.8478,1059.3,198.30,5666.00,0.9670
10489525,"K00106.01","FALSE POSITIVE",1.612249049,4.235,154,45.40,6732.00,2.5690
11250587,"K00107.01","CONFIRMED",7.256962446,4.9402,463.2,168.30,5858.00,1.5490
4914423,"K00108.01","CONFIRMED",15.96532718,4.5837,482.2,144.20,5880.00,1.4330
4914423,"K00108.02","CONFIRMED",179.609803,13.755,1273,184.60,5880.00,1.4330
4752451,"K00109.01","FALSE POSITIVE",6.41496453,3.9015,201.2,53.10,6170.00,1.1830
9450647,"K00110.01","CONFIRMED",9.940666412,3.9092,520.2,161.40,6215.00,1.2590
6678383,"K00111.01","CONFIRMED",11.427550984,4.6074,500.9,165.50,5979.00,1.0050
6678383,"K00111.02","CONFIRMED",23.66834635,5.8297,449.4,112.80,5979.00,1.0050
6678383,"K00111.03","CONFIRMED",51.75530504,7.4355,609.2,116.90,5979.00,1.0050
6678383,"K00111.04","FALSE POSITIVE",103.62650922,6.89,,,,
10984090,"K00112.01","CONFIRMED",51.07926451,6.3729,736.8,126.80,5833.00,1.0220
10984090,"K00112.02","CONFIRMED",3.709214104,2.6302,131.1,50.60,5833.00,1.0220
2306756,"K00113.01","FALSE POSITIVE",386.6030528,6.8057,24926.6,994.00,5543.00,1.5800
6721123,"K00114.01","FALSE POSITIVE",7.36178958,5.022,233.7,47.70,6227.00,1.9580
9579641,"K00115.01","CONFIRMED",5.412203927,2.9472,601.6,166.70,5779.00,1.0870
9579641,"K00115.02","CONFIRMED",7.12594387,3.0014,192.4,47.10,5779.00,1.0870
9579641,"K00115.03","CANDIDATE",3.43591631,3.133,23.2,8.70,5779.00,1.0870
8395660,"K00116.01","CONFIRMED",13.57078281,3.3539,511.7,88.40,5854.00,1.0120
8395660,"K00116.02","CONFIRMED",43.84439721,6.802,615.2,83.70,5854.00,1.0120
8395660,"K00116.03","CONFIRMED",6.164876,3.262,55.8,14.40,5854.00,1.0120
8395660,"K00116.04","CONFIRMED",23.9800854,5.351,104,17.10,5854.00,1.0120
10875245,"K00117.01","CONFIRMED",14.74914825,6.0995,430.2,107.40,5847.00,1.4020
10875245,"K00117.02","CONFIRMED",4.90144976,4.1654,140.7,50.60,5847.00,1.4020
10875245,"K00117.03","CONFIRMED",3.180027898,3.5797,120.3,50.40,5847.00,1.4020
10875245,"K00117.04","CONFIRMED",7.95825328,4.377,50,14.70,5847.00,1.4020
3531558,"K00118.01","CONFIRMED",24.99324319,5.9409,269.6,62.00,5718.00,1.3170
9471974,"K00119.01","CONFIRMED",49.18394185,11.3364,1646.2,355.70,5626.00,2.0570
9471974,"K00119.02","CONFIRMED",190.3200468,15.284,1141.7,139.30,5626.00,2.0570
11869052,"K00120.01","FALSE POSITIVE",20.5452375,2.517,218.5,18.50,5670.00,1.2640
3247396,"K00121.01","FALSE POSITIVE",8.8111022,5.0683,401.1,76.80,6200.00,2.4040
8349582,"K00122.01","CONFIRMED",11.523067458,3.8757,507.3,142.00,5644.00,1.4110
5094751,"K00123.01","CONFIRMED",6.481633073,3.784,298.5,125.60,5945.00,1.3020
5094751,"K00123.02","CONFIRMED",21.22261195,6.5093,366,114.90,5945.00,1.3020
11086270,"K00124.01","CONFIRMED",12.69104387,3.7727,252.1,60.20,5869.00,1.6260
11086270,"K00124.02","CONFIRMED",31.71981013,4.819,363.4,63.10,5869.00,1.6260
11449844,"K00125.01","CONFIRMED",38.47876629,5.04169,23530,1077.80,5510.00,0.8790
5897826,"K00126.01","FALSE POSITIVE",33.80364366,11.4813,13494.4,529.90,5855.00,1.7960
5897826,"K00126.02","CANDIDATE",0.875197345,0.052,0,0.00,5855.00,1.7960
8359498,"K00127.01","CONFIRMED",3.578780566,2.91089,11382.2,1838.40,5524.00,0.9940
11359879,"K00128.01","CONFIRMED",4.942783419,3.25346,11144.7,2040.70,5514.00,0.9780
11974540,"K00129.01","CONFIRMED",24.669192732,7.03515,7382.3,603.00,5313.00,9.3270
11974540,"K00129.02","CANDIDATE",143.21109362,2.71,,,,
5297298,"K00130.01","FALSE POSITIVE",34.193600311,5.41382,13714.8,1405.60,6129.00,1.7860
7778437,"K00131.01","CONFIRMED",5.014234733,4.589,6536,794.30,6490.00,1.3070
8892910,"K00132.01","FALSE POSITIVE",10.810132734,4.4618,6165.2,806.50,6211.00,1.2840
11673674,"K00133.01","FALSE POSITIVE",4.618767792,5.9957,4399.1,270.10,6013.00,1.0330
9032900,"K00134.01","CONFIRMED",67.5923754,12.249,4158.1,60.90,6038.00,1.7440
9818381,"K00135.01","CONFIRMED",3.024092505,2.8021,7765,1225.30,6063.00,1.3580
7601633,"K00136.01","FALSE POSITIVE",15.663886949,2.4775,5144.4,175.90,5996.00,2.2210
8644288,"K00137.01","CONFIRMED",7.641567589,3.41018,2269.7,437.50,5356.00,1.0550
8644288,"K00137.02","CONFIRMED",14.85890852,3.5252,3269,456.80,5356.00,1.0550
8644288,"K00137.03","CONFIRMED",3.504691252,1.9811,315.1,67.50,5356.00,1.0550
8506766,"K00138.01","FALSE POSITIVE",48.93786896,6.5868,7240.1,445.70,7066.00,1.7610
8559644,"K00139.01","CONFIRMED",224.7789355,11.1899,3487.5,235.70,5873.00,1.2350
8559644,"K00139.02","CONFIRMED",3.341799486,2.9254,178.2,48.80,5873.00,1.2350
5130369,"K00140.01","FALSE POSITIVE",19.97867,10.168,944.3,86.20,9651.00,1.8950
12105051,"K00141.01","CANDIDATE",2.624234833,1.3874,2607,361.10,5340.00,0.8990
5446285,"K00142.01","CONFIRMED",10.916108342,3.6496,1479,302.20,5575.00,0.9320
5446285,"K00142.02","FALSE POSITIVE",339.42934084,7.5,,,,
4649305,"K00143.01","FALSE POSITIVE",22.65117451,3.6895,2250,170.10,6968.00,1.3330
4180280,"K00144.01","CONFIRMED",4.176254191,3.6716,1360.1,249.70,4957.00,0.7760
9904059,"K00145.01","FALSE POSITIVE",102.9641952,15.735,1896.7,86.10,5047.00,7.1190
9048161,"K00146.01","FALSE POSITIVE",8.667822346,4.9658,2121.9,187.60,6266.00,1.8890
1996679,"K00147.01","FALSE POSITIVE",145.5624926,5.4126,2931.6,58.10,6148.00,1.0950
5735762,"K00148.01","CONFIRMED",4.77800306,2.7361,473,115.40,5192.00,0.8730
5735762,"K00148.02","CONFIRMED",9.673958488,3.2641,952.7,178.00,5192.00,0.8730
5735762,"K00148.03","CONFIRMED",42.89645024,5.6897,555.3,66.80,5192.00,0.8730
3835670,"K00149.01","CONFIRMED",14.55730897,7.7643,956.9,200.00,5774.00,1.4120
7626506,"K00150.01","CONFIRMED",8.408878137,3.4967,798.9,147.20,5551.00,0.8120
7626506,"K00150.02","CONFIRMED",28.5742692,4.9427,824.9,97.10,5551.00,0.8120
2307199,"K00151.01","CANDIDATE",13.4471791,3.0454,1428.2,105.30,6276.00,1.0410
8394721,"K00152.01","CONFIRMED",52.09081627,8.6388,2894.1,243.50,6198.00,1.3240
8394721,"K00152.02","CONFIRMED",27.40229859,6.8491,747.5,79.30,6198.00,1.3240
8394721,"K00152.03","CONFIRMED",13.48457668,5.0197,653.5,80.80,6198.00,1.3240
8394721,"K00152.04","CONFIRMED",81.0637895,3.001,476,19.40,6198.00,1.3240
12252424,"K00153.01","CONFIRMED",8.925079516,2.6766,977.5,135.80,4728.00,0.6930
12252424,"K00153.02","CONFIRMED",4.75400072,2.5394,748.7,141.40,4728.00,0.6930
9970525,"K00154.01","FALSE POSITIVE",30.00908916,3.15,,,,
8030148,"K00155.01","CONFIRMED",5.660669429,4.6483,737.8,201.10,5746.00,1.1730
10925104,"K00156.01","CONFIRMED",8.041347775,2.6332,591,77.50,3980.00,0.5400
10925104,"K00156.02","CONFIRMED",5.188563677,2.3683,358.7,56.40,3980.00,0.5400
10925104,"K00156.03","CONFIRMED",11.776132317,2.8971,1430.8,163.50,3980.00,0.5400
6541920,"K00157.01","CONFIRMED",13.02493307,4.5706,778.4,119.30,5657.00,1.0460
6541920,"K00157.02","CONFIRMED",22.687155,5.4921,960,122.80,5657.00,1.0460
6541920,"K00157.03","CONFIRMED",31.99552485,4.2817,1376.1,128.00,5657.00,1.0460
6541920,"K00157.04","CONFIRMED",46.6856205,6.3794,588.8,59.00,5657.00,1.0460
6541920,"K00157.05","CONFIRMED",118.3786735,9.5574,1083.3,83.10,5657.00,1.0460
6541920,"K00157.06","CONFIRMED",10.30401132,4.2246,316.1,53.80,5657.00,1.0460
10555375,"K00158.01","FALSE POSITIVE",5.80181368,4.119,269.6,35.30,6020.00,2.0970
8972058,"K00159.01","CONFIRMED",8.99088621,4.2447,469.7,93.60,5881.00,1.1710
8972058,"K00159.02","CONFIRMED",2.403640701,1.4012,74.9,16.30,5881.00,1.1710
6631721,"K00160.01","FALSE POSITIVE",13.73808249,3.354,660.7,68.40,6375.00,1.1780
5084942,"K00161.01","CONFIRMED",3.105507835,1.7458,904.6,178.60,4989.00,0.7910
8107380,"K00162.01","CONFIRMED",14.00640392,4.6919,716.4,109.30,5788.00,1.1240
6851425,"K00163.01","CONFIRMED",11.1199028,3.3759,636.3,100.30,5078.00,0.7660
5652237,"K00164.01","FALSE POSITIVE",4.4645454,2.8823,194.3,37.60,6093.00,1.9850
9527915,"K00165.01","CONFIRMED",13.22175358,2.7884,876.5,93.60,5211.00,0.7990
2441495,"K00166.01","CONFIRMED",12.49340725,2.2614,715.7,76.20,5207.00,0.7950
11666881,"K00167.01","CONFIRMED",4.919584997,4.1988,425.7,132.00,6236.00,1.3780
11512246,"K00168.01","CONFIRMED",10.74241765,6.0633,415.2,95.40,5761.00,1.5180
11512246,"K00168.02","CONFIRMED",15.27443889,6.0765,206.7,40.30,5761.00,1.5180
11512246,"K00168.03","CONFIRMED",7.10695741,5.1462,131,33.80,5761.00,1.5180
6185711,"K00169.01","FALSE POSITIVE",11.70219638,2.6658,639.7,41.30,5758.00,0.7620
11044770,"K00170.01","FALSE POSITIVE",15.60865244,6.26,311.4,46.90,8014.00,2.4300
7831264,"K00171.01","CONFIRMED",5.968724048,3.651,510.6,107.10,6122.00,1.4390
7831264,"K00171.02","CONFIRMED",13.07141889,3.0946,251.1,32.00,6122.00,1.4390
8692861,"K00172.01","CONFIRMED",13.7223682,5.1231,571.1,97.90,5637.00,0.9430
8692861,"K00172.02","CONFIRMED",242.467406,12.808,340.3,23.20,5637.00,0.9430
11402995,"K00173.01","CONFIRMED",10.06083238,4.5718,460.2,86.40,5705.00,1.1400
10810838,"K00174.01","CONFIRMED",56.35407916,3.4449,1037,59.40,4802.00,0.7010
8323753,"K00175.01","FALSE POSITIVE",6.71425632,3.339,283.5,46.50,6093.00,2.6230
6442377,"K00176.01","CONFIRMED",30.22910274,6.6751,443.4,71.70,6325.00,1.5180
6803202,"K00177.01","CONFIRMED",21.06075303,5.2472,301.2,54.40,5706.00,1.0340
11455491,"K00178.01","FALSE POSITIVE",6.14281498,4.624,122,36.00,6495.00,1.5540
9663113,"K00179.01","CONFIRMED",20.74028645,10.3939,1023.3,155.30,6226.00,1.2990
9663113,"K00179.02","CONFIRMED",572.376632,24.42,1743.4,78.60,6226.00,1.2990
9573539,"K00180.01","CONFIRMED",10.04556377,3.2027,671.4,66.50,5632.00,0.8530
12504988,"K00181.01","FALSE POSITIVE",5.093938816,3.93144,25026.7,1131.70,6197.00,1.0350
5376836,"K00182.01","FALSE POSITIVE",3.479425638,3.4479,19550,123.30,5907.00,0.8780
9651668,"K00183.01","CONFIRMED",2.684328541,2.69382,18136.5,2833.10,5561.00,0.9560
7972785,"K00184.01","FALSE POSITIVE",7.300735516,5.78725,13051.7,1640.00,6434.00,1.1380
4178389,"K00185.01","CANDIDATE",23.210509958,3.09802,28736.9,958.70,5875.00,0.8090
12019440,"K00186.01","CONFIRMED",3.24325988,3.03318,16450.9,1586.20,5823.00,1.0130
7023960,"K00187.01","FALSE POSITIVE",30.882538697,5.3737,24012,1266.20,6014.00,0.9930
5357901,"K00188.01","CONFIRMED",3.797018259,2.2608,14431.2,1549.00,5167.00,0.8480
11391018,"K00189.01","CONFIRMED",30.360445359,6.0134,21124.7,1126.20,4939.00,0.7650
5771719,"K00190.01","FALSE POSITIVE",12.264867364,4.7366,11310.9,560.20,5372.00,2.3440
5972334,"K00191.01","CONFIRMED",15.358767771,4.1223,14638.1,812.60,5422.00,0.8870
5972334,"K00191.02","CONFIRMED",2.418406841,2.0744,665.4,69.10,5422.00,0.8870
5972334,"K00191.03","CANDIDATE",0.708621057,1.5041,187.5,30.50,5422.00,0.8870
5972334,"K00191.04","CONFIRMED",38.6520796,5.607,566.5,24.80,5422.00,0.8870
7950644,"K00192.01","CONFIRMED",10.290994129,4.28889,9655.7,1245.70,5803.00,1.3730
10799735,"K00193.01","FALSE POSITIVE",37.590298548,4.3855,19938.9,929.00,6147.00,1.0030
10904857,"K00194.01","CONFIRMED",3.120828136,2.1878,16456,113.50,6122.00,0.9960
11502867,"K00195.01","CONFIRMED",3.217518511,2.11481,14319.4,1287.40,5720.00,0.9030
9410930,"K00196.01","CONFIRMED",1.855557556,2.35672,10570.1,1853.80,5657.00,0.9470
2987027,"K00197.01","CONFIRMED",17.276296682,3.94738,10458,871.40,4941.00,0.7380
10666242,"K00198.01","FALSE POSITIVE",87.24250316,4.1206,17860.5,335.20,5671.00,0.9550
10019708,"K00199.01","CONFIRMED",3.268695042,3.45188,10091.4,1429.90,5927.00,1.6910
10019708,"K00199.02","FALSE POSITIVE",8.78458274,6.459,210.8,25.90,5927.00,1.6910
6046540,"K00200.01","CONFIRMED",7.340714946,2.9987,8510.5,856.30,6056.00,1.4980
6849046,"K00201.01","CONFIRMED",4.225384543,2.82038,7563,1457.80,5574.00,1.0540
7877496,"K00202.01","CONFIRMED",1.72086129,2.0243,10184.5,1654.90,5742.00,1.2150
10619192,"K00203.01","CONFIRMED",1.485710994,2.2874,20823.9,1176.60,5624.00,1.0180
9305831,"K00204.01","CONFIRMED",3.246732048,3.0535,6998.2,775.00,5763.00,1.4570
7046804,"K00205.01","CONFIRMED",11.720123999,3.0039,9763.3,707.30,5215.00,0.7700
5728139,"K00206.01","CONFIRMED",5.334082429,6.2226,4676.5,653.40,6332.00,1.9050
3762468,"K00208.01","CONFIRMED",3.003879547,3.2848,8538,80.80,6311.00,1.1720
10723750,"K00209.01","CONFIRMED",50.79034648,10.8474,5671.1,508.80,6163.00,1.4060
10723750,"K00209.02","CONFIRMED",18.79591276,7.5235,2431.4,282.30,6163.00,1.4060
10602291,"K00210.01","CANDIDATE",20.92735802,3.4256,8091,263.50,6126.00,1.1090
10656508,"K00211.01","CANDIDATE",124.03589939,4.8472,7690,190.10,5822.00,1.2800
6300348,"K00212.01","CANDIDATE",5.69590202,3.5661,4921.1,391.20,6106.00,0.9400
9164836,"K00213.01","FALSE POSITIVE",48.118812545,5.27958,69850.7,2145.10,6003.00,0.8720
11046458,"K00214.01","CONFIRMED",3.311864148,1.4049,5976.5,448.20,5461.00,0.9370
12508335,"K00215.01","FALSE POSITIVE",42.94386258,3.7591,9207.9,273.00,5750.00,0.9400
6152974,"K00216.01","CONFIRMED",20.172024672,3.1488,5368.1,226.80,5064.00,0.8640
6152974,"K00216.02","CONFIRMED",7.51854537,2.845,286.7,19.40,5064.00,0.8640
9595827,"K00217.01","CONFIRMED",3.905081685,2.8213,21340.5,1315.80,5543.00,0.8870
9838975,"K00218.01","FALSE POSITIVE",18.692860599,3.88584,51256.5,1281.90,5190.00,0.6600
6305192,"K00219.01","CONFIRMED",8.025118521,5.3694,3120.4,373.00,6002.00,1.3690
7132798,"K00220.01","CONFIRMED",2.422084188,2.5613,1871.8,423.70,5598.00,0.8300
7132798,"K00220.02","CONFIRMED",4.12511935,2.877,114.7,21.60,5598.00,0.8300
3937519,"K00221.01","CONFIRMED",3.413036353,2.61366,3868.7,480.70,5392.00,1.0870
3937519,"K00221.02","CONFIRMED",5.89661966,3.154,144,15.30,5392.00,1.0870
4249725,"K00222.01","CONFIRMED",6.312508525,2.7455,1286,112.50,4090.00,0.5710
4249725,"K00222.02","CONFIRMED",12.7945474,3.4197,816.7,54.10,4090.00,0.5710
4545187,"K00223.01","CONFIRMED",3.177414601,1.5262,1134.3,113.70,5303.00,0.7080
4545187,"K00223.02","CONFIRMED",41.0081117,4.376,1004.5,43.90,5303.00,0.7080
5547480,"K00224.01","FALSE POSITIVE",3.979867514,2.3607,907.6,65.20,6032.00,0.9730
5801571,"K00225.01","FALSE POSITIVE",0.838597429,1.68668,2482.1,303.70,6366.00,1.2360
5959753,"K00226.01","CONFIRMED",8.30865307,3.2747,836.1,74.30,5022.00,0.8490
6185476,"K00227.01","CANDIDATE",17.65737838,3.509,2155.7,117.20,3745.00,0.4700
3847907,"K00229.01","CONFIRMED",3.573202801,2.88,2975,362.10,5646.00,1.0800
3862246,"K00230.01","FALSE POSITIVE",4.702495974,2.3421,4787.3,101.10,5408.00,0.8780
4043443,"K00231.01","FALSE POSITIVE",119.8401019,3.6796,5448.7,83.70,4602.00,0.6750
4833421,"K00232.01","CONFIRMED",12.466004437,5.0066,2232.1,304.60,6038.00,1.1910
4833421,"K00232.02","CONFIRMED",5.766165573,3.8314,364.8,65.60,6038.00,1.1910
4833421,"K00232.03","CONFIRMED",21.58752788,4.4968,336.8,34.00,6038.00,1.1910
4833421,"K00232.04","CONFIRMED",37.9962369,6.7751,403.7,37.80,6038.00,1.1910
4833421,"K00232.05","CONFIRMED",56.2590881,8.114,348.8,29.70,6038.00,1.1910
5023956,"K00233.01","FALSE POSITIVE",1.824649,4.2285,3218.5,184.30,6190.00,0.7930
8491277,"K00234.01","CONFIRMED",9.61375316,4.654,797.9,108.60,5997.00,1.1100
8107225,"K00235.01","CONFIRMED",5.63252508,2.1448,634.4,70.90,5216.00,0.8040
8453211,"K00236.01","FALSE POSITIVE",5.77675928,6.789,3522.5,141.40,5544.00,0.8750
8041216,"K00237.01","CONFIRMED",8.508333104,3.4559,646.5,93.40,5767.00,1.0300
7219825,"K00238.01","CONFIRMED",17.23232894,4.5568,509.8,64.10,6086.00,1.2160
7219825,"K00238.02","CONFIRMED",26.6951944,4.576,132.6,13.40,6086.00,1.2160
7219825,"K00238.03","CANDIDATE",362.97828,14.083,260.6,13.00,6086.00,1.2160
6383785,"K00239.01","CONFIRMED",5.640676975,2.8354,1453.3,145.90,5794.00,1.2160
6383785,"K00239.02","CONFIRMED",3.62275506,2.7868,180.6,22.30,5794.00,1.2160
8026752,"K00240.01","CONFIRMED",4.286866229,4.4726,1321.9,167.30,6228.00,1.0490
11288051,"K00241.01","CONFIRMED",13.82142084,3.985,765.2,75.30,4983.00,0.6510
11288051,"K00241.02","CONFIRMED",30.9505927,5.394,301.4,23.20,4983.00,0.6510
11288051,"K00241.03","CONFIRMED",3.41045981,2.866,136.2,22.50,4983.00,0.6510
3642741,"K00242.01","FALSE POSITIVE",7.258450123,5.7297,3714.7,288.60,5638.00,0.9200
9592579,"K00243.01","FALSE POSITIVE",2.637574744,5.4573,5423.5,222.80,6108.00,1.0300
4349452,"K00244.01","CONFIRMED",12.720370263,2.7306,1180.1,485.50,6267.00,1.2580
4349452,"K00244.02","CONFIRMED",6.238535444,3.5255,401.6,274.50,6267.00,1.2580
8478994,"K00245.01","CONFIRMED",39.79220077,4.466,610.4,179.50,5437.00,0.7810
8478994,"K00245.02","CONFIRMED",21.30181863,3.8763,87.3,32.40,5437.00,0.7810
8478994,"K00245.03","CONFIRMED",13.3669309,3.733,12.2,7.40,5417.00,0.7720
8478994,"K00245.04","CONFIRMED",51.20690303,8.99,,,,
11295426,"K00246.01","CONFIRMED",5.398752862,3.4303,346.5,289.60,5790.00,1.1980
11295426,"K00246.02","CONFIRMED",9.60505976,3.0063,55,32.20,5790.00,1.1980
11852982,"K00247.01","CONFIRMED",13.81504449,2.3244,1032.6,46.70,3732.00,0.5090
5364071,"K00248.01","CONFIRMED",7.203855862,2.5418,1765.9,101.10,3834.00,0.5390
5364071,"K00248.02","CONFIRMED",10.91274065,2.1801,1387.2,57.40,3834.00,0.5390
5364071,"K00248.03","CONFIRMED",2.576571021,1.5997,852.8,63.60,3834.00,0.5390
5364071,"K00248.04","CONFIRMED",18.59611518,2.3052,813.8,27.60,3834.00,0.5390
9390653,"K00249.01","CONFIRMED",9.549277089,1.5832,1826.9,112.20,3547.00,0.3690
9757613,"K00250.01","CONFIRMED",12.282998287,2.7096,2794.7,137.20,3879.00,0.5370
9757613,"K00250.02","CONFIRMED",17.25121397,2.0371,2054.8,68.60,3879.00,0.5370
9757613,"K00250.03","CONFIRMED",3.543919702,1.8717,507,38.20,3879.00,0.5370
9757613,"K00250.04","CONFIRMED",46.82767725,1.9033,1537.7,32.40,3879.00,0.5370
10489206,"K00251.01","CONFIRMED",4.164384505,1.8464,2338,132.10,3808.00,0.5080
10489206,"K00251.02","CONFIRMED",5.77440326,1.768,245.3,11.80,3808.00,0.5080
11187837,"K00252.01","CONFIRMED",17.60461401,3.716,2292.1,80.10,3744.00,0.5160
11752906,"K00253.01","CONFIRMED",6.383159135,1.7504,2313.2,64.40,3757.00,0.5760
11752906,"K00253.02","CONFIRMED",20.6180348,3.267,769.5,16.30,3757.00,0.5760
5794240,"K00254.01","CONFIRMED",2.455240626,1.72722,36911.9,1341.60,3793.00,0.5680
7021681,"K00255.01","CONFIRMED",27.52194772,4.047,2312.8,106.50,3780.00,0.5110
7021681,"K00255.02","CANDIDATE",13.6032081,2.592,180.5,9.40,3780.00,0.5110
7021681,"K00255.03","FALSE POSITIVE",7.7333361,2.807,126.9,9.30,3780.00,0.5110
11548140,"K00256.01","FALSE POSITIVE",1.378649746,1.2232,22462,172.20,3440.00,0.4390
5514383,"K00257.01","CONFIRMED",6.88341278,2.0674,487.4,35.40,6139.00,1.1930
11231334,"K00258.01","FALSE POSITIVE",4.15743922,9.572,1472,52.50,6529.00,3.1310
5790807,"K00259.01","FALSE POSITIVE",79.99623328,6.3339,24383.5,721.90,6796.00,2.4900
8292840,"K00260.01","CONFIRMED",10.49566303,4.7356,106.1,48.70,6214.00,1.2970
8292840,"K00260.02","CONFIRMED",100.2830675,10.8636,351.2,81.90,6214.00,1.2970
8292840,"K00260.03","CONFIRMED",21.86965714,5.5177,125.5,43.50,6214.00,1.2970
5383248,"K00261.01","CONFIRMED",16.23847733,3.9699,646.7,125.80,5683.00,0.9930
11807274,"K00262.01","CONFIRMED",7.81285862,4.098,117.3,32.30,6237.00,1.5430
11807274,"K00262.02","CONFIRMED",9.37663713,2.1033,118.4,21.00,6237.00,1.5430
10514430,"K00263.01","FALSE POSITIVE",20.71927223,4.0388,224.6,36.00,5729.00,1.5450
3097346,"K00264.01","FALSE POSITIVE",4.029810359,3.3316,111.1,62.80,5929.00,1.6510
12024120,"K00265.01","CONFIRMED",3.568099612,3.2131,98.4,52.50,6007.00,1.3340
7375348,"K00266.01","CONFIRMED",25.30893566,5.7704,153.7,54.20,5949.00,1.2920
7375348,"K00266.02","CANDIDATE",47.7439509,2.99,96.9,15.00,5949.00,1.2920
8167959,"K00267.01","FALSE POSITIVE",165.75597,8.45,57.3,12.80,5800.00,1.4120
3425851,"K00268.01","CANDIDATE",110.3783828,12.211,489.8,108.90,6342.00,1.3590
7670943,"K00269.01","CONFIRMED",18.01164974,6.7367,107.8,60.80,6477.00,1.4590
6528464,"K00270.01","CONFIRMED",12.58229808,6.375,118.7,62.10,5587.00,1.4230
6528464,"K00270.02","CONFIRMED",33.67280658,8.2267,170.9,61.20,5587.00,1.4230
9451706,"K00271.01","CONFIRMED",48.6303805,7.0805,339.8,53.90,6075.00,1.3520
9451706,"K00271.02","CONFIRMED",29.39337161,7.0445,327,69.70,6075.00,1.3520
9451706,"K00271.03","CONFIRMED",14.4359459,3.414,107.3,22.00,6075.00,1.3520
5716763,"K00272.01","CANDIDATE",1.28132831,0.9157,525.5,196.40,5918.00,1.5960
3102384,"K00273.01","CONFIRMED",10.573751447,1.7259,298.9,82.00,5720.00,1.0800
8077137,"K00274.01","CONFIRMED",15.0896415,4.3349,77.8,29.50,6063.00,1.6130
8077137,"K00274.02","CONFIRMED",22.8030252,4.768,62.9,20.40,6063.00,1.6130
10586004,"K00275.01","CONFIRMED",15.79196594,7.2772,203.1,77.30,5758.00,1.7040
10586004,"K00275.02","CONFIRMED",82.2001239,10.627,233.9,47.90,5758.00,1.7040
11133306,"K00276.01","CONFIRMED",41.74598855,4.6125,421.8,110.50,5978.00,1.1710
11401755,"K00277.01","CONFIRMED",16.23191704,7.461,501.6,194.90,5919.00,1.5850
11401755,"K00277.02","CONFIRMED",13.84984567,7.2783,84.6,35.20,5919.00,1.5850
12314973,"K00279.01","CONFIRMED",28.45489091,8.1593,1418.6,244.70,6206.00,1.5730
12314973,"K00279.02","CONFIRMED",15.4130812,6.6358,264.3,55.20,6206.00,1.5730
12314973,"K00279.03","CONFIRMED",7.5143967,4.865,36.3,9.80,6206.00,1.5730
4141376,"K00280.01","CONFIRMED",11.87290814,2.5342,332.7,84.70,6147.00,1.0400
4143755,"K00281.01","CONFIRMED",19.55662003,8.087,298.9,111.00,5671.00,1.3600
5088536,"K00282.01","CONFIRMED",27.50871575,5.9291,639.2,190.30,5903.00,1.1370
5088536,"K00282.02","CONFIRMED",8.45744892,3.2893,77.4,31.00,5903.00,1.1370
5088536,"K00282.03","CONFIRMED",87.5177787,2.55,136.5,12.20,5903.00,1.1370
5695396,"K00283.01","CONFIRMED",16.09196369,2.8943,415.8,84.90,5680.00,1.0160
5695396,"K00283.02","CONFIRMED",25.5172744,4.735,66.8,13.50,5680.00,1.0160
5695396,"K00283.03","CANDIDATE",9.48814747,1.163,47.9,11.10,5680.00,1.0160
6021275,"K00284.01","CONFIRMED",18.01019956,3.516,177.7,43.40,5931.00,1.1010
6021275,"K00284.02","CONFIRMED",6.41491277,3.3629,121,51.10,5931.00,1.1010
6021275,"K00284.03","CONFIRMED",6.17817366,3.2601,101.9,43.50,5931.00,1.1010
6021275,"K00284.04","CONFIRMED",110.2867031,4.427,145.3,16.40,5931.00,1.1010
6196457,"K00285.01","CONFIRMED",13.74883059,6.0968,425.9,167.60,5862.00,1.6700
6196457,"K00285.02","CONFIRMED",26.723169,8.501,195,67.50,5862.00,1.6700
6196457,"K00285.03","CONFIRMED",49.3567907,10.954,130.2,35.00,5862.00,1.6700
8258171,"K00286.01","FALSE POSITIVE",23.6272223,7.9,154.6,65.80,8308.00,2.8790
8703887,"K00287.01","FALSE POSITIVE",14.170972781,3.7316,13496.5,308.10,8347.00,1.7150
9592705,"K00288.01","CONFIRMED",10.27532513,6.3093,209.7,99.50,6150.00,2.0860
10386922,"K00289.01","CONFIRMED",26.62941953,7.8709,492.8,106.90,5866.00,1.4170
10386922,"K00289.02","CONFIRMED",296.6375817,16.425,2763.1,250.00,5866.00,1.4170
10488450,"K00290.01","FALSE POSITIVE",2.683395376,1.8592,234.7,52.90,6958.00,1.5290
10933561,"K00291.01","CONFIRMED",31.51779463,7.634,357.6,63.20,5611.00,1.4000
10933561,"K00291.02","CONFIRMED",8.12999858,2.1492,148,26.10,5611.00,1.4000
11075737,"K00292.01","CONFIRMED",2.586639524,2.253,217.7,77.30,5780.00,0.9660
11200415,"K00293.01","FALSE POSITIVE",4.63958598,2.768,83.4,28.10,6591.00,1.6460
11259686,"K00294.01","CONFIRMED",34.4359387,5.82,424.5,52.60,5929.00,1.3630
11547513,"K00295.01","CONFIRMED",5.317440164,2.9331,292.5,80.90,5923.00,1.0540
11547513,"K00295.02","CONFIRMED",10.10575764,2.0138,116.8,19.90,5923.00,1.0540
11802615,"K00296.01","CONFIRMED",28.86236571,5.4033,449.2,64.40,5725.00,1.0880
11905011,"K00297.01","CONFIRMED",5.65178922,3.0933,134.1,39.50,6085.00,1.4630
12785320,"K00298.01","CONFIRMED",19.96367208,2.6403,270.9,36.30,5250.00,0.7900
12785320,"K00298.02","CANDIDATE",57.3840375,4.336,241.7,22.90,5250.00,0.7900
2692377,"K00299.01","CONFIRMED",1.541676547,1.9118,296.5,94.10,5533.00,1.0890
3438975,"K00300.01","FALSE POSITIVE",2.976020742,3.73,114.9,60.60,5947.00,1.7960
3642289,"K00301.01","CONFIRMED",6.002548291,4.1628,202,71.60,6204.00,1.3600
3642289,"K00301.02","CONFIRMED",11.44865823,4.953,75.2,21.90,6204.00,1.3600
3662838,"K00302.01","CONFIRMED",24.85466504,9.182,776.2,88.00,6967.00,2.5270
3662838,"K00302.02","FALSE POSITIVE",53.34418038,3.62,,,,
5966322,"K00303.01","CONFIRMED",60.92818866,6.3336,755.6,120.10,5638.00,1.0230
6029239,"K00304.01","CONFIRMED",8.512037736,2.1861,597.8,102.20,5767.00,0.8810
6029239,"K00304.02","CANDIDATE",5.518195,1.81,27.1,5.20,5767.00,0.8810
6063220,"K00305.01","CONFIRMED",4.603575293,2.3499,440.4,79.70,4783.00,0.7410
6071903,"K00306.01","CONFIRMED",24.30784323,2.6054,677.1,35.60,5313.00,0.8200
6289257,"K00307.01","CONFIRMED",19.67409703,3.7535,204.9,39.00,6023.00,1.0310
6289257,"K00307.02","CONFIRMED",5.21104597,3.3447,102.7,36.90,6023.00,1.0310
6291837,"K00308.01","CONFIRMED",35.5969684,6.691,684.5,52.50,6212.00,1.2090
7024222,"K00309.01","FALSE POSITIVE",1.633107509,1.491,60.8,21.70,4579.00,0.6840
7024511,"K00311.01","FALSE POSITIVE",66.1544958,6.945,1972,42.70,4679.00,0.6430
7050989,"K00312.01","CONFIRMED",11.57890926,2.7207,243.4,54.80,6156.00,1.3030
7050989,"K00312.02","CONFIRMED",16.39926461,3.4108,220.8,46.40,6156.00,1.3030
7419318,"K00313.01","CONFIRMED",18.73577127,3.0356,567.2,81.80,5188.00,0.7950
7419318,"K00313.02","CONFIRMED",8.43639829,3.2451,345.5,76.80,5188.00,0.7950
7603200,"K00314.01","CONFIRMED",13.78109471,2.3188,756,112.80,3846.00,0.5030
7603200,"K00314.02","CONFIRMED",23.08902241,1.7012,598.3,57.40,3846.00,0.5030
7603200,"K00314.03","CONFIRMED",10.31282204,2.0138,137.6,22.00,3846.00,0.5030
7700622,"K00315.01","CONFIRMED",35.58349688,3.9885,937.6,90.80,4894.00,0.6840
8008067,"K00316.01","CONFIRMED",15.77111067,5.0574,547.1,123.20,5620.00,1.1430
8008067,"K00316.02","CONFIRMED",157.0659976,8.1289,551.4,50.90,5620.00,1.1430
8008067,"K00316.03","CONFIRMED",7.305706326,1.4228,264.9,43.60,5620.00,1.1430
8121310,"K00317.01","CONFIRMED",22.20809549,7.3327,463.2,92.70,6336.00,1.4030
8121310,"K00317.02","CANDIDATE",11.505879,5.583,49.8,12.50,6336.00,1.4030
8156120,"K00318.01","CONFIRMED",38.5833679,12.391,1388.2,46.10,6273.00,1.9270
8684730,"K00319.01","CONFIRMED",46.15119482,6.3427,1817.3,286.00,5877.00,1.9630
8700558,"K00320.01","FALSE POSITIVE",4.79179893,2.9283,123.9,46.30,6499.00,1.1030
8753657,"K00321.01","CONFIRMED",2.426304127,2.6624,185.4,97.00,5678.00,0.9700
8753657,"K00321.02","CONFIRMED",4.62334491,3.0189,62,25.20,5678.00,0.9700
8948424,"K00322.01","FALSE POSITIVE",5.888835386,3.7988,19466,208.20,5780.00,1.0000
9139084,"K00323.01","CONFIRMED",5.83599485,2.062,553.3,11.20,5423.00,0.8280
9641041,"K00324.01","FALSE POSITIVE",1.089077863,2.4676,133.6,104.80,6280.00,1.5510
9724984,"K00325.01","FALSE POSITIVE",7.86335883,3.4303,467.3,74.30,5731.00,1.9130
9880467,"K00326.01","FALSE POSITIVE",8.97349999,3.1408,935.1,44.10,4751.00,11.5360
9880467,"K00326.02","FALSE POSITIVE",108.546946,7.567,711.3,15.30,4751.00,11.5360
9881662,"K00327.01","CONFIRMED",3.254277742,2.9903,159.9,58.60,5945.00,1.0890
9881662,"K00327.02","CONFIRMED",91.3514816,8.707,210,25.50,5945.00,1.0890
9895004,"K00328.01","FALSE POSITIVE",2.250826647,1.536,534.4,104.30,5779.00,1.1190
10031885,"K00329.01","FALSE POSITIVE",8.58969597,8.471,245.1,45.90,6024.00,0.9000
11361646,"K00330.01","CONFIRMED",7.97420583,5.3503,293.1,55.10,5973.00,1.0810
11361646,"K00330.02","CONFIRMED",1.88899036,3.486,59,18.20,5973.00,1.0810
10285631,"K00331.01","CONFIRMED",18.68405716,6.9329,381.5,54.20,5548.00,1.6140
10285631,"K00331.02","CANDIDATE",10.52286678,1.911,130.2,10.10,5548.00,1.6140
10290666,"K00332.01","CONFIRMED",5.45849914,4.0448,255.9,72.00,5914.00,1.1350
10290666,"K00332.02","CANDIDATE",6.86674226,4.216,47.2,12.30,5914.00,1.1350
10337258,"K00333.01","CONFIRMED",13.28536452,6.283,377.6,26.80,6534.00,1.9000
10383687,"K00334.01","FALSE POSITIVE",8.4879444,3.224,119.3,19.50,6134.00,1.0390
10470206,"K00335.01","FALSE POSITIVE",46.56675437,7.831,801.1,111.30,6629.00,1.6190
10518725,"K00336.01","FALSE POSITIVE",19.5148412,3.096,102.7,13.10,7004.00,2.5560
10545066,"K00337.01","CONFIRMED",19.7830259,5.4898,373.2,41.80,5747.00,1.0990
10545066,"K00337.02","CANDIDATE",154.607419,9.225,279.9,13.40,6017.00,0.9310
10552611,"K00338.01","CONFIRMED",7.0106324,3.0688,327.3,48.70,4908.00,0.7820
10552611,"K00338.02","CONFIRMED",3.10762684,2.361,77.2,15.60,4908.00,0.7820
10587105,"K00339.01","CONFIRMED",1.980356674,2.4743,271.9,71.90,6078.00,1.1890
10587105,"K00339.02","CONFIRMED",12.8344771,3.846,281,35.00,6078.00,1.1890
10587105,"K00339.03","CONFIRMED",35.8656484,8.035,250.9,26.20,6078.00,1.1890
10616571,"K00340.01","FALSE POSITIVE",23.6731242,14.3948,23112.9,842.30,5769.00,1.1770
10878263,"K00341.01","CONFIRMED",7.170710381,2.9225,863.3,89.30,5497.00,0.9410
10878263,"K00341.02","CONFIRMED",4.699652821,2.553,351.4,41.60,5497.00,0.9410
10982872,"K00343.01","CONFIRMED",4.761705895,3.3061,497.1,138.50,5794.00,1.2250
10982872,"K00343.02","CONFIRMED",2.024143568,2.5273,239.4,88.40,5794.00,1.2250
10982872,"K00343.03","CONFIRMED",41.8085031,7.797,190.4,27.30,5794.00,1.2250
11015108,"K00344.01","CONFIRMED",39.30944096,5.77,1132.1,122.90,5607.00,0.8630
11074541,"K00345.01","CONFIRMED",29.88487723,4.5612,1275.7,128.30,4883.00,0.7490
11100383,"K00346.01","CONFIRMED",12.92489803,2.6811,959,49.50,5103.00,0.7680
11189127,"K00347.01","FALSE POSITIVE",2.671942657,1.9119,15942,97.50,6116.00,1.0550
11194032,"K00348.01","CONFIRMED",28.51117639,4.5941,1844.6,145.50,4687.00,0.6900
11394027,"K00349.01","CONFIRMED",14.38682567,2.1417,569.6,61.70,5725.00,1.0720
11395587,"K00350.01","CANDIDATE",12.99065074,2.3748,392.3,42.50,5787.00,1.0270
11442793,"K00351.01","CONFIRMED",331.5972732,14.404,8322.1,355.00,5970.00,1.2000
11442793,"K00351.02","CONFIRMED",210.6013843,11.9922,4159.3,232.40,5970.00,1.2000
11442793,"K00351.03","CONFIRMED",59.7371443,8.0006,566.4,43.50,5970.00,1.2000
11442793,"K00351.04","CONFIRMED",91.9401253,9.195,482.9,34.40,5970.00,1.2000
11442793,"K00351.05","CONFIRMED",8.71980135,3.7454,160.4,22.70,5970.00,1.2000
11442793,"K00351.06","CONFIRMED",7.00821787,3.812,116.4,19.20,5970.00,1.2000
11442793,"K00351.07","CONFIRMED",124.922516,11.942,498.7,24.40,5970.00,1.2000
11521793,"K00352.01","CONFIRMED",27.08239734,5.0119,423.2,40.90,5857.00,1.3050
11521793,"K00352.02","CONFIRMED",16.00747237,1.267,277.6,14.70,5857.00,1.3050
11566064,"K00353.01","CANDIDATE",152.1060435,7.4517,3688.3,116.30,6200.00,1.6400
11566064,"K00353.02","CONFIRMED",30.6528935,4.99,269.7,17.40,6200.00,1.6400
11566064,"K00353.03","CANDIDATE",11.1619384,5.195,124.4,13.40,6200.00,1.6400
11568987,"K00354.01","CONFIRMED",15.95995611,4.3149,523.2,70.90,5936.00,0.9650
11568987,"K00354.02","CONFIRMED",7.37867551,3.349,125.1,22.30,5936.00,0.9650
11621223,"K00355.01","CONFIRMED",4.903321801,2.8887,334.5,84.50,6045.00,1.2980
11624249,"K00356.01","CONFIRMED",1.82708193,1.96401,1164.7,273.70,5311.00,1.7690
12017140,"K00358.01","FALSE POSITIVE",22.845241036,5.3007,45676.5,3845.40,5926.00,1.3510
12106929,"K00359.01","FALSE POSITIVE",5.93720557,4.882,371.4,59.90,5857.00,0.7120
12107021,"K00360.01","FALSE POSITIVE",5.93719982,3.95,175.6,37.00,6102.00,1.0260
12404954,"K00361.01","CONFIRMED",3.247548814,2.5146,209.7,51.60,5703.00,0.9750
1571511,"K00362.01","FALSE POSITIVE",14.022451457,8.08619,20082.9,2707.70,6061.00,1.0500
2438070,"K00363.01","FALSE POSITIVE",2.442945167,4.0145,677.9,102.80,5657.00,1.4280
7296438,"K00364.01","CANDIDATE",173.92851338,2.64,,,,
11623629,"K00365.01","CONFIRMED",81.737872,6.6923,628.8,135.40,5559.00,0.8730
11623629,"K00365.02","CANDIDATE",117.761,3.454,53.9,7.10,5564.00,0.8500
3545478,"K00366.01","CANDIDATE",75.1122132,4.9458,3751.5,384.00,6201.00,3.3540
4815520,"K00367.01","CONFIRMED",31.578651216,2.12791,2125.4,324.30,5733.00,0.9900
6603043,"K00368.01","FALSE POSITIVE",110.32167272,13.3624,7296.6,2217.10,9244.00,2.0250
7175184,"K00369.01","CONFIRMED",5.88527364,1.9531,112.7,27.40,6070.00,1.4310
7175184,"K00369.02","CONFIRMED",10.10463142,2.369,114.6,24.10,6070.00,1.4310
8494142,"K00370.01","CONFIRMED",42.88247951,9.7471,408.9,112.20,6143.00,1.7630
8494142,"K00370.02","CONFIRMED",22.95062278,4.4814,129.8,32.90,6143.00,1.7630
5652983,"K00371.01","FALSE POSITIVE",498.391282,6.135,1590,49.70,5134.00,3.1070
5652983,"K00371.02","FALSE POSITIVE",9.0584662,6.376,61.8,17.90,5198.00,3.2070
6471021,"K00372.01","CONFIRMED",125.6291479,9.108,7841.6,150.40,5819.00,1.1110
7364176,"K00373.01","CONFIRMED",135.1879934,8.8191,663.4,85.80,5731.00,0.9060
8686097,"K00374.01","CONFIRMED",172.7046083,11.347,659.1,92.90,5851.00,1.1160
12356617,"K00375.01","CONFIRMED",988.8811177,5.9504,5060,136.40,5755.00,1.5490
12643589,"K00376.01","FALSE POSITIVE",44.14599042,3.4015,4467.8,99.60,6692.00,1.1520
12643589,"K00376.02","FALSE POSITIVE",1.411627439,1.0814,515.2,53.10,6692.00,1.1520
3323887,"K00377.01","CONFIRMED",19.270825843,4.1281,6660.5,577.10,5779.00,0.9560
3323887,"K00377.02","CONFIRMED",38.90787517,4.5271,6159.1,366.10,5779.00,0.9560
3323887,"K00377.03","CONFIRMED",1.59295975,1.9313,248.3,48.90,5779.00,0.9560
2449074,"K00378.01","FALSE POSITIVE",4.94402197,4.062,363.3,33.00,6013.00,1.7000
2446113,"K00379.01","FALSE POSITIVE",6.71725648,2.5207,272.7,49.10,6078.00,1.6830
2446113,"K00379.02","CANDIDATE",23.1375919,3.35,114,12.90,6078.00,1.6830
2452450,"K00380.01","FALSE POSITIVE",8.0970583,5.699,680.7,76.40,6573.00,1.4550
3230578,"K00381.01","FALSE POSITIVE",6.337614357,1.742,1807.4,132.70,6581.00,1.5360
3231137,"K00382.01","FALSE POSITIVE",3.900140077,3.77,543.1,53.60,6407.00,0.9550
3342463,"K00383.01","FALSE POSITIVE",34.10787519,4.1,,,,
3353050,"K00384.01","CONFIRMED",5.0800579,5.207,222.8,56.70,6049.00,2.5200
3446746,"K00385.01","CONFIRMED",13.14496741,3.6399,300.8,44.10,5411.00,0.8880
3656121,"K00386.01","CONFIRMED",31.1588249,5.1803,959,73.60,5951.00,1.1550
3656121,"K00386.02","CONFIRMED",76.7324556,6.243,685.7,34.30,5951.00,1.1550
3733628,"K00387.01","CONFIRMED",13.89963233,3.5791,1121.7,98.20,4538.00,0.6630
3831053,"K00388.01","CONFIRMED",6.14955931,5.5694,333.7,87.30,5687.00,1.7750
3847708,"K00389.01","FALSE POSITIVE",3.741231778,2.469,419,66.60,5206.00,0.7670
3849155,"K00390.01","FALSE POSITIVE",1.168310132,1.31,283.3,64.70,5509.00,0.8570
3858804,"K00391.01","FALSE POSITIVE",25.9525478,21.328,478.4,57.00,5211.00,2.7210
3942670,"K00392.01","CONFIRMED",33.4160553,8.605,275.8,29.30,6007.00,1.4200
3942670,"K00392.02","CONFIRMED",12.6119685,6.372,76.5,12.20,6007.00,1.4200
3964109,"K00393.01","CONFIRMED",21.41624083,7.081,314.5,42.70,6156.00,1.1800
4159347,"K00394.01","FALSE POSITIVE",12.28351275,3.634,597.8,23.40,6171.00,2.7590
4165960,"K00395.01","FALSE POSITIVE",6.77449545,2.5416,481.9,41.90,6517.00,1.3420
4252322,"K00396.01","CANDIDATE",14.591504451,1.1295,1490.5,68.00,5940.00,1.3120
4376644,"K00397.01","FALSE POSITIVE",27.677680103,2.1704,11545,431.60,6075.00,0.9690
9946525,"K00398.01","CONFIRMED",51.84688984,4.7769,9636.3,257.20,5227.00,0.8380
9946525,"K00398.02","CONFIRMED",4.180048081,2.4479,1765.6,124.30,5227.00,0.8380
9946525,"K00398.03","CONFIRMED",1.729367077,1.7442,484.4,44.70,5227.00,0.8380
7289157,"K00399.01","FALSE POSITIVE",5.26640614,3.6163,59294,339.90,5916.00,1.1750
2695110,"K00400.01","FALSE POSITIVE",44.18938922,6.8151,4293.5,102.00,6061.00,0.9680
3217264,"K00401.01","CONFIRMED",29.19899219,5.1227,2047.2,171.00,5376.00,0.9400
3217264,"K00401.02","CONFIRMED",160.0191598,5.472,1552.8,49.60,5376.00,0.9400
3217264,"K00401.03","CONFIRMED",55.3291399,6.918,325.7,21.80,5376.00,0.9400
3342592,"K00402.01","FALSE POSITIVE",17.177328207,7.6702,24419.2,1357.50,6032.00,0.9730
4247092,"K00403.01","FALSE POSITIVE",21.05647572,1.238,1293.6,52.10,6156.00,1.1180
4949751,"K00404.01","FALSE POSITIVE",31.80514278,7.6213,4675.3,161.30,5931.00,0.8630
5003117,"K00405.01","FALSE POSITIVE",37.60936976,6.8615,27590.8,971.10,5600.00,0.8960
5035972,"K00406.01","FALSE POSITIVE",49.26678528,5.5692,8494,309.00,5988.00,1.1430
5218441,"K00407.01","FALSE POSITIVE",3.613757526,5.9128,4872.2,591.20,5986.00,0.9060
5351250,"K00408.01","CONFIRMED",7.381980206,3.1152,1433.8,101.60,5559.00,0.9140
5351250,"K00408.02","CONFIRMED",12.56096618,3.7647,923.1,55.10,5559.00,0.9140
5351250,"K00408.03","CONFIRMED",30.8261043,5.914,742.2,32.30,5559.00,0.9140
5351250,"K00408.04","CONFIRMED",3.42806306,2.417,178.4,16.60,5559.00,0.9140
5351250,"K00408.05","FALSE POSITIVE",93.803766,2.946,460.1,8.60,5559.00,0.9140
5444548,"K00409.01","CONFIRMED",13.24931848,4.4859,647.6,87.80,5799.00,1.0780
5449777,"K00410.01","FALSE POSITIVE",7.216951388,1.89082,4284.5,312.20,6266.00,1.0560
5478055,"K00411.01","FALSE POSITIVE",15.85238672,5.179,928.5,36.50,5903.00,1.0050
5683743,"K00412.01","CONFIRMED",4.147021189,2.8997,3680.7,421.20,5818.00,1.2050
5791986,"K00413.01","CONFIRMED",15.22895514,2.5967,1124.8,63.80,5456.00,0.8120
5791986,"K00413.02","CONFIRMED",24.67458244,3.2648,650.6,31.90,5456.00,0.8120
5872150,"K00414.01","FALSE POSITIVE",20.35509657,5.33265,25079.5,1703.20,6081.00,1.0770
5872150,"K00414.02","FALSE POSITIVE",5.92240377,3.691,413.4,44.40,6081.00,1.0770
6289650,"K00415.01","CANDIDATE",166.7876551,5.8676,4764.2,183.80,5663.00,1.0310
6508221,"K00416.01","CONFIRMED",18.20795835,3.7965,1596.9,157.30,5176.00,0.7380
6508221,"K00416.02","CONFIRMED",88.2553729,4.539,1132.2,54.20,5176.00,0.7380
6508221,"K00416.03","CANDIDATE",9.74765878,2.62,102,11.60,5176.00,0.7380
6508221,"K00416.04","CANDIDATE",31.5322987,3.49,106.4,7.80,5183.00,0.7390
6879865,"K00417.01","CANDIDATE",19.193103549,2.5425,6807.3,258.50,5883.00,0.8920
7975727,"K00418.01","FALSE POSITIVE",22.418319842,5.349,11929.1,944.40,5324.00,0.8130
8219673,"K00419.01","FALSE POSITIVE",20.131477716,3.2806,8243.2,427.50,6003.00,0.9320
8352537,"K00420.01","CONFIRMED",6.010383339,2.1939,2652.1,276.10,4882.00,0.7380
9115800,"K00421.01","CONFIRMED",4.454194254,2.3061,16041.5,1022.20,5359.00,0.9150
9214713,"K00422.01","CANDIDATE",809.0141881,8.3017,16311.3,212.90,6230.00,1.0470
9478990,"K00423.01","CONFIRMED",21.0871953,5.92691,8894.7,556.20,6266.00,1.5220
9478990,"K00423.02","CANDIDATE",360.477635,4.332,604,7.30,6266.00,1.5220
9597411,"K00424.01","FALSE POSITIVE",1.575631524,2.59202,25626.6,465.40,6202.00,0.8580
9967884,"K00425.01","FALSE POSITIVE",5.428344915,1.8931,13756,140.20,5936.00,0.9650
10016874,"K00426.01","CANDIDATE",16.30141333,3.5764,942.3,62.40,6072.00,1.1380
10189546,"K00427.01","CONFIRMED",24.61480613,2.6602,1798,68.40,5312.00,0.9860
10189546,"K00427.02","CONFIRMED",42.949522,5.4154,959.1,40.70,5312.00,0.9860
10189546,"K00427.03","CONFIRMED",117.033521,6.822,770.4,21.90,5312.00,0.9860
10418224,"K00428.01","CONFIRMED",6.8731664,6.8569,3753.8,535.50,6490.00,2.1790
10616679,"K00429.01","CONFIRMED",8.600099313,4.0077,2791.6,209.20,5246.00,0.8050
10717241,"K00430.01","CONFIRMED",12.37646897,2.7075,1709,81.20,4200.00,0.6070
10717241,"K00430.02","CANDIDATE",9.340538,2.57,200.8,11.10,4200.00,0.6070
10843590,"K00431.01","CONFIRMED",18.87022157,3.1404,1096.6,72.70,5402.00,0.8650
10843590,"K00431.02","CONFIRMED",46.9026431,3.9264,821.3,40.60,5402.00,0.8650
10858832,"K00432.01","CONFIRMED",5.263415218,2.1446,1030.7,117.00,6099.00,1.0280
10937029,"K00433.01","CONFIRMED",4.030466786,2.7734,2908.3,227.40,5234.00,0.8540
10937029,"K00433.02","CONFIRMED",328.240201,12.2726,13888.6,287.60,5234.00,0.8540
11656302,"K00434.01","FALSE POSITIVE",22.264806569,8.7941,19372.6,873.40,5681.00,0.8130
11709124,"K00435.01","CONFIRMED",20.5498184,5.5484,1564.3,123.10,5688.00,0.9710
11709124,"K00435.02","CANDIDATE",934.09418462,17.489,8709.6,135.50,5937.00,0.8320
11709124,"K00435.03","CONFIRMED",33.0405509,3.3613,577.4,27.50,5688.00,0.9710
11709124,"K00435.04","CONFIRMED",3.93276627,2.9403,234.9,30.70,5688.00,0.9710
11709124,"K00435.05","CONFIRMED",62.3026877,7.509,859.3,45.00,5688.00,0.9710
11709124,"K00435.06","CONFIRMED",9.91937693,4.326,186.7,18.80,5688.00,0.9710
11805075,"K00436.01","CANDIDATE",199.83920527,4.378,44490,590.60,5457.00,0.8690
11824222,"K00437.01","CANDIDATE",15.84132627,1.8215,31083,135.80,5119.00,0.7020
12302530,"K00438.01","CONFIRMED",5.931196562,2.4999,1007.4,90.50,3984.00,0.5390
12302530,"K00438.02","CONFIRMED",52.6615266,3.1592,1078.1,38.40,3984.00,0.5390
12470954,"K00439.01","CONFIRMED",1.902208647,2.19877,2343.5,363.20,5400.00,0.9370
12470954,"K00439.02","FALSE POSITIVE",5.40534383,2.32,,,,
2438264,"K00440.01","CONFIRMED",15.90688891,3.9879,924.7,75.00,5097.00,0.7970
2438264,"K00440.02","CONFIRMED",4.973455252,1.6519,741.6,65.40,5097.00,0.7970
3340312,"K00441.01","FALSE POSITIVE",30.5528972,5.269,865.2,35.60,6284.00,1.1380
3745690,"K00442.01","CONFIRMED",13.54057461,4.4673,461,53.30,5767.00,1.0140
3745690,"K00442.02","CONFIRMED",1.732346403,2.2139,182.4,41.20,5767.00,1.0140
3745690,"K00442.03","CONFIRMED",7.0257409,2.245,190.7,21.20,5767.00,1.0140
3833007,"K00443.01","CONFIRMED",16.21774917,4.9274,758.3,80.30,5837.00,0.7980
3847138,"K00444.01","CONFIRMED",11.72291212,4.2064,492.2,58.80,5550.00,0.9530
4384675,"K00445.01","FALSE POSITIVE",260.20717331,6.59,,,,
4633570,"K00446.01","CONFIRMED",16.70920628,2.7052,839.8,40.40,4621.00,0.6680
4633570,"K00446.02","CONFIRMED",28.55158187,4.1502,807.8,36.00,4621.00,0.6680
5021176,"K00447.01","FALSE POSITIVE",4.045057186,2.9954,752.7,62.20,5906.00,0.8700
5640085,"K00448.01","CONFIRMED",10.13958818,2.6446,1155.9,40.30,3893.00,0.5000
5640085,"K00448.02","CONFIRMED",43.5859419,4.6814,1708.7,38.90,3893.00,0.5000
5779852,"K00449.01","FALSE POSITIVE",252.0792347,3.9808,5582.6,104.10,6348.00,1.0140
6042214,"K00450.01","FALSE POSITIVE",27.04627886,2.666,900.8,48.80,6332.00,0.9150
6200715,"K00451.01","FALSE POSITIVE",3.723560726,3.435,540,58.90,6535.00,1.1810
6291033,"K00452.01","CONFIRMED",3.705991661,5.1658,501.4,100.30,6187.00,1.0340
6758917,"K00453.01","FALSE POSITIVE",2.236100588,1.8643,27241,43.00,5708.00,0.7950
7098355,"K00454.01","CONFIRMED",29.00789166,5.0274,906.3,44.10,5295.00,0.8010
7101828,"K00455.01","FALSE POSITIVE",47.878243,4.066,910,30.90,4254.00,0.6240
7269974,"K00456.01","CONFIRMED",13.69942266,4.3409,1292.9,120.00,5541.00,1.0890
7269974,"K00456.02","CONFIRMED",4.309381978,2.8977,310.7,42.30,5541.00,1.0890
7440748,"K00457.01","CONFIRMED",4.9213639,1.8806,761.3,77.70,5076.00,0.7990
7440748,"K00457.02","CONFIRMED",7.064252021,1.3867,728.9,52.50,5076.00,0.7990
7504328,"K00458.01","CANDIDATE",53.71798494,4.104,3153.5,103.00,4959.00,21.4490
7977197,"K00459.01","CONFIRMED",19.44639139,3.6227,926,82.40,5815.00,0.9540
7977197,"K00459.02","CONFIRMED",6.91986988,3.4253,170.1,25.60,5815.00,0.9540
8043638,"K00460.01","CONFIRMED",17.58751692,4.3773,1377.8,109.40,5433.00,1.1070
8043638,"K00460.02","CANDIDATE",36.0484798,5.763,127.6,8.50,5602.00,1.1000
8621348,"K00461.01","FALSE POSITIVE",11.34436822,5.558,586.3,52.20,5594.00,0.7520
8773869,"K00462.01","FALSE POSITIVE",1.576341127,3.1232,335.1,88.70,5087.00,1.6660
8845205,"K00463.01","CONFIRMED",18.47762694,1.94,2604.6,75.70,3395.00,0.2830
8890783,"K00464.01","CONFIRMED",58.36205791,6.3363,5374.7,286.60,5592.00,0.9530
8890783,"K00464.02","CONFIRMED",5.350156114,2.2647,764.8,87.10,5592.00,0.9530
8891318,"K00465.01","FALSE POSITIVE",363.706662,8.553,1624.6,43.70,6240.00,1.0640
9008220,"K00466.01","CANDIDATE",9.391039263,2.8386,2895.6,141.00,5944.00,1.4980
9583881,"K00467.01","CONFIRMED",18.00932214,4.9611,3004.4,245.20,5815.00,0.8770
9589524,"K00468.01","CONFIRMED",22.18431824,3.0397,1593,87.60,5157.00,0.8180
9703198,"K00469.01","CANDIDATE",10.32906563,1.44,2309.8,114.80,6228.00,1.0490
9844088,"K00470.01","CONFIRMED",3.750832927,1.9457,2397.9,212.50,5776.00,0.9500
10019643,"K00471.01","CONFIRMED",21.34736612,4.184,630.5,53.10,5395.00,1.0710
10019643,"K00471.02","CONFIRMED",7.81100952,3.231,126.7,15.80,5395.00,1.0710
10123064,"K00472.01","CONFIRMED",4.243748097,3.3603,1409.7,139.80,5873.00,0.8430
10155434,"K00473.01","CONFIRMED",12.70636123,2.395,871.7,54.00,5573.00,0.8390
10460984,"K00474.01","CONFIRMED",10.94577783,3.0937,532.8,52.50,5888.00,1.0970
10460984,"K00474.02","CONFIRMED",28.9869016,3.6233,471.6,31.50,5888.00,1.0970
10460984,"K00474.03","CONFIRMED",94.886902,6.923,641.7,25.50,5888.00,1.0970
10460984,"K00474.04","CONFIRMED",5.03505665,1.804,151.5,16.60,5888.00,1.0970
10577994,"K00475.01","CONFIRMED",8.1808949,2.7546,723.5,48.70,5081.00,0.7700
10577994,"K00475.02","CONFIRMED",15.31296388,3.0935,864.9,45.30,5081.00,0.7700
10599206,"K00476.01","CONFIRMED",18.42794957,2.9264,706.6,36.00,4768.00,0.7790
10934674,"K00477.01","CONFIRMED",16.54295261,3.8516,726,36.10,5215.00,0.8670
10990886,"K00478.01","CONFIRMED",11.023474798,1.4814,1795.5,77.20,3744.00,0.5370
11015323,"K00479.01","CONFIRMED",34.18884323,5.3278,1063.2,83.90,5515.00,0.9250
11134879,"K00480.01","CONFIRMED",4.30165843,2.1055,739.4,88.30,5480.00,0.8650
11192998,"K00481.01","CONFIRMED",7.650243513,2.752,981.4,98.80,5409.00,0.7460
11192998,"K00481.02","CONFIRMED",1.55400389,1.7664,465.8,82.10,5409.00,0.7460
11192998,"K00481.03","CONFIRMED",34.25951418,4.7743,1072.5,66.10,5409.00,0.7460
11255761,"K00482.01","FALSE POSITIVE",4.99270186,3.1008,557.4,42.30,5724.00,0.9510
11497977,"K00483.01","CONFIRMED",4.79860021,3.0384,817.4,88.10,5631.00,0.8470
12061222,"K00484.01","CONFIRMED",17.20522898,3.6688,1080.6,75.70,5211.00,0.6890
12316431,"K00485.01","FALSE POSITIVE",17.90766147,5.396,1089.3,78.40,6153.00,0.9930
12404305,"K00486.01","CONFIRMED",22.18332255,5.1364,748.1,70.30,5565.00,1.0300
12834874,"K00487.01","CONFIRMED",7.65880048,3.0427,668.2,57.60,5657.00,0.8550
2557816,"K00488.01","CONFIRMED",9.3789167,3.3427,563.5,42.60,5684.00,0.8080
2576197,"K00489.01","FALSE POSITIVE",2.217038096,1.8575,543.7,49.50,6521.00,1.2760
2576197,"K00489.02","FALSE POSITIVE",8.874603,2.88,93.3,5.40,6517.00,1.2780
3239945,"K00490.01","CONFIRMED",4.393157678,2.4455,447.2,63.00,4799.00,0.6920
3239945,"K00490.02","CONFIRMED",1071.232624,16.1784,19045.6,544.20,4799.00,0.6920
3239945,"K00490.03","CONFIRMED",7.40611676,2.8826,417.9,49.60,4799.00,0.6920
3239945,"K00490.04","CONFIRMED",21.803708,3.369,246.4,18.50,4799.00,0.6920
3541800,"K00491.01","FALSE POSITIVE",4.66229074,3.73,345.4,29.80,6191.00,1.0250
3559935,"K00492.01","CONFIRMED",29.9111886,6.6436,942,50.80,5275.00,0.9690
3559935,"K00492.02","CANDIDATE",265.29617,4.1,608,5.90,5589.00,1.2180
3834360,"K00493.01","FALSE POSITIVE",2.908453928,2.5363,427.5,40.40,5786.00,0.8240
3966801,"K00494.01","CONFIRMED",25.69581456,4.0251,1130.8,45.10,3787.00,0.4770
4049108,"K00495.01","FALSE POSITIVE",4.804469031,3.4587,744.4,67.30,5470.00,0.8090
4454752,"K00496.01","CONFIRMED",1.616883373,1.6325,437.3,43.90,4868.00,1.8160
4757437,"K00497.01","CONFIRMED",13.19322809,5.0036,585.7,50.90,5946.00,1.2230
4757437,"K00497.02","CONFIRMED",4.42535097,3.504,179,22.10,5946.00,1.2230
4833135,"K00498.01","FALSE POSITIVE",8.661374,2.972,160.1,4.70,6250.00,0.9860
4847534,"K00499.01","CONFIRMED",9.66857386,2.4656,411.7,36.90,5288.00,0.8360
4852528,"K00500.01","CONFIRMED",7.053527145,2.3982,1480.1,92.30,4041.00,0.5670
4852528,"K00500.02","CONFIRMED",9.521644639,2.3569,1491.3,79.20,4041.00,0.5670
4852528,"K00500.03","CONFIRMED",3.072146607,1.8732,539,44.90,4041.00,0.5670
4852528,"K00500.04","CONFIRMED",4.645382149,2.0271,565.5,40.40,4041.00,0.5670
4852528,"K00500.05","CONFIRMED",0.986785834,1.1879,450,51.50,4041.00,0.5670
4951877,"K00501.01","CANDIDATE",24.7962801,8.33,574.4,43.60,5770.00,1.1410
5282051,"K00502.01","FALSE POSITIVE",5.91037674,3.421,256.9,34.50,5515.00,0.8670
5340644,"K00503.01","CONFIRMED",8.22241355,2.71,1468.6,67.00,4213.00,0.6150
5461440,"K00504.01","CONFIRMED",40.606895,5.756,657.5,36.30,5538.00,1.0270
5689351,"K00505.01","CONFIRMED",13.76710058,2.9105,684.8,41.60,5001.00,0.7600
5689351,"K00505.02","CONFIRMED",6.1954595,2.952,296.4,27.10,5001.00,0.7600
5689351,"K00505.03","CONFIRMED",3.25058201,2.2537,218.4,24.00,5001.00,0.7600
5689351,"K00505.04","CONFIRMED",8.34819209,2.835,288.9,22.10,5001.00,0.7600
5689351,"K00505.05","CONFIRMED",87.0912594,7,1129.1,41.80,5001.00,0.7600
5780715,"K00506.01","FALSE POSITIVE",1.583160478,1.1935,732.6,97.70,6063.00,1.0120
5812960,"K00507.01","CONFIRMED",18.49234792,3.4744,1655.5,61.40,5289.00,0.8380
6266741,"K00508.01","CONFIRMED",7.930583519,3.6083,826.1,89.90,5674.00,1.0320
6266741,"K00508.02","CONFIRMED",16.6658994,4.1934,754.2,60.80,5674.00,1.0320
6381846,"K00509.01","CONFIRMED",4.16696628,2.7535,877.7,80.10,5456.00,0.9430
6381846,"K00509.02","CONFIRMED",11.46347165,2.599,1048.6,56.50,5456.00,0.9430
6381846,"K00509.03","CONFIRMED",39.6034,6.487,572.7,25.80,5456.00,0.9430
6422155,"K00510.01","CONFIRMED",2.940304817,2.7226,472.4,51.80,5527.00,1.0540
6422155,"K00510.02","CONFIRMED",6.38899658,3.5032,543.3,45.80,5527.00,1.0540
6422155,"K00510.03","CONFIRMED",14.62709685,4.097,396.4,22.70,5527.00,1.0540
6422155,"K00510.04","CONFIRMED",35.1184432,4.59,542.4,20.40,5527.00,1.0540
6451936,"K00511.01","CONFIRMED",8.00579096,3.0549,629.7,69.20,6032.00,0.9350
6451936,"K00511.02","CONFIRMED",4.26374378,2.2725,182,23.80,6032.00,0.9350
6838050,"K00512.01","CONFIRMED",6.51003001,3.3095,602.8,48.10,5638.00,1.1530
6937692,"K00513.01","CONFIRMED",35.18105723,7.545,987.7,63.10,6520.00,1.2150
7602070,"K00514.01","FALSE POSITIVE",11.75560012,4.7,648.8,46.30,5644.00,0.8060
7812179,"K00515.01","FALSE POSITIVE",17.79421914,4.1918,1549.4,111.50,5485.00,0.8050
7840044,"K00516.01","FALSE POSITIVE",13.54204116,3.334,338.7,26.40,5891.00,1.0150
8015907,"K00517.01","CONFIRMED",2.752359689,2.0722,791.9,115.70,5461.00,0.8970
8017703,"K00518.01","CONFIRMED",13.98177862,2.958,1018.4,95.60,4859.00,0.6510
8017703,"K00518.02","CONFIRMED",44.0003975,5.1115,599.6,43.30,4859.00,0.6510
8017703,"K00518.03","CONFIRMED",247.354914,8.677,1291.8,49.00,4859.00,0.6510
8022244,"K00519.01","CONFIRMED",11.90352088,4.297,633,47.20,6063.00,1.0010
8022244,"K00519.02","CONFIRMED",34.0350605,6.695,727.8,41.30,6063.00,1.0010
8037145,"K00520.01","CONFIRMED",12.75934489,3.5889,882.1,70.40,4963.00,0.8260
8037145,"K00520.02","CONFIRMED",5.433132902,2.4012,328.2,33.10,4963.00,0.8260
8037145,"K00520.03","CONFIRMED",25.75274977,2.7678,738.9,36.70,4963.00,0.8260
8037145,"K00520.04","CONFIRMED",51.1658019,4.637,259.2,12.20,4963.00,0.8260
8162789,"K00521.01","CONFIRMED",10.161023528,3.1627,1653.9,111.10,6032.00,1.0600
8162789,"K00521.02","CANDIDATE",10.8206034,2.848,116.7,7.30,6032.00,1.0600
8265218,"K00522.01","CANDIDATE",12.82993461,2.942,1417.4,79.60,5862.00,0.8440
8806123,"K00523.01","CONFIRMED",49.41121127,5.278,3184,125.40,5768.00,1.0150
8806123,"K00523.02","CONFIRMED",36.8567758,7.495,714.1,43.80,5768.00,1.0150
8934495,"K00524.01","CONFIRMED",4.592393816,2.2748,1027.7,105.90,5351.00,0.7960
9119458,"K00525.01","CANDIDATE",11.53029332,1.8385,1209.3,57.60,5770.00,1.1520
9157634,"K00526.01","CONFIRMED",2.104721971,1.7547,905.5,153.30,5703.00,0.9750
9636569,"K00527.01","FALSE POSITIVE",10.63624422,5.055,231.7,24.70,5834.00,0.7740
9941859,"K00528.01","CONFIRMED",9.57665962,3.3603,746.8,82.60,5386.00,1.0760
9941859,"K00528.02","CONFIRMED",96.6781852,5.6957,951.3,44.70,5386.00,1.0760
9941859,"K00528.03","CONFIRMED",20.55280311,2.2013,727.3,42.40,5386.00,1.0760
10068030,"K00529.01","FALSE POSITIVE",2.023123903,1.1829,1288.9,76.00,5559.00,0.8030
10266615,"K00530.01","CONFIRMED",10.94026745,2.3494,538.6,30.60,5749.00,0.8640
10395543,"K00531.01","CANDIDATE",3.687469832,1.0668,5057.6,363.90,4004.00,0.6060
10454313,"K00532.01","CONFIRMED",4.221626193,3.0619,658,83.70,6123.00,0.9870
10513530,"K00533.01","CONFIRMED",16.54967098,4.3808,744.5,46.80,5372.00,0.9160
10513530,"K00533.02","CONFIRMED",3.52467888,2.484,129.7,12.30,5372.00,0.9160
10554999,"K00534.01","CONFIRMED",6.400157105,2.0004,743.2,49.10,5299.00,0.7660
10554999,"K00534.02","CONFIRMED",2.735900074,1.9359,428.9,44.50,5299.00,0.7660
10873260,"K00535.01","CONFIRMED",5.852968845,4.5973,1146.5,152.40,6050.00,1.0130
10965008,"K00536.01","CONFIRMED",81.1701587,8.358,1183.2,51.00,5460.00,1.1650
11073351,"K00537.01","CONFIRMED",2.820190603,2.554,467.5,64.20,5831.00,1.1210
11090765,"K00538.01","CONFIRMED",21.21712312,5.89,636,56.20,6191.00,1.0070
11246364,"K00539.01","FALSE POSITIVE",200,7.27,,,,
11521048,"K00540.01","FALSE POSITIVE",25.70280003,3.1644,5623.8,67.90,5532.00,0.8350
11656721,"K00541.01","CONFIRMED",13.64617478,3.4098,633,43.40,5569.00,0.8290
11669239,"K00542.01","CONFIRMED",41.8854433,6.763,687.4,47.00,5735.00,1.0280
11669239,"K00542.02","CONFIRMED",13.81733587,4.261,223.2,20.40,5735.00,1.0280
11823054,"K00543.01","CONFIRMED",4.302139338,2.0289,747.2,65.50,5041.00,0.8570
11823054,"K00543.02","CONFIRMED",3.137845914,1.91,305.7,30.80,5041.00,0.8570
11913012,"K00544.01","FALSE POSITIVE",3.74782314,5.133,423.4,53.80,6161.00,1.0530
11972666,"K00545.01","FALSE POSITIVE",1.09173174,1.9719,186.9,32.20,5354.00,0.7880
12058931,"K00546.01","CONFIRMED",20.68420772,6.4415,858.5,59.60,6246.00,1.0920
12058931,"K00546.02","CONFIRMED",9.82578495,5.2498,433.3,38.10,6246.00,1.0920
12116489,"K00547.01","CONFIRMED",25.30291816,4.4903,2105.7,117.70,5121.00,0.8880
12116489,"K00547.02","CANDIDATE",7.34672485,2.136,143,10.10,5271.00,0.8210
12116489,"K00547.03","CONFIRMED",12.3860474,2.604,151.3,9.10,5121.00,0.8880
12600735,"K00548.01","CONFIRMED",21.30020491,4.0852,659.8,58.10,6008.00,1.1680
12600735,"K00548.02","CANDIDATE",6.0799457,2.706,55.1,7.30,6008.00,1.1680
3437776,"K00549.01","FALSE POSITIVE",10.29767658,6.649,655.5,57.00,5671.00,1.6080
3437776,"K00549.02","FALSE POSITIVE",0.635587392,4.7,147.7,40.90,5671.00,1.6080
4165473,"K00550.01","CONFIRMED",13.02363236,3.9734,607,50.50,5627.00,0.9450
4270253,"K00551.01","CONFIRMED",11.6370303,3.3372,604.3,36.40,5576.00,1.1980
4270253,"K00551.02","CONFIRMED",5.68798675,2.2682,476.4,33.00,5576.00,1.1980
5122112,"K00552.01","FALSE POSITIVE",3.055171082,1.6798,8665.3,143.20,6237.00,0.9870
5303551,"K00553.01","FALSE POSITIVE",2.399069173,3.2576,286.6,37.80,5654.00,1.0010
5443837,"K00554.01","CANDIDATE",3.65849707,2.573,4398,47.00,5857.00,1.8220
5709725,"K00555.01","CONFIRMED",3.701765401,2.6061,288.3,35.90,5252.00,0.8980
5709725,"K00555.02","CONFIRMED",86.4943704,7.471,995.2,42.60,5252.00,0.8980
5738496,"K00556.01","FALSE POSITIVE",9.50150926,6.852,509.5,34.80,5938.00,0.9080
5774349,"K00557.01","CONFIRMED",15.65563866,3.9305,955.9,53.20,5185.00,0.8370
5978361,"K00558.01","CONFIRMED",9.17858526,2.1945,796.5,50.60,5506.00,0.7880
6422367,"K00559.01","FALSE POSITIVE",4.33144839,2.58,216.4,17.30,5344.00,0.7280
6501635,"K00560.01","CONFIRMED",23.67513153,4.647,980.4,32.60,5309.00,0.7810
6665695,"K00561.01","CONFIRMED",5.378868001,2.7222,483.4,60.60,5077.00,0.7740
6681233,"K00562.01","FALSE POSITIVE",32.63286247,3.08,,,,
6707833,"K00563.01","CONFIRMED",15.28467725,6.0768,321.3,38.10,5763.00,1.3740
6786037,"K00564.01","CONFIRMED",21.05349939,7.1605,496.6,39.10,5751.00,1.2470
6786037,"K00564.02","CONFIRMED",127.905412,14.475,4020.6,171.00,5751.00,1.2470
6786037,"K00564.03","CONFIRMED",6.21716039,4.4289,211.2,25.00,5751.00,1.2470
7025846,"K00565.01","FALSE POSITIVE",2.340523247,3.156,175.4,37.20,6056.00,0.9810
7119481,"K00566.01","CONFIRMED",25.85499978,3.8737,610.5,31.70,6122.00,0.9640
7119481,"K00566.02","CANDIDATE",14.1573717,3.786,130,9.30,6122.00,0.9640
7119481,"K00566.03","CANDIDATE",42.068554,5.723,186.3,9.80,6122.00,0.9640
7445445,"K00567.01","CONFIRMED",10.68758211,3.3812,777.7,78.90,5788.00,0.8480
7445445,"K00567.02","CONFIRMED",20.30303506,4.5038,533.4,44.70,5788.00,0.8480
7445445,"K00567.03","CONFIRMED",29.02235217,4.0263,637.6,41.40,5788.00,0.8480
7595157,"K00568.01","CONFIRMED",3.383540239,1.403,255.7,36.20,5300.00,0.9860
7595157,"K00568.02","CONFIRMED",2.358952404,1.593,94.1,17.30,5300.00,0.9860
8008206,"K00569.01","CONFIRMED",20.72904234,2.8066,561.7,31.60,4979.00,0.8030
8008206,"K00569.02","CONFIRMED",1.632916419,1.5599,209.2,31.00,4979.00,0.8030
8106610,"K00570.01","FALSE POSITIVE",12.39894005,4.262,702.9,50.70,6355.00,1.1080
8120608,"K00571.01","CONFIRMED",7.26731094,2.2691,659.1,47.80,3751.00,0.4430
8120608,"K00571.02","CONFIRMED",13.3430025,2.7399,799.7,47.10,3751.00,0.4430
8120608,"K00571.03","CONFIRMED",3.886795001,1.7574,471.3,41.80,3751.00,0.4430
8120608,"K00571.04","CONFIRMED",22.40777833,3.2881,661.3,33.90,3751.00,0.4430
8120608,"K00571.05","CONFIRMED",129.945392,5.786,500.1,13.10,3751.00,0.4430
8193178,"K00572.01","CONFIRMED",10.64021008,5.4381,455.3,58.60,6112.00,1.2330
8193178,"K00572.02","CONFIRMED",4.93883135,4.388,123.5,21.30,6112.00,1.2330
8344004,"K00573.01","CONFIRMED",5.996533443,3.3129,711.4,70.50,5622.00,1.0890
8344004,"K00573.02","CONFIRMED",2.06190864,1.9743,214,27.90,5622.00,1.0890
8355239,"K00574.01","CONFIRMED",20.13490007,3.7962,1035.2,64.70,4963.00,0.8260
8355239,"K00574.02","CONFIRMED",10.39986173,3.377,275.3,22.80,4963.00,0.8260
8367113,"K00575.01","CONFIRMED",24.31574009,4.1344,643.3,42.50,6242.00,1.0470
8474898,"K00576.01","FALSE POSITIVE",199.443024,7.409,4036,55.10,5646.00,1.1530
8558011,"K00577.01","CONFIRMED",39.6766071,5.04,611.2,24.90,5244.00,0.8880
8558011,"K00577.02","CONFIRMED",0.638162933,1.2313,109.7,17.60,5244.00,0.8880
8565266,"K00578.01","CONFIRMED",6.412512953,5.2677,1156.4,183.10,6026.00,1.1080
8616637,"K00579.01","CONFIRMED",2.019997006,1.8073,332.8,52.10,5103.00,0.7870
8616637,"K00579.02","CONFIRMED",3.763041531,1.6011,354.5,37.90,5103.00,0.7870
8625925,"K00580.01","CONFIRMED",6.521209629,2.7975,760.4,69.80,5822.00,0.8980
8822216,"K00581.01","CONFIRMED",6.996926239,2.7374,1317.4,101.60,5713.00,0.8930
8822216,"K00581.02","CONFIRMED",151.863949,8.577,747,22.50,5713.00,0.8930
9020160,"K00582.01","CONFIRMED",5.945043548,2.7004,800.2,67.60,5105.00,0.8680
9020160,"K00582.02","CONFIRMED",17.73842886,3.0049,605.5,29.80,5105.00,0.8680
9020160,"K00582.03","CONFIRMED",9.93962361,3.432,300.1,21.50,5105.00,0.8680
9076513,"K00583.01","CONFIRMED",2.437029217,3.2005,244,49.00,5573.00,1.3290
9146018,"K00584.01","CONFIRMED",9.9267215,3.8428,725.5,97.30,5475.00,0.9820
9146018,"K00584.02","CONFIRMED",21.22349325,4.9416,582.9,60.20,5475.00,0.9820
9146018,"K00584.03","CONFIRMED",6.47027706,3.343,116.9,18.30,5475.00,0.9820
9279669,"K00585.01","CONFIRMED",3.722158895,1.9941,757.4,70.30,5617.00,0.8060
9570741,"K00586.01","CONFIRMED",15.77980122,4.0369,541.4,39.40,5941.00,0.9110
9607164,"K00587.01","CONFIRMED",14.03490255,3.638,851.8,60.90,5258.00,0.7850
9631762,"K00588.01","CONFIRMED",10.35586478,2.8431,660.9,49.50,4646.00,0.7780
9763754,"K00589.01","FALSE POSITIVE",17.47702,54.52,138.3,2.90,6116.00,0.7820
9782691,"K00590.01","CONFIRMED",11.38840217,3.6949,438,34.70,5876.00,1.4560
9782691,"K00590.02","CONFIRMED",50.6985408,5.972,610.9,30.10,5876.00,1.4560
9886221,"K00591.01","FALSE POSITIVE",2.9926465,1.81,105.9,16.10,5718.00,0.8630
9957627,"K00592.01","CONFIRMED",39.7529915,4.9641,549.3,40.90,6072.00,1.0100
9958962,"K00593.01","CONFIRMED",9.99760285,3.4423,638.7,39.00,6004.00,0.9770
9958962,"K00593.02","CONFIRMED",90.4117992,7.106,1265,35.40,6004.00,0.9770
9958962,"K00593.03","CONFIRMED",51.0674355,4.374,597.5,18.70,6004.00,0.9770
9958962,"K00593.04","CANDIDATE",240.192808,9.72,605.8,12.00,6004.00,0.9770
10216045,"K00594.01","FALSE POSITIVE",16.88954693,3.41,,,,
10294465,"K00595.01","FALSE POSITIVE",199.99763493,3.43,,,,
10388286,"K00596.01","CONFIRMED",1.682695938,1.3867,703.8,75.40,3669.00,0.4700
10600261,"K00597.01","CONFIRMED",17.30795548,5.1126,633,46.40,5565.00,1.4390
10600261,"K00597.02","CONFIRMED",2.09227115,2.4062,207.6,30.00,5565.00,1.4390
10600261,"K00597.03","CONFIRMED",52.8148051,7.309,553.7,27.40,5565.00,1.4390
10656823,"K00598.01","CONFIRMED",8.30783912,3.1516,777.5,66.40,5320.00,0.7860
10656823,"K00598.02","CONFIRMED",34.0963441,3.896,472.7,21.50,5320.00,0.7860
10676824,"K00599.01","CONFIRMED",6.45442931,2.6772,586.1,45.30,6092.00,0.9430
10718726,"K00600.01","CONFIRMED",3.595769013,3.1569,383.7,45.90,5762.00,1.1960
10718726,"K00600.02","CANDIDATE",294.055263,14.32,770,21.10,6108.00,1.0110
10973664,"K00601.01","CONFIRMED",5.40426917,2.5315,860.6,40.50,6122.00,0.9640
10973664,"K00601.02","CONFIRMED",11.67894236,1.2641,1185.1,23.10,6122.00,0.9640
10973664,"K00601.03","CONFIRMED",1.208462378,1.544,227.3,17.40,6122.00,0.9640
12459913,"K00602.01","CONFIRMED",12.91385906,5.3685,487.9,40.50,6253.00,0.9970
2441151,"K00603.01","FALSE POSITIVE",2.192009479,2.9453,1475.6,131.20,5499.00,1.1250
3970233,"K00604.01","FALSE POSITIVE",8.254912972,6.8822,19242.4,438.20,5366.00,0.8350
4832837,"K00605.01","CONFIRMED",2.628117322,1.8289,936.8,98.10,3939.00,0.5570
4832837,"K00605.02","CANDIDATE",5.06546874,2.203,121.1,10.40,3939.00,0.5570
5014753,"K00606.01","FALSE POSITIVE",3.170626881,2.7189,14610,113.20,6068.00,1.0340
5441980,"K00607.01","CANDIDATE",5.89399142,1.2737,10993,252.50,5713.00,0.8930
5562784,"K00608.01","FALSE POSITIVE",25.33709016,9.664,2279.4,120.30,4469.00,0.6350
5608566,"K00609.01","FALSE POSITIVE",4.396999852,1.875,4576.8,63.30,5949.00,1.1560
5686174,"K00610.01","CONFIRMED",14.28228147,2.6588,983.2,44.70,4102.00,0.5950
6309763,"K00611.01","CANDIDATE",3.251659087,1.5286,4747.9,466.20,6367.00,1.0870
6587002,"K00612.01","CONFIRMED",20.73989406,3.1505,616.1,44.20,5132.00,0.7700
6587002,"K00612.02","CONFIRMED",47.4277116,5.2679,820.4,49.90,5132.00,0.7700
6587002,"K00612.03","CONFIRMED",122.0804953,4.054,799.9,23.30,5132.00,0.7700
6960456,"K00613.01","FALSE POSITIVE",5.07442951,4.064,250.2,26.70,5448.00,0.8570
7368664,"K00614.01","CONFIRMED",12.874712426,2.2491,3860.7,218.50,5963.00,1.4240
8374580,"K00615.01","FALSE POSITIVE",176.2432946,5.0423,4981.4,86.60,5559.00,1.2310
9714696,"K00616.01","FALSE POSITIVE",1.433339604,1.3665,305.2,39.60,6077.00,0.9990
9846086,"K00617.01","FALSE POSITIVE",37.86511904,2.9799,6941.7,222.30,5858.00,0.9630
10353968,"K00618.01","CONFIRMED",9.07098164,2.6903,1026.2,59.10,5672.00,0.9290
10384962,"K00619.01","FALSE POSITIVE",2.879243323,2.6273,48050,200.50,5941.00,0.8850
11773022,"K00620.01","CONFIRMED",45.15535633,5.7845,6208.7,285.10,6046.00,0.9720
11773022,"K00620.02","CONFIRMED",130.17802962,8.4534,11570.9,365.20,6046.00,0.9720
11773022,"K00620.03","CONFIRMED",85.3162004,2.7441,1902.6,32.60,6046.00,0.9720
12251650,"K00621.01","CANDIDATE",17.761998411,2.4644,24176.9,731.70,5088.00,0.6690
12417486,"K00622.01","CANDIDATE",155.042265,9.848,4880.9,117.90,4994.00,3.3220
12068975,"K00623.01","CONFIRMED",10.34973276,4.4859,119,44.50,6003.00,1.1090
12068975,"K00623.02","CONFIRMED",15.67750191,5.5082,115.5,39.60,6003.00,1.1090
12068975,"K00623.03","CONFIRMED",5.59931543,3.8944,84.8,41.40,6003.00,1.1090
12068975,"K00623.04","CONFIRMED",25.2100146,6.553,62.1,18.80,6003.00,1.1090
3541946,"K00624.01","CONFIRMED",17.79001678,4.4116,871.4,67.20,5569.00,0.9270
3541946,"K00624.02","CONFIRMED",49.5674085,4.002,730,31.20,5569.00,0.9270
3541946,"K00624.03","CONFIRMED",1.311842968,1.7876,245.1,44.20,5569.00,0.9270
4449034,"K00625.01","FALSE POSITIVE",38.13853099,3.8617,1230.2,58.90,6481.00,2.3430
4478168,"K00626.01","CONFIRMED",14.58649856,4.0249,378.7,53.00,6063.00,1.1910
4478168,"K00626.02","CANDIDATE",8.0292018,3.462,65.6,11.70,6063.00,1.1910
4563268,"K00627.01","CONFIRMED",7.75192755,3.5413,407.3,77.30,5604.00,0.9120
4563268,"K00627.02","CONFIRMED",4.16536757,3.2935,120,30.40,5604.00,0.9120
4644604,"K00628.01","CONFIRMED",14.48584765,3.1365,457.1,52.20,5784.00,1.0850
4656049,"K00629.01","CONFIRMED",40.6992062,7.074,429.9,38.50,6419.00,1.3620
4659405,"K00630.01","FALSE POSITIVE",4.532402495,3.12,339.1,43.10,5575.00,1.1730
4742414,"K00631.01","CONFIRMED",15.458056682,8.79536,4253.2,1055.90,5868.00,1.4070
4827723,"K00632.01","CONFIRMED",7.23858162,3.1199,268.2,41.60,5411.00,0.8310
4841374,"K00633.01","CONFIRMED",161.4746786,10.572,828.2,47.80,5761.00,1.0440
4861736,"K00634.01","FALSE POSITIVE",6.277827312,8.6841,1856.8,191.30,6077.00,0.8910
5020319,"K00635.01","CONFIRMED",16.71987303,3.317,523.1,19.20,6020.00,1.0850
5090690,"K00636.01","FALSE POSITIVE",12.011661094,3.77516,14293.6,1898.40,6753.00,2.3960
5098444,"K00637.01","FALSE POSITIVE",26.94927489,10.6977,19963.9,415.70,4723.00,0.5120
5113822,"K00638.01","CONFIRMED",23.6421965,5.018,1102.2,97.20,5750.00,0.8820
5113822,"K00638.02","CONFIRMED",67.0930642,7.334,1254.2,73.70,5750.00,0.8820
5120087,"K00639.01","CONFIRMED",17.97979816,5.5828,459.1,43.90,6141.00,1.3520
5121511,"K00640.01","CONFIRMED",30.99664113,2.9182,655.3,59.90,5324.00,0.8530
5131180,"K00641.01","CANDIDATE",14.85185526,3.5263,1341,58.30,4129.00,0.6520
5181817,"K00642.01","FALSE POSITIVE",4.350413063,1.7694,192.5,37.80,5978.00,0.8760
5309353,"K00643.01","FALSE POSITIVE",1.376384817,1.745,365.9,47.80,5278.00,0.7460
5356593,"K00644.01","FALSE POSITIVE",45.977861823,7.4493,23886.1,1283.60,5761.00,1.0960
5374854,"K00645.01","CONFIRMED",8.50339249,2.9569,188.9,28.50,5877.00,1.2650
5374854,"K00645.02","CONFIRMED",23.7832097,7.939,256.5,38.30,5877.00,1.2650
5384802,"K00646.01","FALSE POSITIVE",3.041547148,3.22798,20690.7,1670.60,6431.00,1.2950
5531694,"K00647.01","CONFIRMED",5.16949729,4.5122,210.6,66.20,6011.00,1.4090
5531694,"K00647.02","CANDIDATE",8.1134681,4.961,40.5,10.50,6011.00,1.4090
5596440,"K00648.01","CANDIDATE",10.47490332,33.7939,1170.2,150.50,6526.00,3.2320
5613330,"K00649.01","CONFIRMED",23.44970494,8.6567,315.6,67.90,6188.00,1.5240
5613330,"K00649.02","CANDIDATE",10.2090268,6.264,36.7,9.80,6188.00,1.5240
5786676,"K00650.01","CONFIRMED",11.95474513,2.1433,903.4,96.30,5059.00,1.6570
5796186,"K00651.01","FALSE POSITIVE",42.55930625,3.0148,2303.5,60.90,6032.00,0.9240
5796186,"K00651.02","FALSE POSITIVE",320.18471858,11.94,,,,
5796675,"K00652.01","CONFIRMED",16.080657264,2.8701,3076,195.90,5303.00,0.8170
5893123,"K00653.01","FALSE POSITIVE",1.125963085,1.5034,146,43.10,6225.00,1.1160
5941160,"K00654.01","CONFIRMED",8.59481851,3.254,336.5,37.50,5675.00,0.9150
5941160,"K00654.02","CONFIRMED",10.22215697,1.1939,238.2,13.60,5675.00,0.9150
5966154,"K00655.01","CONFIRMED",25.6721559,5.9629,387.1,78.40,6034.00,1.1790
5966154,"K00655.02","CONFIRMED",151.8851881,12.091,360.6,46.30,6034.00,1.1790
5966660,"K00656.01","FALSE POSITIVE",1.906633332,3.0825,268,83.30,6736.00,1.2430
6020753,"K00657.01","CONFIRMED",4.069425638,2.0396,549.1,68.00,4671.00,0.6800
6020753,"K00657.02","CONFIRMED",16.28247625,2.9227,792.6,60.00,4671.00,0.6800
6062088,"K00658.01","CONFIRMED",3.162692075,1.9529,503.7,75.40,5821.00,1.0850
6062088,"K00658.02","CONFIRMED",5.370639542,2.1121,491.3,58.80,5821.00,1.0850
6062088,"K00658.03","CONFIRMED",11.32977062,3.845,162.4,18.50,5821.00,1.0850
6125481,"K00659.01","CONFIRMED",23.20579353,4.3243,342.5,46.90,5460.00,3.2310
6267535,"K00660.01","CONFIRMED",6.07972016,7.1228,290.8,77.90,5460.00,1.3460
6347299,"K00661.01","CONFIRMED",14.40090414,4.1682,379.6,41.10,5815.00,1.1980
6347299,"K00661.02","CONFIRMED",25.6613816,4.459,166.5,14.60,5815.00,1.1980
6365156,"K00662.01","CONFIRMED",10.21418792,5.8201,303.8,78.60,5843.00,1.3320
6425957,"K00663.01","CONFIRMED",2.755637216,1.8559,536.7,99.80,4121.00,0.5530
6425957,"K00663.02","CONFIRMED",20.30652862,2.8014,715.4,60.80,4121.00,0.5530
6442340,"K00664.01","CONFIRMED",13.13747785,4.8655,212.8,43.10,5762.00,1.1430
6442340,"K00664.02","CONFIRMED",7.78199862,3.947,106.9,25.60,5762.00,1.1430
6442340,"K00664.03","CONFIRMED",23.4433748,5.768,85,14.10,5762.00,1.1430
6685609,"K00665.01","CONFIRMED",5.868066282,4.1246,436.5,97.60,5918.00,1.5550
6685609,"K00665.02","CONFIRMED",1.61189046,3.0792,101.1,38.00,5918.00,1.5550
6685609,"K00665.03","CONFIRMED",3.07155284,4.0935,86,27.20,5918.00,1.5550
6707835,"K00666.01","CONFIRMED",22.24814617,4.1483,613.7,74.20,5629.00,0.9430
6752502,"K00667.01","FALSE POSITIVE",4.305219002,2.6845,9738.6,205.80,5780.00,1.0000
6805146,"K00668.01","FALSE POSITIVE",13.779711352,7.63871,25479.1,2013.60,6444.00,2.9470
6960445,"K00669.01","FALSE POSITIVE",5.07437786,5.942,605.7,86.60,5661.00,0.9190
7033671,"K00670.01","CONFIRMED",9.48965527,3.587,262.2,42.50,5672.00,1.2040
7040629,"K00671.01","CONFIRMED",4.22865217,3.3275,150,41.50,5966.00,1.4990
7040629,"K00671.02","CONFIRMED",7.46662068,3.87,120.9,27.40,5966.00,1.4990
7040629,"K00671.03","CONFIRMED",16.25951967,3.854,129.5,19.60,5966.00,1.4990
7040629,"K00671.04","CONFIRMED",11.1317901,4.051,95.5,18.20,5966.00,1.4990
7115785,"K00672.01","CONFIRMED",16.08786246,3.095,612.5,63.70,5506.00,0.9140
7115785,"K00672.02","CONFIRMED",41.74938613,5.6098,1055.4,95.00,5506.00,0.9140
7115785,"K00672.03","FALSE POSITIVE",0.56680081,3.6116,127.7,71.50,5506.00,0.9140
7124613,"K00673.01","CONFIRMED",4.41746257,2.965,291,22.60,6570.00,2.2970
7277317,"K00674.01","CONFIRMED",16.33888067,9.3599,1718.4,201.90,4877.00,2.5950
7385509,"K00675.01","FALSE POSITIVE",1.655467295,3.2424,1059.4,98.70,4583.00,0.6950
7447200,"K00676.01","CONFIRMED",7.972510087,2.9754,3139,206.70,3912.00,0.5330
7447200,"K00676.02","CONFIRMED",2.453236139,1.6691,1723.2,158.00,3912.00,0.5330
7466863,"K00677.01","FALSE POSITIVE",11.9710626,2.7607,421.8,42.60,6312.00,1.4640
7509886,"K00678.01","CONFIRMED",6.0404622,1.98,241,14.90,5297.00,0.8250
7509886,"K00678.02","CONFIRMED",4.13852825,2.281,256.5,20.50,5297.00,0.8250
7515212,"K00679.01","CONFIRMED",31.80475991,8.699,360.6,73.40,5867.00,1.3560
7515212,"K00679.02","CONFIRMED",16.2580276,6.375,47,11.50,5867.00,1.3560
7529266,"K00680.01","CONFIRMED",8.600153929,9.0015,4510.2,1208.10,6093.00,3.9130
7598128,"K00681.01","FALSE POSITIVE",44.258173075,7.58264,20541.7,1282.30,6544.00,2.3260
7619236,"K00682.01","CANDIDATE",562.1725914,9.8841,5877.8,208.40,5589.00,1.2890
7630229,"K00683.01","CANDIDATE",278.1243979,3.978,2297.8,58.50,5799.00,1.0500
7730747,"K00684.01","CANDIDATE",4.034914368,1.7874,800.1,92.60,5548.00,1.7930
7764367,"K00685.01","CONFIRMED",3.173914037,3.6069,303,76.10,6432.00,1.5840
7906882,"K00686.01","CANDIDATE",52.513548727,3.2743,14252.3,825.00,5589.00,0.9800
7976520,"K00687.01","CANDIDATE",4.17838675,2.123,316,15.10,5746.00,1.6870
8161561,"K00688.01","CONFIRMED",3.275821982,3.0427,274.9,64.40,6185.00,1.9720
8361905,"K00689.01","CONFIRMED",15.87360981,3.5246,415.6,38.40,5656.00,0.7370
8409588,"K00690.01","FALSE POSITIVE",1.360834768,1.4886,1570.5,169.80,6215.00,0.8720
8480285,"K00691.01","CONFIRMED",29.66631669,8.412,668,95.30,5956.00,1.0980
8480285,"K00691.02","CONFIRMED",16.2254975,6.471,120.4,20.30,5956.00,1.0980
8557374,"K00692.01","CONFIRMED",2.462344253,1.8113,180.1,42.10,5736.00,1.0080
8557374,"K00692.02","CONFIRMED",4.822969318,0.8752,332.1,36.00,5736.00,1.0080
8738735,"K00693.01","CONFIRMED",28.7796446,8.349,253.2,36.50,6000.00,1.0440
8738735,"K00693.02","CONFIRMED",15.66057688,7.012,384.1,67.50,6000.00,1.0440
8802165,"K00694.01","CONFIRMED",17.42115972,4.9974,928.1,114.30,5679.00,0.9720
8805348,"K00695.01","CONFIRMED",29.90721859,4.8475,588,79.80,5739.00,0.8960
8869680,"K00696.01","FALSE POSITIVE",7.03380109,6.4185,138.5,46.70,6122.00,1.9340
8878187,"K00697.01","CONFIRMED",3.032147946,3.8627,488.6,103.10,5827.00,1.4470
8891278,"K00698.01","FALSE POSITIVE",12.718711489,2.48998,8378.9,550.20,6120.00,1.5960
8908102,"K00699.01","FALSE POSITIVE",5.41460536,33.787,4080.1,294.40,6033.00,2.9430
8962094,"K00700.01","CONFIRMED",30.86436512,2.9557,551.3,51.80,5677.00,0.8280
8962094,"K00700.02","CONFIRMED",9.36059705,3.2069,236.5,42.00,5677.00,0.8280
8962094,"K00700.03","CONFIRMED",14.6672293,3.742,198.1,30.50,5677.00,0.8280
8962094,"K00700.04","CONFIRMED",68.1609897,5.662,295.6,25.00,5677.00,0.8280
9002278,"K00701.01","CONFIRMED",18.16407304,2.9355,943.2,99.70,4926.00,0.6620
9002278,"K00701.02","CONFIRMED",5.71489692,2.3572,425.9,73.00,4926.00,0.6620
9002278,"K00701.03","CONFIRMED",122.3858681,7.123,711.1,46.30,4926.00,0.6620
9002278,"K00701.04","CONFIRMED",267.282521,7.788,471.9,19.30,4926.00,0.6620
9002278,"K00701.05","CONFIRMED",12.4418003,3.572,78.4,11.40,4926.00,0.6620
9053112,"K00702.01","FALSE POSITIVE",1.274840187,14.833,229.2,79.30,5365.00,2.8720
9162741,"K00703.01","FALSE POSITIVE",1.368617188,1.6235,126.9,44.40,6561.00,1.5840
9266431,"K00704.01","CONFIRMED",18.39629744,2.7838,680.2,58.40,5316.00,0.8040
9300285,"K00705.01","FALSE POSITIVE",1.012672041,3.0512,1197.6,237.40,6663.00,1.3380
9426071,"K00706.01","FALSE POSITIVE",28.714216138,6.0624,43701.9,1230.70,6706.00,1.4170
9458613,"K00707.01","CONFIRMED",21.77568158,7.9588,797.9,117.30,5900.00,1.6940
9458613,"K00707.02","CONFIRMED",41.0283424,9.8052,541.4,66.50,5900.00,1.6940
9458613,"K00707.03","CONFIRMED",31.7848157,8.8077,444.5,57.60,5900.00,1.6940
9458613,"K00707.04","CONFIRMED",13.17555999,6.6677,280,48.80,5900.00,1.6940
9458613,"K00707.05","CONFIRMED",5.66815821,4.9064,119.7,27.30,5900.00,1.6940
9530945,"K00708.01","CONFIRMED",17.40665216,6.864,586.9,85.70,6086.00,1.2160
9530945,"K00708.02","CONFIRMED",7.69363627,5.0324,295.1,55.10,6086.00,1.2160
9578686,"K00709.01","CONFIRMED",21.3851584,4.0819,663.9,67.30,5376.00,0.8250
9590976,"K00710.01","CONFIRMED",5.37493289,3.9567,155.8,49.00,6167.00,1.6890
9590976,"K00710.02","CONFIRMED",8.58600968,3.3443,102.1,23.20,6167.00,1.6890
9590976,"K00710.03","CONFIRMED",3.88688862,3.683,58.3,20.80,6167.00,1.6890
9597345,"K00711.01","CONFIRMED",44.6996563,6.2289,837.7,71.30,5497.00,1.0460
9597345,"K00711.02","CONFIRMED",3.619309734,3.0504,206.6,47.40,5497.00,1.0460
9597345,"K00711.03","CONFIRMED",124.5245224,9.654,689.9,47.50,5497.00,1.0460
9640976,"K00712.01","FALSE POSITIVE",2.178150857,1.931,162.5,37.40,5691.00,0.8360
9640985,"K00713.01","FALSE POSITIVE",2.178150567,3.5065,511.3,131.40,6820.00,1.2540
9702072,"K00714.01","CONFIRMED",4.182001885,2.2209,847.4,160.30,5328.00,0.8650
9834719,"K00715.01","FALSE POSITIVE",1.621668852,1.7517,7662,67.80,6106.00,0.9660
9846348,"K00716.01","CANDIDATE",26.89316101,2.3266,2193.2,119.60,6096.00,0.9080
9873254,"K00717.01","CONFIRMED",14.70749512,3.1506,262,36.30,5676.00,1.2800
9873254,"K00717.02","CONFIRMED",0.900375925,1.257,41.4,14.60,5676.00,1.2800
9884104,"K00718.01","CONFIRMED",4.585466941,3.4437,383.5,84.80,5788.00,1.4950
9884104,"K00718.02","CONFIRMED",22.71443351,6.0875,575.1,74.40,5788.00,1.4950
9884104,"K00718.03","CONFIRMED",47.903427,6.191,379.3,34.10,5788.00,1.4950
9950612,"K00719.01","CONFIRMED",9.034190783,1.5501,577.6,82.10,4499.00,0.6390
9950612,"K00719.02","CONFIRMED",28.1224393,4.174,194.3,26.90,4499.00,0.6390
9950612,"K00719.03","CONFIRMED",45.9029768,5.0041,361.8,42.90,4499.00,0.6390
9950612,"K00719.04","CONFIRMED",4.159816554,1.6261,160.3,35.60,4499.00,0.6390
9963524,"K00720.01","CONFIRMED",5.69059163,2.557,1384.3,45.50,5244.00,0.8100
9963524,"K00720.02","CONFIRMED",10.04157214,2.6577,1114,28.10,5244.00,0.8100
9963524,"K00720.03","CONFIRMED",18.36974658,2.939,1143.3,20.10,5244.00,0.8100
9963524,"K00720.04","CONFIRMED",2.79590004,2.056,383.7,16.30,5244.00,0.8100
9964801,"K00721.01","CONFIRMED",13.72462702,6.9758,281.8,50.10,5817.00,1.1710
9965439,"K00722.01","CONFIRMED",46.40626,7.0281,469.1,51.20,6086.00,1.2270
10002866,"K00723.01","CONFIRMED",3.936993144,1.887,1266,59.30,5431.00,0.8430
10002866,"K00723.02","CONFIRMED",28.08185982,4.5288,1840.3,50.80,5431.00,0.8430
10002866,"K00723.03","CONFIRMED",10.08881066,1.7726,1995.9,51.40,5431.00,0.8430
10005020,"K00724.01","FALSE POSITIVE",6.97106919,3.9125,452.8,41.70,5871.00,0.9830
10068383,"K00725.01","FALSE POSITIVE",7.30497811,4.5414,10930,69.60,5247.00,0.7440
10157573,"K00726.01","FALSE POSITIVE",5.115750935,2.5378,1055.8,51.80,6398.00,1.1010
10191070,"K00727.01","FALSE POSITIVE",1.213745575,5.5835,2012.2,213.70,4820.00,0.6610
10221013,"K00728.01","CANDIDATE",7.189379172,2.0351,8126.4,288.50,6214.00,1.0760
10225800,"K00729.01","FALSE POSITIVE",1.423799421,1.4866,2008.4,125.30,5962.00,1.0190
10227020,"K00730.01","CONFIRMED",14.78767172,6.1191,781.8,39.40,5814.00,1.2480
10227020,"K00730.02","CONFIRMED",9.84824649,5.7471,436.7,25.30,5814.00,1.2480
10227020,"K00730.03","CONFIRMED",19.7243672,7.202,577.9,26.00,5814.00,1.2480
10227020,"K00730.04","CONFIRMED",7.38443269,5.7351,349.8,23.70,5814.00,1.2480
10259031,"K00731.01","FALSE POSITIVE",7.06115081,3.547,1526.9,60.40,5795.00,0.8480
10265898,"K00732.01","CONFIRMED",1.260258822,1.8594,1130.7,128.20,5550.00,0.9540
10265898,"K00732.02","CANDIDATE",3.29534567,1.902,141.9,10.40,5550.00,0.9540
10265898,"K00732.03","CONFIRMED",5.25449393,3.078,169,12.60,5550.00,0.9540
10271806,"K00733.01","CONFIRMED",5.924993927,2.8874,1608.1,68.50,5016.00,0.6790
10271806,"K00733.02","CONFIRMED",11.34934848,3.1101,1249.8,41.70,5016.00,0.6790
10271806,"K00733.03","CONFIRMED",3.13295351,2.2207,435.2,23.90,5016.00,0.6790
10271806,"K00733.04","CONFIRMED",18.64349986,1.8491,813.4,16.10,5016.00,0.6790
10272442,"K00734.01","CONFIRMED",24.5434566,7.2518,1151.3,64.50,5955.00,0.9100
10272442,"K00734.02","CANDIDATE",70.2780911,2.466,781.6,14.90,5955.00,0.9100
10287242,"K00735.01","CANDIDATE",22.34213536,6.461,2264.4,51.90,5237.00,0.7070
10340423,"K00736.01","CONFIRMED",18.79418506,3.2906,1529,40.20,4126.00,0.6020
10340423,"K00736.02","CONFIRMED",6.73893544,2.813,601.3,24.20,4126.00,0.6020
10340423,"K00736.03","FALSE POSITIVE",345.98207283,2.97,,,,
10345478,"K00737.01","FALSE POSITIVE",14.49839316,3.7343,3271.1,125.60,5268.00,0.7350
10358759,"K00738.01","CONFIRMED",10.3392408,3.075,1184.6,51.40,5730.00,0.8700
10358759,"K00738.02","CONFIRMED",13.28689997,3.2825,1039.6,41.30,5730.00,0.8700
10386984,"K00739.01","CONFIRMED",1.287076693,1.4942,729.4,65.20,3736.00,0.5250
10395381,"K00740.01","CONFIRMED",17.6717714,3.4202,918.6,36.20,4869.00,0.6870
10418797,"K00741.01","FALSE POSITIVE",23.355341391,4.60672,38524,1144.30,5754.00,0.9050
10419211,"K00742.01","FALSE POSITIVE",11.521446064,3.6399,17984.3,622.10,5795.00,0.8480
10464078,"K00743.01","FALSE POSITIVE",19.40393776,12.2155,8918.7,214.70,5043.00,0.6800
10480982,"K00744.01","FALSE POSITIVE",19.221388942,4.79843,74284,2317.00,6117.00,0.9470
10480982,"K00744.02","FALSE POSITIVE",2.03746414,2.895,138.8,14.10,6117.00,0.9470
10485250,"K00745.01","FALSE POSITIVE",16.46983774,9.4378,10478.9,303.40,5152.00,0.7860
10526549,"K00746.01","CONFIRMED",9.27358173,3.2875,1288.3,87.20,4856.00,0.6960
10583066,"K00747.01","CONFIRMED",6.02930329,1.5821,1912.7,65.40,4537.00,0.6720
10583180,"K00748.01","FALSE POSITIVE",2.696370652,3.6129,397.9,48.20,4989.00,0.8190
10601284,"K00749.01","CONFIRMED",5.349553819,3.0278,831,60.60,5185.00,0.9100
10601284,"K00749.02","CONFIRMED",3.94105221,2.5984,363.3,28.90,5185.00,0.9100
10601284,"K00749.03","CONFIRMED",8.10904807,3.596,217.4,14.10,5185.00,0.9100
10662202,"K00750.01","CONFIRMED",21.67699193,3.4555,857.2,34.30,4954.00,0.8280
10662202,"K00750.02","CANDIDATE",5.04413987,1.623,172,10.20,4954.00,0.8280
10662202,"K00750.03","CANDIDATE",14.516741,2.706,227.2,10.10,4954.00,0.8280
10662202,"K00750.04","FALSE POSITIVE",36.5521313,2.481,282.9,7.70,4722.00,0.5270
10682541,"K00751.01","CONFIRMED",4.99677968,2.1717,934.7,28.20,5339.00,0.8470
10797460,"K00752.01","CONFIRMED",9.48803557,2.9575,615.8,35.80,5455.00,0.9270
10797460,"K00752.02","CONFIRMED",54.4183827,4.507,874.8,25.80,5455.00,0.9270
10811496,"K00753.01","CANDIDATE",19.89913995,1.7822,10829,76.30,5853.00,0.8680
10848459,"K00754.01","FALSE POSITIVE",1.736952453,2.40641,8079.2,505.60,5805.00,0.7910
10854555,"K00755.01","CONFIRMED",2.525591777,1.6545,603.3,40.90,6031.00,1.0460
10872983,"K00756.01","CONFIRMED",11.09432054,4.5945,1517.5,66.50,6046.00,0.9720
10872983,"K00756.02","CONFIRMED",4.13443512,3.1402,686,40.20,6046.00,0.9720
10872983,"K00756.03","CONFIRMED",2.56658897,2.429,226.5,15.00,6046.00,0.9720
10910878,"K00757.01","CONFIRMED",16.06864674,3.5347,4914.3,161.90,5031.00,0.8480
10910878,"K00757.02","CONFIRMED",41.19725502,4.6297,2213.9,51.20,5031.00,0.8480
10910878,"K00757.03","CONFIRMED",6.252962249,2.5819,1036.9,47.10,5031.00,0.8480
10987985,"K00758.01","CONFIRMED",16.01308419,3.2554,1121.9,33.20,5015.00,0.8260
11018648,"K00759.01","CONFIRMED",32.62876672,4.7971,1804.8,80.00,5586.00,0.7980
11018648,"K00759.02","CONFIRMED",91.7732862,6.473,652,19.10,5586.00,0.7980
11138155,"K00760.01","CONFIRMED",4.959319244,2.22739,9802,696.50,5712.00,1.0820
11152159,"K00761.01","FALSE POSITIVE",2.701287801,3.3827,860.4,48.30,5550.00,0.9100
11153539,"K00762.01","CONFIRMED",4.49876511,3.7362,460,29.50,6075.00,0.9690
11242721,"K00763.01","FALSE POSITIVE",19.651209505,5.2514,11766.3,513.40,6074.00,1.0630
11304958,"K00764.01","CONFIRMED",41.43958662,10.5989,2793.1,141.10,5468.00,1.0460
11391957,"K00765.01","CONFIRMED",8.35389523,2.2514,1041.6,43.40,5592.00,0.7870
11403044,"K00766.01","CONFIRMED",4.125543472,3.1744,1487.3,128.60,6174.00,1.1030
11414511,"K00767.01","CONFIRMED",2.816504904,2.50587,16813.7,1406.80,5532.00,0.9550
11442465,"K00768.01","FALSE POSITIVE",33.93373447,14.561,8503.7,236.10,5040.00,0.7050
11460018,"K00769.01","CONFIRMED",4.280963604,2.875,750.8,61.80,5644.00,0.8310
11463211,"K00770.01","FALSE POSITIVE",1.50635409,1.5155,2211.7,181.10,5714.00,0.8310
11465813,"K00771.01","FALSE POSITIVE",670.645531,53.412,18090.6,642.70,5520.00,0.9830
11493732,"K00772.01","FALSE POSITIVE",61.2563628,7.633,5123.3,85.30,6144.00,1.0910
11507101,"K00773.01","CONFIRMED",38.3775486,5.588,724.2,34.70,5481.00,1.0360
11656840,"K00774.01","FALSE POSITIVE",7.442652004,2.3078,24446.2,835.60,6108.00,0.9560
11754553,"K00775.01","CONFIRMED",16.38489988,3.0249,1127.1,28.90,4126.00,0.6150
11754553,"K00775.02","CONFIRMED",7.8774163,2.0805,1306.1,38.70,4126.00,0.6150
11754553,"K00775.03","CONFIRMED",36.4454001,4.007,1122.3,21.70,4126.00,0.6150
11812062,"K00776.01","CONFIRMED",3.728732147,2.683,5226.5,345.20,5497.00,0.8090
11818800,"K00777.01","CANDIDATE",40.4195037,3.362,6256,36.90,5446.00,0.7810
11853255,"K00778.01","CONFIRMED",2.243380573,1.1196,821.7,38.90,4149.00,0.5640
11909839,"K00779.01","FALSE POSITIVE",10.405998015,6.5036,14488.8,745.20,5746.00,0.9240
11918099,"K00780.01","CONFIRMED",2.337437946,1.9982,971.2,82.40,5005.00,0.7650
11918099,"K00780.02","CANDIDATE",7.2406612,0.558,556.4,13.70,5005.00,0.7650
11923270,"K00781.01","CONFIRMED",11.59822233,2.5237,2804.5,71.00,3688.00,0.4730
11960862,"K00782.01","CONFIRMED",6.575315881,4.3084,2793.3,221.10,5992.00,0.9890
12020329,"K00783.01","CONFIRMED",7.275040844,7.5377,3001,312.10,5485.00,0.8670
12066335,"K00784.01","CONFIRMED",19.27153892,2.7594,1219.8,37.10,4077.00,0.5600
12066335,"K00784.02","CONFIRMED",10.06524317,1.369,1053.3,30.30,4077.00,0.5600
12070811,"K00785.01","CONFIRMED",12.3935651,3.8896,916.6,35.80,5557.00,0.7500
12110942,"K00786.01","CONFIRMED",3.689920099,2.6557,426.7,35.60,5880.00,0.9170
12366084,"K00787.01","CONFIRMED",4.431238488,3.15,1010.9,71.10,5714.00,1.0150
12366084,"K00787.02","CONFIRMED",11.37936986,2.6255,1023.5,37.90,5714.00,1.0150
12366084,"K00787.03","CANDIDATE",0.589376952,1.71,80.7,11.40,5714.00,1.0150
12404086,"K00788.01","CONFIRMED",26.39432897,3.573,1510.9,48.20,5129.00,0.7630
12459725,"K00789.01","FALSE POSITIVE",14.1798187,2.505,459.9,11.20,5799.00,0.8780
12470844,"K00790.01","CONFIRMED",8.47237911,2.7245,1123.5,47.60,5354.00,0.7880
12470844,"K00790.02","CONFIRMED",60.4189369,5.039,931.3,20.10,5354.00,0.7880
12644822,"K00791.01","CONFIRMED",12.611904345,5.1497,6105.6,277.20,5795.00,0.9190
2440757,"K00792.01","FALSE POSITIVE",1.433769925,1.8868,1976.3,112.60,6017.00,1.3390
2445129,"K00793.01","FALSE POSITIVE",10.31872301,3.836,871.7,38.20,5927.00,1.0600
2713049,"K00794.01","CONFIRMED",2.539183147,2.4282,382.1,38.90,5519.00,1.0620
3114167,"K00795.01","CONFIRMED",6.770300385,2.0844,1304,50.80,5653.00,0.6790
3114661,"K00796.01","FALSE POSITIVE",0.444291966,2.0792,10967.4,299.70,5255.00,0.6360
3115833,"K00797.01","CANDIDATE",10.181584004,3.5089,5741.1,183.60,5988.00,0.8360
3120431,"K00798.01","FALSE POSITIVE",3.341913228,3.813,725.3,39.00,5295.00,0.8110
3246984,"K00799.01","FALSE POSITIVE",1.626630225,2.1145,1620.6,103.60,5735.00,0.9730
3342970,"K00800.01","CONFIRMED",2.711504086,3.0099,837.5,64.50,6214.00,1.0760
3342970,"K00800.02","CONFIRMED",7.21203748,4.0491,950.4,51.50,6214.00,1.0760
3351888,"K00801.01","CONFIRMED",1.625522174,2.38963,7969,799.70,5539.00,1.1060
3453214,"K00802.01","CANDIDATE",19.620346923,2.0038,21724.6,340.50,5710.00,0.9050
3554600,"K00803.01","FALSE POSITIVE",7.544039,6.222,322.6,14.20,5657.00,0.8240
3641726,"K00804.01","CONFIRMED",9.02930689,3.1449,1019.8,53.90,5349.00,0.8200
3734868,"K00805.01","FALSE POSITIVE",10.328035714,7.7915,16917.7,636.80,5627.00,1.0240
3832474,"K00806.01","CONFIRMED",143.2063047,8.9302,10565.7,138.80,5485.00,0.8670
3832474,"K00806.02","CONFIRMED",60.32494216,6.6188,20280.4,347.20,5485.00,0.8670
3832474,"K00806.03","CONFIRMED",29.1598615,4.803,488,11.60,5485.00,0.8670
3832474,"K00806.04","FALSE POSITIVE",381.850599,4.772,1702,13.80,5485.00,0.8670
3832474,"K00806.05","FALSE POSITIVE",412.041857,5.572,1959,12.30,5485.00,0.8670
3836375,"K00807.01","FALSE POSITIVE",1.540397253,2.1541,816.1,38.80,5663.00,0.9150
3838486,"K00808.01","FALSE POSITIVE",2.99025443,5.414,589.2,48.50,4667.00,0.7310
3935914,"K00809.01","CONFIRMED",1.594745374,1.9604,15044.5,1009.30,5934.00,0.8930
3940418,"K00810.01","CONFIRMED",4.783002698,2.335,1008.7,70.60,5170.00,0.8070
4049131,"K00811.01","CONFIRMED",20.50588921,4.0595,2105.5,78.50,4905.00,0.7610
4139816,"K00812.01","CONFIRMED",3.340218842,1.9104,1632.6,71.60,3950.00,0.4930
4139816,"K00812.02","CONFIRMED",20.06036336,3.3203,1494.7,35.20,3950.00,0.4930
4139816,"K00812.03","CONFIRMED",46.1842039,4.758,1394.7,26.00,3950.00,0.4930
4139816,"K00812.04","CONFIRMED",7.82502168,2.186,520.8,15.90,3950.00,0.4930
4275191,"K00813.01","CONFIRMED",3.895936525,2.3111,8544.8,370.80,5557.00,0.7740
4476123,"K00814.01","CONFIRMED",22.36646466,5.228,986.8,32.10,5395.00,0.7340
4544670,"K00815.01","CANDIDATE",34.84398644,2.9315,4523.6,76.80,5509.00,0.8710
4664847,"K00816.01","CONFIRMED",7.748094239,3.5957,2472.1,113.20,5973.00,1.0850
4725681,"K00817.01","CONFIRMED",23.96793669,3.827,1182.3,27.50,3747.00,0.5240
4725681,"K00817.02","CONFIRMED",8.29561738,1.3421,824.3,17.90,3747.00,0.5240
4913852,"K00818.01","CONFIRMED",8.11437482,2.2736,1558,56.40,3692.00,0.5170
4932348,"K00819.01","FALSE POSITIVE",38.036729482,4.34617,82871.6,1300.00,5575.00,0.9320
4936180,"K00820.01","CANDIDATE",4.64090031,35.512,2450.6,296.90,6463.00,0.8260
5021899,"K00821.01","CONFIRMED",21.81295996,4.3791,1175.4,37.80,5601.00,0.9990
5077629,"K00822.01","FALSE POSITIVE",7.91936937,3.3148,15148.1,389.00,5690.00,0.7760
5115978,"K00823.01","CANDIDATE",1.028436523,1.8606,8098,89.60,6228.00,0.9900
5164255,"K00824.01","CONFIRMED",15.37562369,3.3169,15337,166.00,4986.00,0.8330
5252423,"K00825.01","CONFIRMED",8.10363271,3.161,887.9,39.30,4861.00,0.7320
5252423,"K00825.02","CONFIRMED",4.71510843,2.506,417.5,21.30,4861.00,0.7320
5272878,"K00826.01","CONFIRMED",6.365839713,2.9721,780.7,70.80,5776.00,0.8490
5283542,"K00827.01","FALSE POSITIVE",5.97581754,3.065,962.4,50.30,6108.00,0.9970
5287983,"K00828.01","FALSE POSITIVE",2.507089906,2.0067,1339.2,64.90,5926.00,0.9390
5358241,"K00829.01","CONFIRMED",18.64932728,4.4056,893.6,46.10,5775.00,1.0530
5358241,"K00829.02","CONFIRMED",9.75192101,4.793,418,28.50,5775.00,1.0530
5358241,"K00829.03","CONFIRMED",38.5576546,5.794,993,39.70,5775.00,1.0530
5358624,"K00830.01","CONFIRMED",3.525632539,2.59959,22335,1996.70,5150.00,0.7930
5370302,"K00831.01","FALSE POSITIVE",3.9043425,3.831,16228.4,323.40,5810.00,0.8980
5372966,"K00832.01","FALSE POSITIVE",9.286358079,3.49949,44791.4,1671.10,5670.00,0.8210
5376067,"K00833.01","FALSE POSITIVE",3.951405455,2.1862,2453.9,117.20,6046.00,0.8690
5436502,"K00834.01","CONFIRMED",23.65369415,8.2183,3341.8,266.30,5739.00,1.3840
5436502,"K00834.02","CONFIRMED",13.23352214,6.7372,504.6,49.10,5739.00,1.3840
5436502,"K00834.03","CONFIRMED",6.15560285,4.9843,285,35.10,5739.00,1.3840
5436502,"K00834.04","CONFIRMED",2.090811305,3.388,115.9,19.90,5739.00,1.3840
5436502,"K00834.05","CONFIRMED",50.4467417,7.159,370.3,19.40,5739.00,1.3840
5456651,"K00835.01","CONFIRMED",11.76307164,2.9076,1037.3,48.90,4959.00,0.7560
5456651,"K00835.02","CONFIRMED",56.2279271,3.57,862.7,20.90,4959.00,0.7560
5481416,"K00836.01","FALSE POSITIVE",2.384052875,3.0918,1268.1,50.50,4794.00,0.7010
5531576,"K00837.01","CONFIRMED",7.953547,2.6312,875.4,38.40,4768.00,0.7790
5531576,"K00837.02","CONFIRMED",4.14451656,2.3421,391.8,22.80,4768.00,0.7790
5534814,"K00838.01","FALSE POSITIVE",4.859386384,2.2757,6044.3,269.70,6072.00,0.9880
5649215,"K00839.01","FALSE POSITIVE",2.446737317,4.7211,1177.9,110.20,5764.00,0.8630
5651104,"K00840.01","CONFIRMED",3.04033046,1.8411,10858.8,568.20,5035.00,0.7910
5792202,"K00841.01","CONFIRMED",15.33528675,3.897,3081.4,86.60,5251.00,0.8170
5792202,"K00841.02","CONFIRMED",31.33046135,5.176,5073.8,117.20,5251.00,0.8170
5792202,"K00841.03","CONFIRMED",6.54626149,2.75,655.9,24.80,5251.00,0.8170
5792202,"K00841.04","CANDIDATE",269.306232,14.931,1708,18.10,5251.00,0.8170
5792202,"K00841.05","CANDIDATE",499.47338,12.248,1662,15.70,5251.00,0.8170
5794379,"K00842.01","CONFIRMED",12.71809866,3.0957,1149.4,52.70,4702.00,0.6860
5794379,"K00842.02","CONFIRMED",36.06588163,4.3246,1563.8,51.70,4702.00,0.6860
5881688,"K00843.01","CONFIRMED",4.190425659,2.8589,2877.4,240.60,6073.00,1.1350
6022556,"K00844.01","CONFIRMED",3.709870784,3.0694,2020.3,116.10,5727.00,0.9780
6032497,"K00845.01","CONFIRMED",16.3297527,6.271,1187.5,74.60,5878.00,0.9870
6061119,"K00846.01","CONFIRMED",27.807566216,4.21587,25391.1,748.10,5862.00,0.7850
6191521,"K00847.01","CONFIRMED",80.8723469,11.195,3604.6,160.90,5510.00,1.2380
6267425,"K00848.01","FALSE POSITIVE",3.166465862,2.9381,4357.2,122.10,4968.00,0.7040
6276477,"K00849.01","CONFIRMED",10.35533116,3.1775,750.6,49.20,5501.00,0.9180
6291653,"K00850.01","CONFIRMED",10.526294577,2.5211,9768,482.30,5386.00,0.7930
6392727,"K00851.01","CONFIRMED",4.583520948,2.7055,3812.1,99.50,5815.00,0.8770
6422070,"K00852.01","CONFIRMED",3.76181843,3.5176,510.6,35.90,5653.00,0.9490
6428700,"K00853.01","CONFIRMED",8.20396958,2.9667,1024.4,54.40,5015.00,0.8260
6428700,"K00853.02","CONFIRMED",14.49645186,4.016,647.5,25.70,5015.00,0.8260
6435936,"K00854.01","CONFIRMED",56.0560754,4.685,1626,27.40,3593.00,0.4910
6522242,"K00855.01","CONFIRMED",41.408316686,5.0264,22838.9,907.80,5522.00,0.7470
6526710,"K00856.01","CANDIDATE",39.74893077,7.3051,15178.9,561.10,6122.00,0.9640
6587280,"K00857.01","CONFIRMED",5.715425977,2.5242,908.1,59.40,5237.00,0.8260
6587280,"K00857.02","CONFIRMED",20.0261412,1.611,421.2,10.70,5237.00,0.8260
6599919,"K00858.01","CANDIDATE",13.61014819,2.594,5732.9,184.10,5697.00,0.9030
6675056,"K00859.01","FALSE POSITIVE",10.44331991,2.743,1159.8,51.70,4947.00,0.8020
6680177,"K00860.01","FALSE POSITIVE",16.61474421,2.77,,,,
6685526,"K00861.01","CONFIRMED",2.237489571,1.8119,315.8,30.70,5265.00,0.8100
6756669,"K00862.01","FALSE POSITIVE",5.851520671,3.11058,33003.6,1630.40,5532.00,0.8060
6784235,"K00863.01","CONFIRMED",3.167893418,2.1814,781.2,64.80,5895.00,0.9400
6849310,"K00864.01","CONFIRMED",4.311780262,2.7251,1154,86.10,5527.00,0.9270
6849310,"K00864.02","CONFIRMED",20.0504494,4.556,840.9,37.80,5527.00,0.9270
6849310,"K00864.03","CONFIRMED",9.76734503,1.6585,569.1,21.10,5527.00,0.9270
6862328,"K00865.01","CANDIDATE",119.0207044,8.1405,7430.5,223.50,5453.00,1.0620
6862603,"K00866.01","FALSE POSITIVE",2.861159894,1.8832,1014.3,58.30,6126.00,1.0210
6863998,"K00867.01","CONFIRMED",16.08518937,3.984,1442.4,62.60,5239.00,0.8260
6867155,"K00868.01","CANDIDATE",235.9986399,8.2284,20714.6,271.80,4245.00,0.6570
6948054,"K00869.01","CONFIRMED",7.49018305,2.7297,1123.6,53.00,5103.00,0.7870
6948054,"K00869.02","CONFIRMED",36.2761238,4.7865,1572.6,45.50,5103.00,0.7870
6948054,"K00869.03","CONFIRMED",17.46087931,2.2641,812.4,22.60,5103.00,0.7870
6948054,"K00869.04","CONFIRMED",3.219814777,2.0642,488.2,30.50,5103.00,0.7870
6949607,"K00870.01","CONFIRMED",5.912273234,2.3254,961.4,62.80,4072.00,0.5700
6949607,"K00870.02","CONFIRMED",8.98581901,2.8606,881.3,51.80,4072.00,0.5700
7031517,"K00871.01","CANDIDATE",12.940668656,2.4845,42450,307.50,5875.00,0.8090
7109675,"K00872.01","CONFIRMED",33.60123371,4.4056,7425.9,247.90,5149.00,0.9300
7109675,"K00872.02","CONFIRMED",6.76652928,2.9004,450.7,29.20,5149.00,0.9300
7118364,"K00873.01","CONFIRMED",4.347288783,2.1024,451.6,39.70,5754.00,1.1220
7134976,"K00874.01","CONFIRMED",4.601811819,2.2607,755.9,60.80,4986.00,0.8330
7134976,"K00874.02","CONFIRMED",11.18719905,3.252,353.6,21.90,4986.00,0.8330
7135852,"K00875.01","CONFIRMED",4.220965778,3.0854,2260,157.80,3837.00,0.5170
7270230,"K00876.01","FALSE POSITIVE",6.998099523,2.0488,20285,192.30,5612.00,0.8290
7287995,"K00877.01","CONFIRMED",5.95489993,2.3892,1410.7,87.20,4261.00,0.6330
7287995,"K00877.02","CONFIRMED",12.03987488,2.7363,1250.6,57.60,4261.00,0.6330
7287995,"K00877.03","CONFIRMED",20.83762895,2.3734,439,14.90,4261.00,0.6330
7303253,"K00878.01","CONFIRMED",23.58917143,5.073,1200.7,53.30,4919.00,0.7210
7351237,"K00879.01","FALSE POSITIVE",25.64384513,5.05,,,,
7366258,"K00880.01","CONFIRMED",26.44439337,3.9783,1843.5,88.00,5427.00,0.9290
7366258,"K00880.02","CONFIRMED",51.53997972,6.3994,3644.3,155.50,5427.00,0.9290
7366258,"K00880.03","CONFIRMED",5.902245782,2.9003,702.3,59.30,5427.00,0.9290
7366258,"K00880.04","CONFIRMED",2.382951591,1.8876,391.6,41.40,5427.00,0.9290
7373451,"K00881.01","CONFIRMED",21.02250608,4.1072,1772.5,62.40,5067.00,0.7500
7373451,"K00881.02","CONFIRMED",226.8904775,7.558,3136.4,46.80,5067.00,0.7500
7377033,"K00882.01","FALSE POSITIVE",1.956811408,2.1958,24905,125.40,5209.00,0.6030
7380537,"K00883.01","CANDIDATE",2.688899233,2.11275,37491.6,1011.60,4820.00,0.6390
7434875,"K00884.01","CONFIRMED",9.439459486,2.8979,3036.1,175.20,5097.00,0.7790
7434875,"K00884.02","CONFIRMED",20.47748843,2.8364,1382.4,52.70,5097.00,0.7790
7434875,"K00884.03","CONFIRMED",3.336123113,1.9616,516.3,41.60,5097.00,0.7790
7436215,"K00885.01","FALSE POSITIVE",25.58546721,2.28,,,,
7455287,"K00886.01","CONFIRMED",8.01078456,2.312,1333.6,48.50,3713.00,0.4700
7455287,"K00886.02","CONFIRMED",12.07134205,4.3224,759.2,31.00,3713.00,0.4700
7455287,"K00886.03","CONFIRMED",20.99587872,2.6333,767.3,18.20,3713.00,0.4700
7458762,"K00887.01","CONFIRMED",7.41113177,2.5242,620.5,50.40,5849.00,0.9190
7552344,"K00888.01","FALSE POSITIVE",1.000747038,0.9967,1823.5,147.40,5472.00,0.7900
757450,"K00889.01","CONFIRMED",8.884922995,2.07004,16053.4,388.20,5332.00,0.8430
7585481,"K00890.01","CONFIRMED",8.09888906,4.20241,6911.1,435.90,6214.00,1.0760
7663691,"K00891.01","CONFIRMED",10.00653012,5.344,936.1,71.90,6063.00,1.0010
7678434,"K00892.01","CONFIRMED",10.37168928,3.035,1254.9,64.50,5121.00,0.8880
7678434,"K00892.02","CONFIRMED",3.96996298,1.1757,299.2,15.00,5121.00,0.8880
7685981,"K00893.01","CONFIRMED",4.40841331,5.012,549.4,45.10,6007.00,0.9610
7708215,"K00894.01","FALSE POSITIVE",7.9426176,6.703,1590.7,60.40,5811.00,0.9260
7767559,"K00895.01","FALSE POSITIVE",4.409409243,3.8636,12861,85.80,5600.00,0.9750
7825899,"K00896.01","CONFIRMED",16.23947096,4.0374,2590.7,123.80,5191.00,0.8370
7825899,"K00896.02","CONFIRMED",6.308201629,2.9785,1328.5,86.20,5191.00,0.8370
7825899,"K00896.03","CANDIDATE",28.8672107,3.782,347.1,12.00,5191.00,0.8370
7849854,"K00897.01","CONFIRMED",2.052349884,2.0778,14280.6,1072.10,5855.00,1.0800
7870390,"K00898.01","CONFIRMED",9.7704486,2.4517,1897.8,58.00,3906.00,0.5090
7870390,"K00898.02","CONFIRMED",5.169804269,2.153,1037.4,41.40,3906.00,0.5090
7870390,"K00898.03","CONFIRMED",20.09017037,4.154,1432.1,36.90,3906.00,0.5090
7907423,"K00899.01","CONFIRMED",7.11373257,2.1764,807.6,44.40,3561.00,0.4110
7907423,"K00899.02","CONFIRMED",3.306551643,1.8177,509.2,37.80,3561.00,0.4110
7907423,"K00899.03","CONFIRMED",15.36845737,2.4714,756.1,30.90,3561.00,0.4110
7938496,"K00900.01","CONFIRMED",13.81020318,3.048,1309.7,46.20,5942.00,1.1420
8013419,"K00901.01","CANDIDATE",12.732624065,2.2083,6465.7,210.50,3950.00,0.5410
8018547,"K00902.01","CANDIDATE",83.92494032,6.7904,7958.7,182.10,3960.00,0.5090
8039892,"K00903.01","CONFIRMED",5.007316661,4.2362,6932.3,431.40,5865.00,0.8270
8150320,"K00904.01","CONFIRMED",2.211116989,1.6485,724.2,42.60,4500.00,0.6460
8150320,"K00904.02","CONFIRMED",27.9541337,3.95,942.5,25.40,4500.00,0.6460
8150320,"K00904.03","CONFIRMED",42.1406089,5.083,895.5,21.60,4500.00,0.6460
8150320,"K00904.04","CONFIRMED",4.617490562,2.2618,575.8,28.10,4500.00,0.6460
8150320,"K00904.05","CONFIRMED",10.19849255,2.4283,634.1,21.40,4500.00,0.6460
8180063,"K00905.01","FALSE POSITIVE",5.795063956,3.2496,1692.9,119.40,5865.00,0.8270
8226994,"K00906.01","CONFIRMED",7.15681552,2.5882,867,47.70,5029.00,0.8380
8226994,"K00906.02","CONFIRMED",17.64830851,2.0873,763.3,23.80,5029.00,0.8380
8226994,"K00906.03","CONFIRMED",4.14810719,2.535,175.2,12.90,5029.00,0.8380
8247638,"K00907.01","CONFIRMED",16.51410989,4.1575,973.5,55.90,5527.00,0.8660
8247638,"K00907.02","CONFIRMED",30.1329298,5.172,1015.8,44.80,5527.00,0.8660
8247638,"K00907.03","CONFIRMED",4.79090809,2.603,251.3,21.20,5527.00,0.8660
8247638,"K00907.04","CONFIRMED",99.6415962,4.448,952.5,22.70,5527.00,0.8660
8255887,"K00908.01","CONFIRMED",4.708326451,3.16114,7912.7,633.40,5560.00,1.2100
8256049,"K00909.01","FALSE POSITIVE",16.37198661,3.8449,4147.6,54.50,4187.00,0.5920
8414716,"K00910.01","CONFIRMED",5.392026903,2.9804,1151.4,77.40,5198.00,0.8010
8490993,"K00911.01","CONFIRMED",4.093578461,2.5833,538.6,36.40,6077.00,0.9990
8490993,"K00911.02","CONFIRMED",105.145959,8.593,685.4,15.40,6077.00,0.9990
8505670,"K00912.01","CONFIRMED",10.8484518,2.9993,1675.6,64.50,4201.00,0.5910
8505670,"K00912.02","CONFIRMED",6.66833241,1.915,362.3,14.20,4201.00,0.5910
8544996,"K00913.01","CONFIRMED",4.082274889,3.23015,17859.2,1669.10,5655.00,0.7940
8552202,"K00914.01","CANDIDATE",3.886655224,3.1646,581.6,48.10,5662.00,0.7380
8605074,"K00915.01","FALSE POSITIVE",37.601661282,8.30604,59130.1,1667.30,6140.00,1.0960
8628973,"K00916.01","CONFIRMED",3.314947362,1.8007,1398.2,123.50,5609.00,0.9440
8655354,"K00917.01","FALSE POSITIVE",6.71969089,3.0231,969.7,45.40,5931.00,0.8660
8672910,"K00918.01","CONFIRMED",39.6431552,6.5292,15663.8,690.30,5231.00,0.9000
8672910,"K00918.02","FALSE POSITIVE",5.71489488,2.0705,292.5,21.20,5552.00,0.8330
8686150,"K00919.01","FALSE POSITIVE",51.42598578,16.9422,66067.7,1843.80,6257.00,1.1470
8689031,"K00920.01","CONFIRMED",21.80451611,3.4097,1144.9,49.90,5481.00,0.7080
8689373,"K00921.01","CONFIRMED",10.28194593,3.4366,1110.7,55.00,5196.00,0.7750
8689373,"K00921.02","CONFIRMED",18.11993039,4.2309,1506.9,60.70,5196.00,0.7750
8689373,"K00921.03","CONFIRMED",3.78402867,1.9012,426.1,25.60,5196.00,0.7750
8826878,"K00922.01","CONFIRMED",5.15448142,3.228,697.5,48.10,5431.00,0.8840
8883593,"K00923.01","CONFIRMED",5.743469797,3.4412,1240.2,79.70,5897.00,0.8910
8951215,"K00924.01","CANDIDATE",39.4759093,2.968,1012.6,26.60,6225.00,1.0310
9016295,"K00925.01","FALSE POSITIVE",19.974485239,4.23479,40293.1,1398.80,6108.00,0.9970
9077124,"K00926.01","CONFIRMED",3.166353562,3.3129,1473.4,128.30,6007.00,0.9980
9097120,"K00927.01","FALSE POSITIVE",23.899634407,3.81881,20953.1,547.80,6192.00,0.9240
9140402,"K00928.01","CANDIDATE",2.494170338,1.1221,863.7,69.20,5569.00,0.8290
9141746,"K00929.01","CONFIRMED",6.491682808,4.301,7163.3,502.30,6123.00,1.1070
9141746,"K00929.02","CONFIRMED",2.85188338,2.666,114.9,10.10,6123.00,1.1070
9159275,"K00930.01","FALSE POSITIVE",3.044770796,10.0134,1695,203.50,5525.00,0.7530
9166862,"K00931.01","CONFIRMED",3.855603916,3.2179,16652.7,1173.90,6033.00,1.0460
9166870,"K00932.01","FALSE POSITIVE",3.855599139,3.183,1030.9,90.10,5936.00,0.9650
9171801,"K00933.01","FALSE POSITIVE",3.187067566,3.119,1037.4,37.20,5450.00,0.8110
9334289,"K00934.01","CONFIRMED",5.826657508,2.9183,1539.1,81.10,5561.00,1.0600
9334289,"K00934.02","CONFIRMED",12.41216347,3.739,611.3,25.60,5561.00,1.0600
9334289,"K00934.03","CONFIRMED",18.74649011,3.895,796.8,26.70,5561.00,1.0600
9347899,"K00935.01","CONFIRMED",20.86021229,5.1937,1910.5,117.00,6035.00,1.2570
9347899,"K00935.02","CONFIRMED",42.63427848,6.1998,1719.3,78.70,6035.00,1.2570
9347899,"K00935.03","CONFIRMED",87.6476068,8.871,1009.6,37.50,6035.00,1.2570
9347899,"K00935.04","CANDIDATE",9.61731426,3.8692,234,18.20,6035.00,1.2570
9388479,"K00936.01","CONFIRMED",9.467821474,2.4327,2237,124.70,3582.00,0.4580
9388479,"K00936.02","CONFIRMED",0.893040969,1.0981,741.7,87.80,3582.00,0.4580
9406990,"K00937.01","CONFIRMED",20.83426731,4.0454,988.4,45.10,5537.00,0.8800
9415172,"K00938.01","CONFIRMED",9.94602357,3.3862,994.5,51.00,5344.00,1.0130
9415172,"K00938.02","CONFIRMED",1.04562195,1.8955,213,25.30,5344.00,1.0130
9415172,"K00938.03","CONFIRMED",5.71462396,2.336,297.8,16.70,5344.00,1.0130
9466668,"K00939.01","CONFIRMED",3.388012244,2.6849,280.1,30.60,5553.00,1.2500
9466668,"K00939.02","CONFIRMED",5.83909761,3.1915,273.6,25.20,5553.00,1.2500
9466668,"K00939.03","CONFIRMED",1.620467654,2.1888,159.6,22.70,5553.00,1.2500
9466668,"K00939.04","CONFIRMED",10.6816951,3.605,307.8,21.90,5553.00,1.2500
9479273,"K00940.01","CONFIRMED",6.104849417,4.6912,2090.3,293.70,5085.00,0.7120
9480189,"K00941.01","CONFIRMED",6.581477136,3.0896,2318.9,116.20,5188.00,0.9730
9480189,"K00941.02","CONFIRMED",2.382652873,1.8888,705.4,45.50,5188.00,0.9730
9480189,"K00941.03","CONFIRMED",24.66461416,2.8579,2398.8,56.70,5188.00,0.9730
9512687,"K00942.01","CONFIRMED",11.51517167,2.006,1357.4,53.20,5177.00,0.7980
9513865,"K00943.01","CONFIRMED",3.601465336,2.2753,777.7,50.70,5052.00,0.8550
9595686,"K00944.01","FALSE POSITIVE",3.108251172,2.5048,1867.7,156.50,5330.00,0.8470
9605514,"K00945.01","CONFIRMED",25.8474958,5.985,537.4,27.30,6297.00,1.0310
9605514,"K00945.02","CONFIRMED",40.715561,6.894,680.9,28.90,6297.00,1.0310
9605514,"K00945.03","CANDIDATE",66.789347,4.08,358.5,9.50,6297.00,1.0310
9661877,"K00946.01","FALSE POSITIVE",20.42720701,3.447,1273,36.70,6014.00,0.9580
9710326,"K00947.01","CONFIRMED",28.59914031,3.6567,1585.1,53.80,3755.00,0.4610
9761882,"K00948.01","CONFIRMED",24.58716355,3.984,907.5,35.60,5474.00,0.7490
9766437,"K00949.01","CONFIRMED",12.53248222,4.0168,1145.9,66.70,5997.00,0.9040
9772531,"K00950.01","CANDIDATE",31.201692472,2.15663,34513.7,607.40,3748.00,0.4490
9775938,"K00951.01","CONFIRMED",13.19720694,3.4872,2141.4,116.20,4954.00,0.8850
9775938,"K00951.02","CONFIRMED",33.6528474,3.9616,1140.8,41.90,4954.00,0.8850
9787239,"K00952.01","CONFIRMED",5.90127815,2.1979,1525.2,56.60,3731.00,0.4980
9787239,"K00952.02","CONFIRMED",8.75209691,2.3742,1367.6,44.80,3731.00,0.4980
9787239,"K00952.03","CONFIRMED",22.78078241,3.3002,1925.1,46.40,3731.00,0.4980
9787239,"K00952.04","CONFIRMED",2.896005211,1.6776,614.1,28.60,3731.00,0.4980
9787239,"K00952.05","CONFIRMED",0.742957911,0.6688,843.3,45.30,3731.00,0.4980
9820483,"K00953.01","CONFIRMED",3.584101048,2.7316,2608.1,166.30,5739.00,0.9220
9823457,"K00954.01","CONFIRMED",8.11528727,3.211,834.9,59.10,5926.00,0.8870
9823457,"K00954.02","CONFIRMED",36.9250409,4.9381,902,39.30,5926.00,0.8870
9825625,"K00955.01","CONFIRMED",7.03902016,3.8633,529.8,54.30,6321.00,1.0580
9875711,"K00956.01","CONFIRMED",8.360870704,2.7144,2039.7,120.90,4743.00,0.8100
7661409,"K00957.01","FALSE POSITIVE",3.14051153,8.2806,1444.4,139.50,6108.00,0.9740
1026957,"K00958.01","CONFIRMED",21.76129812,1.243,1300.7,60.00,4859.00,0.7200
10002261,"K00959.01","FALSE POSITIVE",12.713794177,2.44093,36718.7,2981.30,2661.00,0.1160
8176650,"K00960.01","FALSE POSITIVE",15.801100028,6.37505,37545,1642.20,5383.00,0.7890
8561063,"K00961.01","CONFIRMED",1.213770423,0.5532,1821,111.40,3292.00,0.1480
8561063,"K00961.02","CONFIRMED",0.453287416,0.4445,1461.5,150.40,3292.00,0.1480
8561063,"K00961.03","CONFIRMED",1.865114193,0.4279,1124.8,56.90,3292.00,0.1480
8846163,"K00962.01","FALSE POSITIVE",26.77891391,3.12,,,,
10657664,"K00964.01","FALSE POSITIVE",3.273699006,3.07626,6862.8,1293.10,10816.00,2.4930
3337351,"K00965.01","FALSE POSITIVE",7.047103499,3.3208,71318,274.90,5730.00,1.0350
3233043,"K00966.01","FALSE POSITIVE",0.379463865,0.86896,1973.3,458.60,5075.00,1.7830
3233043,"K00966.02","FALSE POSITIVE",7.76967007,4.74,,,,
6579806,"K00967.01","FALSE POSITIVE",9.88047978,2.78458,18541,534.50,6113.00,0.9170
3560301,"K00968.01","FALSE POSITIVE",4.6484156,38.1939,128.4,91.70,6980.00,3.4820
4044005,"K00969.01","FALSE POSITIVE",17.512014768,1.8248,4511.7,322.30,6224.00,1.1320
11502218,"K00970.01","CANDIDATE",3.9886021,1.7376,673.5,37.10,4813.00,13.6520
11180361,"K00971.01","CANDIDATE",0.533059312,1.8621,1495.8,179.60,8523.00,4.0510
11013201,"K00972.01","CONFIRMED",13.118962443,4.3045,372.2,267.40,7221.00,4.2400
11013201,"K00972.02","CANDIDATE",7.82187328,3.8417,42.2,37.20,7221.00,4.2400
12366681,"K00973.01","FALSE POSITIVE",13.33386985,6.51,,,,
9414417,"K00974.01","CANDIDATE",53.5057611,10.5616,195.6,71.20,6247.00,1.7620
3632418,"K00975.01","CONFIRMED",2.785821236,3.5599,68.9,53.60,6202.00,1.7330
3441784,"K00976.01","FALSE POSITIVE",52.56901867,6.7507,26900,184.30,7240.00,1.7170
11192141,"K00977.01","FALSE POSITIVE",1.353771892,7.012,1349.1,76.70,4283.00,15.7600
11494130,"K00978.01","FALSE POSITIVE",18.95491633,24.249,867.5,249.30,6362.00,2.5340
5648449,"K00979.01","FALSE POSITIVE",4.348866254,3.2797,625.6,56.30,3598.00,101.4510
12167361,"K00980.01","FALSE POSITIVE",47.93094546,2.6897,2144.4,221.10,8214.00,1.9380
8607720,"K00981.01","FALSE POSITIVE",3.99751422,3.686,32.8,6.10,5066.00,5.3240
1433962,"K00982.01","FALSE POSITIVE",1.592633181,5.5605,633.1,66.90,4506.00,0.6510
11607193,"K00983.01","FALSE POSITIVE",7.1548608,7.694,780.4,24.20,7443.00,1.7390
11607193,"K00983.02","FALSE POSITIVE",5.177577252,2.4777,1325.4,23.60,7429.00,1.7960
1161345,"K00984.01","CONFIRMED",4.28746668,1.5693,790.1,19.40,5296.00,0.8150
10227501,"K00985.01","FALSE POSITIVE",2.002779769,2.231,260.5,22.20,5346.00,0.8920
2854698,"K00986.01","CONFIRMED",8.18739443,3.0472,517.6,38.40,5251.00,0.8490
2854698,"K00986.02","CONFIRMED",76.0498163,7.158,445.9,17.40,5251.00,0.8490
7295235,"K00987.01","CONFIRMED",3.179267286,1.0246,200.9,41.00,5511.00,0.8570
2302548,"K00988.01","CONFIRMED",10.38122447,2.715,801.5,41.90,5095.00,0.7800
2302548,"K00988.02","CONFIRMED",24.5709023,3.587,764.2,26.30,5095.00,0.7800
10743597,"K00989.01","FALSE POSITIVE",81.221876,4.1135,9883,63.00,5619.00,0.8740
10743597,"K00989.02","FALSE POSITIVE",0.817026268,2.0799,1145.5,121.10,5619.00,0.8740
10743597,"K00989.03","CANDIDATE",16.15811112,6.049,2319.8,52.80,5619.00,0.8740
10743597,"K00989.04","FALSE POSITIVE",4.08029328,2.8343,1128.4,43.10,5619.00,0.8740
10015516,"K00990.01","FALSE POSITIVE",67.69213907,51.349,25457.2,1328.20,5355.00,10.7030
10154388,"K00991.01","CONFIRMED",12.06222962,2.0584,300.2,32.40,5547.00,0.9330
1432789,"K00992.01","CONFIRMED",9.93146307,5.678,398.6,26.20,5782.00,1.2200
1432789,"K00992.02","CANDIDATE",4.57834367,3.987,140.7,11.40,5782.00,1.2200
1718189,"K00993.01","CONFIRMED",21.85362905,3.439,355.6,23.00,5830.00,0.8760
1718189,"K00993.02","CONFIRMED",13.0607936,3.215,236.6,19.40,5830.00,0.8760
1718189,"K00993.03","CANDIDATE",86.723653,4.852,241,9.40,5830.00,0.8760
1431122,"K00994.01","CANDIDATE",4.2989201,2.747,237.6,20.00,5300.00,0.9860
3858949,"K00995.01","FALSE POSITIVE",25.9518461,14.581,1058.5,65.80,5372.00,0.7960
3858824,"K00996.01","FALSE POSITIVE",25.9518536,14.755,2017.9,79.40,5198.00,0.7420
2157247,"K00997.01","FALSE POSITIVE",5.68628739,17.573,5559.7,414.40,6052.00,0.9560
1432214,"K00998.01","FALSE POSITIVE",161.78832712,5.31,87750,704.50,6018.00,1.2120
2165002,"K00999.01","CONFIRMED",16.56806842,4.2647,1331.4,41.90,4987.00,0.7160
2165002,"K00999.02","CONFIRMED",47.3329299,2.708,931.5,14.00,4987.00,0.7160
2441728,"K01000.01","FALSE POSITIVE",0.856895349,1.3078,82.2,33.10,6021.00,0.8730
1871056,"K01001.01","CONFIRMED",40.8065333,13.135,313.9,54.80,6207.00,2.0970
1871056,"K01001.02","CONFIRMED",140.10765,18.503,266.8,29.00,6207.00,2.0970
1865042,"K01002.01","CONFIRMED",3.4815917,1.8069,135.2,23.40,5405.00,1.0220
2438502,"K01003.01","FALSE POSITIVE",8.360616221,7.5385,28066.3,425.60,5463.00,2.4450
2309585,"K01004.01","FALSE POSITIVE",1.838514968,2.7391,2721.7,63.70,5751.00,0.9400
5780460,"K01005.01","CONFIRMED",35.61760233,8.4559,4634.9,155.00,5123.00,0.7790
5738346,"K01006.01","FALSE POSITIVE",30.6113932,3.576,3472,37.50,3900.00,0.5340
1725016,"K01007.01","CONFIRMED",7.40742502,3.675,442,23.10,5922.00,0.9610
1722276,"K01008.01","FALSE POSITIVE",569.934135,4.1904,18904,66.70,5367.00,2.0570
892772,"K01009.01","FALSE POSITIVE",5.09246539,3.659,254,17.10,5037.00,0.7510
1027438,"K01010.01","FALSE POSITIVE",110.61576622,5,,,,
5728283,"K01011.01","FALSE POSITIVE",6.198273591,7.53837,47302.6,2561.10,6038.00,0.8980
8127639,"K01012.01","FALSE POSITIVE",1.023471798,2.3499,861.4,63.00,5741.00,0.8930
6047498,"K01013.01","FALSE POSITIVE",0.51872711,1.252,714.1,93.30,5572.00,0.7620
8125580,"K01014.01","CONFIRMED",17.31711739,3.1518,1473,35.90,4719.00,0.5020
8158127,"K01015.01","CONFIRMED",9.42889884,4.4481,565.4,50.40,5897.00,1.8600
8158127,"K01015.02","CONFIRMED",4.08897299,3.585,157.9,19.00,5897.00,1.8600
8158127,"K01015.03","CANDIDATE",16.9972894,2.585,225,11.10,5897.00,1.8600
8176653,"K01016.01","FALSE POSITIVE",2.866680334,1.1264,712.4,43.00,5238.00,0.7640
8174625,"K01017.01","CONFIRMED",17.44486016,4.445,826.9,46.00,5568.00,0.9660
8183911,"K01018.01","FALSE POSITIVE",8.30697421,2.76,158.7,17.40,5300.00,2.1240
8179973,"K01019.01","FALSE POSITIVE",2.49705175,3.79,,,,
2309719,"K01020.01","FALSE POSITIVE",54.35635067,6.4345,10510.4,628.10,6161.00,1.2550
2558363,"K01021.01","FALSE POSITIVE",0.54624855,2.0543,639.7,42.90,5414.00,0.7140
2716853,"K01022.01","CONFIRMED",18.82744023,4.664,1006.2,29.50,5687.00,0.8600
2716853,"K01022.02","FALSE POSITIVE",68.832195,3.31,678.1,8.20,5687.00,0.8600
2445154,"K01023.01","FALSE POSITIVE",8.4120069,3.923,819.6,39.70,4502.00,0.6210
2715135,"K01024.01","CONFIRMED",5.747711909,1.8923,820.1,51.70,4252.00,0.6320
2574201,"K01025.01","FALSE POSITIVE",37.4783492,5.317,1467.9,18.30,3687.00,0.4400
1996399,"K01026.01","FALSE POSITIVE",94.10628163,17.21,,,,
2697169,"K01027.01","FALSE POSITIVE",14.71266408,4.21,,,,
2166206,"K01028.01","FALSE POSITIVE",8.09695764,3.319,283.5,35.40,5949.00,1.7070
2164169,"K01029.01","CONFIRMED",32.3122867,6.569,677.8,33.60,5821.00,1.4940
2574338,"K01030.01","CONFIRMED",9.22961384,2.235,492.1,19.30,6320.00,1.2520
2584163,"K01031.01","CONFIRMED",14.5598556,5.624,290.6,15.60,5959.00,0.9660
2162635,"K01032.01","CANDIDATE",1500.1406772,25.727,4129.9,83.30,5009.00,2.2830
5899544,"K01034.01","FALSE POSITIVE",1.739428983,2.4894,5897.4,130.00,5415.00,0.7420
5963222,"K01035.01","FALSE POSITIVE",1.217266418,3.3208,5811.5,603.40,6631.00,1.6380
5982353,"K01036.01","FALSE POSITIVE",19.563092517,6.9547,12992.2,2477.00,6208.00,1.8310
6205468,"K01037.01","FALSE POSITIVE",3.7228551,12.8164,2969.2,294.80,5873.00,0.8630
6153201,"K01038.01","FALSE POSITIVE",0.530300102,2.8502,3040,207.40,6184.00,1.0380
5802486,"K01039.01","FALSE POSITIVE",1.073917869,2.4305,1926.6,137.50,5962.00,0.9590
5817553,"K01040.01","FALSE POSITIVE",4.206096814,10.7381,1298.1,149.30,6306.00,1.0760
5982368,"K01041.01","FALSE POSITIVE",19.56313723,6.8575,5536,157.80,5766.00,1.0770
5816811,"K01042.01","FALSE POSITIVE",2.227718792,4.9699,1039,124.30,6038.00,0.9220
5816811,"K01042.02","FALSE POSITIVE",4.45540935,4.14,,,,
5816165,"K01043.01","FALSE POSITIVE",0.591914504,1.0225,1057.7,56.30,5122.00,0.6550
5802246,"K01044.01","FALSE POSITIVE",0.525154153,2.1441,747.5,116.10,5582.00,0.8460
6066403,"K01045.01","FALSE POSITIVE",1.303861044,4.0541,598.2,140.60,5758.00,0.9020
6209637,"K01046.01","FALSE POSITIVE",0.73452496,6.7,,,,
5988031,"K01047.01","FALSE POSITIVE",2.55549176,9.083,113.8,24.30,5948.00,0.9010
5820218,"K01048.01","FALSE POSITIVE",3.411758679,3.158,570.6,35.60,3995.00,0.5610
5876368,"K01049.01","FALSE POSITIVE",0.525426427,1.0801,324.6,63.60,5791.00,0.8020
5809890,"K01050.01","CONFIRMED",1.269091415,1.4647,340.9,73.50,5041.00,0.7660
5809890,"K01050.02","CONFIRMED",2.853133997,1.465,277.1,39.70,5041.00,0.7660
6131236,"K01051.01","CONFIRMED",6.79685353,3.1702,393.1,29.80,6061.00,0.9700
5956342,"K01052.01","CONFIRMED",17.02902786,4.645,568.9,29.80,5839.00,1.0670
5956342,"K01052.02","CONFIRMED",6.84619236,3.529,246.8,17.70,5839.00,1.0670
5956342,"K01052.03","CONFIRMED",67.8321638,7.358,507.8,15.50,5839.00,1.0670
5956342,"K01052.04","CONFIRMED",43.1312147,3.198,447.8,11.80,5839.00,1.0670
5956656,"K01053.01","CONFIRMED",1.224866441,1.7086,196,21.10,5553.00,1.1070
5956656,"K01053.02","CANDIDATE",46.245164,5.663,492.1,15.50,5553.00,1.1070
6032981,"K01054.01","FALSE POSITIVE",3.3226948,3.568,78.7,8.60,5234.00,16.9590
5866099,"K01055.01","FALSE POSITIVE",36.97708808,4.737,1269.9,59.20,5589.00,1.2390
5964985,"K01056.01","FALSE POSITIVE",1.851409163,10.232,232.5,54.40,7117.00,1.4690
6066416,"K01057.01","FALSE POSITIVE",1.303859704,2.8239,36.7,34.70,6802.00,1.5210
6124941,"K01058.01","FALSE POSITIVE",5.670155713,0.9361,536.7,37.30,3337.00,0.1830
6060203,"K01059.01","CONFIRMED",1.022678654,1.3712,129.2,21.60,5366.00,1.0200
5880320,"K01060.01","CONFIRMED",12.10968709,6.3461,284.7,33.40,6021.00,1.4580
5880320,"K01060.02","CONFIRMED",4.75796103,4.66,124.5,20.90,6021.00,1.4580
5880320,"K01060.03","CONFIRMED",20.4972755,8.536,242.9,22.80,6021.00,1.4580
5880320,"K01060.04","CONFIRMED",8.19345065,5.234,115.4,15.70,6021.00,1.4580
6037187,"K01061.01","CONFIRMED",41.8059544,6.057,434.4,28.30,5907.00,0.9730
6147122,"K01062.01","FALSE POSITIVE",15.45158184,2.406,85.3,21.00,7839.00,2.0690
8257407,"K01063.01","FALSE POSITIVE",89.698168533,5.5418,273106,3420.30,6214.00,1.5830
8218274,"K01064.01","FALSE POSITIVE",1.187352427,4.999,20703,717.40,6424.00,1.4890
8242681,"K01065.01","FALSE POSITIVE",4.020628573,4.4085,20901,282.60,6210.00,1.0330
8260218,"K01066.01","CANDIDATE",5.714817603,3.14126,12294.8,537.70,5695.00,0.8420
8246781,"K01067.01","FALSE POSITIVE",185.02288222,4.87326,43546.7,938.20,6025.00,1.3670
8264070,"K01068.01","FALSE POSITIVE",2.897432135,3.1793,1223.7,73.90,5970.00,2.9940
8222813,"K01069.01","CONFIRMED",8.70420525,2.9385,1074.9,74.00,5074.00,0.8630
8222813,"K01069.02","CONFIRMED",2.46697039,1.6345,308.7,29.50,5074.00,0.8630
8240904,"K01070.01","CONFIRMED",6.61836309,3.6813,549.1,31.50,5529.00,1.2940
8240904,"K01070.02","CONFIRMED",107.7214092,8.042,1396.2,30.50,5529.00,1.2940
8240904,"K01070.03","CANDIDATE",92.77779,6.64,359,5.20,5888.00,1.0190
8244190,"K01071.01","FALSE POSITIVE",1.09206833,1.8596,219.2,45.50,5639.00,0.8590
8229696,"K01072.01","CONFIRMED",10.12805158,3.517,477.4,38.00,5676.00,0.8200
8262210,"K01073.01","FALSE POSITIVE",1.613001111,2.394,104.1,19.30,5580.00,1.2050
10272640,"K01074.01","CONFIRMED",3.770551475,3.8077,12440,100.80,6322.00,1.0750
10232123,"K01075.01","FALSE POSITIVE",1.343767797,1.9405,4702.6,269.80,6324.00,2.3120
10223616,"K01076.01","FALSE POSITIVE",29.12436474,3.4209,6496,63.40,4457.00,0.4810
10268907,"K01077.01","FALSE POSITIVE",1.103971357,0.926,317.9,21.70,5409.00,0.7460
10166274,"K01078.01","CONFIRMED",3.353732008,1.4598,1264.7,47.80,3789.00,0.4600
10166274,"K01078.02","CONFIRMED",6.877446033,1.3692,1632.3,39.60,3789.00,0.4600
10166274,"K01078.03","CONFIRMED",28.46464804,2.6657,1629.8,28.90,3789.00,0.4600
10153827,"K01079.01","FALSE POSITIVE",0.293630085,2.3857,2017.7,170.00,5665.00,0.8430
10158990,"K01080.01","FALSE POSITIVE",1.096583368,2.1188,308.5,44.30,5222.00,0.7630
10149023,"K01081.01","CANDIDATE",9.95639775,5.615,510.5,32.90,6161.00,1.0530
10141900,"K01082.01","CONFIRMED",6.50327035,2.591,418.3,19.00,4999.00,0.8430
10141900,"K01082.02","CONFIRMED",4.09667624,2.19,302.3,16.20,4999.00,0.8430
10141900,"K01082.03","CONFIRMED",1.196548464,1.2592,224.6,16.50,4999.00,0.8430
10141900,"K01082.04","CANDIDATE",9.6550473,2.752,313.1,12.20,4999.00,0.8430
10157458,"K01083.01","CONFIRMED",7.33685101,3.548,325.8,21.60,5795.00,0.8480
10157458,"K01083.02","CANDIDATE",4.57797412,2.862,125.4,9.60,5795.00,0.8480
10148521,"K01084.01","FALSE POSITIVE",1.204274435,1.3362,185.8,34.70,5668.00,0.8490
10118816,"K01085.01","CONFIRMED",7.71790675,1.84,306.8,12.60,3975.00,0.5090
10122255,"K01086.01","CONFIRMED",27.6652847,6.633,469.2,36.10,6036.00,1.0170
3124412,"K01087.01","FALSE POSITIVE",0.948950734,4.0245,2133,238.60,6307.00,1.1330
3113266,"K01088.01","FALSE POSITIVE",0.995861402,1.1507,4993.8,272.00,5286.00,0.7060
3247268,"K01089.01","CONFIRMED",86.67856052,10.1289,8244.1,318.30,5822.00,1.0810
3247268,"K01089.02","CONFIRMED",12.21828097,2.6969,1843.4,90.10,5822.00,1.0810
3232859,"K01090.01","FALSE POSITIVE",8.387210055,1.6477,4952,180.60,6089.00,1.7950
3098184,"K01091.01","FALSE POSITIVE",15.2384539,19.292,7019,56.00,6384.00,1.0860
2720309,"K01092.01","FALSE POSITIVE",0.413334492,2.3808,2025.1,236.90,5973.00,1.0160
3239636,"K01093.01","FALSE POSITIVE",0.528755447,5.714,408.5,100.10,6151.00,1.9540
2721030,"K01094.01","CONFIRMED",6.10027621,4.7476,766.6,43.20,5957.00,0.9370
3329204,"K01095.01","CANDIDATE",51.59809554,2.0153,5869.2,79.70,5681.00,0.8590
3230491,"K01096.01","CANDIDATE",1500,7.109,9592,62.50,5606.00,0.7600
3340070,"K01097.01","FALSE POSITIVE",10.9110487,7.033,401.9,28.30,5903.00,0.8640
3240706,"K01098.01","FALSE POSITIVE",5.48990788,4.02,598.9,36.70,5982.00,0.9600
2853093,"K01099.01","CONFIRMED",161.5278347,3.6734,4653.6,54.70,5778.00,1.2130
3228824,"K01100.01","FALSE POSITIVE",0.73093905,2.8437,451.1,52.40,4768.00,0.7110
3245969,"K01101.01","CONFIRMED",11.39102358,2.303,448.6,10.50,4983.00,0.7280
3245969,"K01101.02","CANDIDATE",11.39110963,2.749,593.4,12.10,4999.00,0.7600
3231341,"K01102.01","CONFIRMED",12.33343853,6.221,536.4,31.70,5896.00,1.2400
3231341,"K01102.02","CONFIRMED",8.14515981,5.073,446.8,32.20,5896.00,1.2400
3231341,"K01102.03","CONFIRMED",18.9985279,4.529,430.7,16.90,5896.00,1.2400
3231341,"K01102.04","CONFIRMED",4.24439049,3.282,174,15.10,5896.00,1.2400
2860866,"K01103.01","CANDIDATE",90.1240507,11.649,3020.3,57.90,6520.00,1.2150
2851100,"K01104.01","FALSE POSITIVE",0.890110752,0.8774,321.5,19.60,4768.00,0.7110
3130300,"K01105.01","FALSE POSITIVE",5.76573396,2.924,248,22.20,5772.00,4.4340
3240158,"K01106.01","CONFIRMED",7.42608123,3.6379,443.3,37.50,6049.00,1.1760
3240158,"K01106.02","CONFIRMED",15.9868932,4.158,178.5,10.90,6049.00,1.1760
3240158,"K01106.03","CANDIDATE",13.2298203,3.566,157.8,10.00,6049.00,1.1760
3228959,"K01107.01","FALSE POSITIVE",0.73094589,4.32,250.2,37.50,5901.00,0.8480
3218908,"K01108.01","CONFIRMED",18.92537246,3.9835,640.9,41.00,4941.00,4.8850
3218908,"K01108.02","CONFIRMED",1.475323222,2.3155,154.9,27.20,4941.00,4.8850
3218908,"K01108.03","CONFIRMED",4.15246118,2.5755,223.4,24.50,4941.00,4.8850
3235672,"K01109.01","FALSE POSITIVE",6.7210783,7.46,,,,
2837111,"K01110.01","CONFIRMED",8.7348852,4.49,270.7,24.80,5982.00,0.9600
2837111,"K01110.02","CANDIDATE",3.71840884,3.611,77.2,9.60,5982.00,0.9600
3120276,"K01111.01","FALSE POSITIVE",10.26547688,3.733,399.6,20.10,5699.00,0.8530
3109930,"K01112.01","CONFIRMED",37.8102649,8.733,570.3,35.20,6085.00,0.9730
2854914,"K01113.01","CONFIRMED",25.93406406,4.6142,414.5,42.20,5952.00,1.2250
2854914,"K01113.02","CONFIRMED",83.4463485,6.536,503,36.10,5952.00,1.2250
3337425,"K01114.01","FALSE POSITIVE",7.04710032,2.926,400.9,24.00,5766.00,1.0680
3116412,"K01115.01","CONFIRMED",12.99204853,6.0175,270.6,38.70,5765.00,1.2420
2849805,"K01116.01","CONFIRMED",3.749105745,1.9826,182.6,38.00,5751.00,0.9830
3114811,"K01117.01","CONFIRMED",11.08956602,6.2877,148.1,38.90,6353.00,2.8670
2853446,"K01118.01","CANDIDATE",7.37290344,2.172,205.2,19.10,5973.00,1.0700
3003992,"K01119.01","FALSE POSITIVE",7.24476126,2.3145,58,27.20,5370.00,0.8740
3003992,"K01119.02","FALSE POSITIVE",13.55480534,2.288,48.3,16.50,5370.00,0.8740
6307537,"K01120.01","FALSE POSITIVE",29.74454668,23.2842,66894,765.00,4889.00,0.7880
6359798,"K01121.01","FALSE POSITIVE",14.15402428,4.47001,61625.1,930.30,5850.00,1.0370
6311681,"K01122.01","FALSE POSITIVE",0.844786082,3.5289,2468.5,245.60,5705.00,0.9150
6365321,"K01123.01","FALSE POSITIVE",0.848483947,1.4451,1907.4,185.00,5941.00,0.9360
6301035,"K01124.01","FALSE POSITIVE",11.99097576,5.7401,2124.3,102.80,6110.00,1.0720
6292162,"K01125.01","FALSE POSITIVE",7.814839231,3.0122,2010.3,100.00,5887.00,0.9310
6307521,"K01126.01","FALSE POSITIVE",29.7452499,22.695,778.9,55.90,5334.00,1.0040
6307521,"K01126.02","FALSE POSITIVE",475.91706,22.86,967.3,15.30,5334.00,1.0040
6359320,"K01127.01","CONFIRMED",5.32667299,3.4045,611.4,34.10,5831.00,0.9210
6359320,"K01127.02","CONFIRMED",8.1280933,3.727,224.1,10.70,5831.00,0.9210
6359320,"K01127.03","CANDIDATE",2.83668931,3.031,166.1,12.10,5831.00,0.9210
6362874,"K01128.01","CONFIRMED",0.974868896,1.6191,197.6,82.60,5487.00,0.8320
6272413,"K01129.01","CONFIRMED",4.89721006,1.812,274.4,16.90,5093.00,0.8470
8279765,"K01130.01","FALSE POSITIVE",2.757794163,2.7644,39043,349.20,5747.00,0.8910
8435247,"K01131.01","FALSE POSITIVE",0.696125302,2.0054,14966,177.20,5245.00,0.6740
8330548,"K01132.01","FALSE POSITIVE",1.914158508,3.2917,7829.2,124.60,6289.00,1.1180
8330548,"K01132.02","FALSE POSITIVE",0.9570701,2.75,,,,
8374494,"K01133.01","FALSE POSITIVE",5.251916208,4.9095,10624.3,146.30,5542.00,0.8720
8414907,"K01134.01","FALSE POSITIVE",100.3039228,8.702,5450,63.20,5055.00,0.7720
8414907,"K01134.02","FALSE POSITIVE",200.61103346,7.13,,,,
8397446,"K01135.01","FALSE POSITIVE",0.986620248,3.9722,1345.8,117.70,6243.00,1.3850
8386035,"K01136.01","FALSE POSITIVE",1.63484631,6.11,,,,
8332986,"K01137.01","FALSE POSITIVE",302.38867822,3.1229,41320,294.80,5328.00,0.8570
8415745,"K01138.01","FALSE POSITIVE",31.82814583,2.917,4456.8,78.70,5908.00,0.9200
8378634,"K01139.01","FALSE POSITIVE",3.629442796,5.63,426.6,76.40,6506.00,1.2170
8397675,"K01140.01","FALSE POSITIVE",0.553261874,0.8875,1038.1,202.20,5679.00,3.1420
8346392,"K01141.01","CONFIRMED",5.72812616,2.0295,643.4,20.80,3968.00,0.5480
8288947,"K01142.01","CONFIRMED",3.75574267,2.2911,417.4,27.90,5311.00,0.7880
8312852,"K01143.01","FALSE POSITIVE",7.44042933,2.991,547.3,34.00,5815.00,0.8770
8302450,"K01144.01","FALSE POSITIVE",2.44199803,2.759,251.7,27.20,5970.00,0.7960
8313667,"K01145.01","CANDIDATE",30.5872153,5.3698,464.8,33.10,5944.00,1.0820
8351704,"K01146.01","CONFIRMED",7.09712124,2.1059,369.5,18.30,3569.00,0.3890
8299955,"K01147.01","FALSE POSITIVE",2.6827683,2.957,79.8,26.70,6180.00,1.2230
8410727,"K01148.01","CONFIRMED",11.47609015,5.046,182.3,27.70,6071.00,1.4100
8410727,"K01148.02","CONFIRMED",25.2630467,6.22,125.5,14.30,6071.00,1.4100
8349405,"K01149.01","FALSE POSITIVE",7.1688266,1.29,,,,
8278371,"K01150.01","CONFIRMED",0.677374687,1.8361,76.7,38.70,5718.00,1.0370
8280511,"K01151.01","CONFIRMED",10.43547031,3.4167,210.2,36.70,5528.00,0.8530
8280511,"K01151.02","CONFIRMED",7.41084314,3.245,124.1,25.60,5528.00,0.8530
8280511,"K01151.03","CONFIRMED",5.24970432,2.746,61.9,13.90,5528.00,0.8530
8280511,"K01151.04","CANDIDATE",17.4532945,4.027,79.3,12.00,5528.00,0.8530
8280511,"K01151.05","CANDIDATE",21.7203362,4.252,87.8,12.00,5528.00,0.8530
10287248,"K01152.01","FALSE POSITIVE",4.722254104,3.451,82670,314.10,3801.00,0.4880
10351767,"K01153.01","FALSE POSITIVE",0.635069939,2.07171,33117.3,578.60,6340.00,1.0580
10295951,"K01154.01","CANDIDATE",6.810823723,7.98574,14446.8,1441.90,7226.00,2.0790
10342041,"K01155.01","FALSE POSITIVE",0.933746515,6.6522,2936.6,549.50,5252.00,0.7160
10514770,"K01156.01","FALSE POSITIVE",1.872421727,1.5261,3018.9,179.00,5337.00,0.8250
10342065,"K01157.01","FALSE POSITIVE",0.93374614,6.551,1717.5,365.70,5438.00,4.3190
10352945,"K01158.01","FALSE POSITIVE",6.47179275,6.788,402.5,30.70,6341.00,1.0330
10354039,"K01159.01","CONFIRMED",64.617518,5.796,2486.6,61.90,5043.00,0.8810
10330115,"K01160.01","CONFIRMED",13.21409607,3.5641,1154.8,38.00,5333.00,0.7280
10426656,"K01161.01","CONFIRMED",6.05729966,3.7419,385.2,35.10,5334.00,1.0040
10426656,"K01161.02","CONFIRMED",10.93725572,3.0822,421.6,24.60,5334.00,1.0040
10426656,"K01161.03","CONFIRMED",2.97136658,2.716,233.3,25.60,5334.00,1.0040
10528068,"K01162.01","CONFIRMED",158.6850022,11.5372,898.3,97.40,5751.00,1.0340
10468940,"K01163.01","CONFIRMED",2.936527336,1.771,352.3,34.70,5359.00,1.0020
10468940,"K01163.02","CONFIRMED",8.01500821,3.0137,363,28.60,5359.00,1.0020
10341831,"K01164.01","FALSE POSITIVE",0.933749941,6.606,415.3,88.80,3682.00,0.4800
10337517,"K01165.01","CONFIRMED",7.053934488,1.7244,511.5,56.30,5357.00,0.8630
10337517,"K01165.02","CONFIRMED",4.29263699,2.7,61.4,11.40,5357.00,0.8630
10351231,"K01166.01","CONFIRMED",7.6746614,1.9374,503,20.80,6063.00,1.0010
10485179,"K01167.01","FALSE POSITIVE",0.445275074,2.276,254.7,86.30,5346.00,0.7250
10460629,"K01168.01","CANDIDATE",856.672115,23.144,858.1,39.20,6449.00,1.3090
10319385,"K01169.01","CANDIDATE",0.689210173,1.6169,195,93.40,5630.00,0.9540
10482160,"K01170.01","CONFIRMED",7.34373964,1.1784,574.4,32.20,5757.00,0.7620
10485069,"K01171.01","FALSE POSITIVE",0.445277068,3.539,186.7,28.90,6167.00,1.0640
10341913,"K01172.01","FALSE POSITIVE",0.933749106,4.256,186.2,136.30,6215.00,2.1880
10480921,"K01173.01","FALSE POSITIVE",2.037440623,3.442,118.6,27.00,6253.00,1.0150
10287723,"K01174.01","CANDIDATE",129995.7784,9.408,1474.9,35.70,4500.00,0.7260
10350571,"K01175.01","CONFIRMED",31.5925809,13.566,145.1,25.50,5676.00,1.4870
10350571,"K01175.02","CONFIRMED",17.157236,11.284,110.4,23.60,5676.00,1.4870
10350571,"K01175.03","FALSE POSITIVE",93.881556,20.644,188.7,23.70,5676.00,1.4870
3749365,"K01176.01","CONFIRMED",1.97376085,1.82542,30222.4,1252.50,3807.00,0.5030
3547091,"K01177.01","FALSE POSITIVE",3.305577989,2.5903,17971,39.60,5534.00,0.7070
3869825,"K01178.01","FALSE POSITIVE",4.800653901,9.0419,15304.4,298.00,6715.00,1.2410
3655332,"K01179.01","FALSE POSITIVE",15.06649901,5.9885,36348,154.60,5751.00,1.6260
4042026,"K01180.01","FALSE POSITIVE",34.82008158,11.1711,18847.8,882.60,5114.00,0.7840
3344419,"K01181.01","FALSE POSITIVE",0.651784374,2.0141,2779.3,195.20,5555.00,1.0610
3865567,"K01182.01","FALSE POSITIVE",11.11620211,4.211,4843.9,115.30,6122.00,0.9960
3544689,"K01183.01","FALSE POSITIVE",1.922861499,3.5734,1916.2,103.40,5778.00,0.9110
4037164,"K01184.01","FALSE POSITIVE",0.635445336,1.8592,2547.4,182.20,3920.00,0.5500
3443790,"K01185.01","FALSE POSITIVE",1.665784138,1.8946,2006.2,148.00,6261.00,2.7890
3966912,"K01186.01","FALSE POSITIVE",55.6639167,23.546,3414.4,103.40,5587.00,0.8530
3848972,"K01187.01","FALSE POSITIVE",0.741057213,1.05299,1996.3,251.90,5496.00,0.7760
3860441,"K01188.01","FALSE POSITIVE",2.988085455,3.68,802.8,48.20,5497.00,0.8090
3765771,"K01189.01","FALSE POSITIVE",2.783883492,2.4546,903.9,86.10,6028.00,2.1470
3557341,"K01190.01","FALSE POSITIVE",0.393727296,3.02,903.5,82.40,5628.00,0.8080
3859628,"K01191.01","CONFIRMED",8.17242644,3.902,864.3,37.00,5705.00,0.9050
3644071,"K01192.01","CANDIDATE",1295.362215,28.297,8708,164.00,5609.00,1.0480
3644071,"K01192.02","FALSE POSITIVE",359.047933,16.637,5622.7,91.10,5609.00,1.0480
3942446,"K01193.01","CANDIDATE",119.0624882,3.1188,5372.3,71.60,5697.00,0.9200
3554031,"K01194.01","CONFIRMED",8.70798309,2.4904,1419.6,28.10,4362.00,0.5540
3554031,"K01194.02","CANDIDATE",14.8623076,3.161,840,14.40,4362.00,0.5540
3554031,"K01194.03","CONFIRMED",4.17634276,2.335,531.5,14.90,4362.00,0.5540
3644523,"K01195.01","FALSE POSITIVE",119.67747,32.274,3254.1,52.00,6075.00,0.9690
3348082,"K01196.01","FALSE POSITIVE",3.98216698,2.396,381.3,27.10,5570.00,1.5480
3348082,"K01196.02","CONFIRMED",11.63486009,5.466,292.3,18.40,5570.00,1.5480
3348082,"K01196.03","CONFIRMED",33.1981761,4.709,336.7,11.80,5570.00,1.5480
3853673,"K01197.01","FALSE POSITIVE",0.643794198,1.5662,456.7,53.70,5958.00,0.8300
3447722,"K01198.01","CONFIRMED",16.08832318,5.731,597.8,31.30,6157.00,1.3300
3447722,"K01198.02","CONFIRMED",10.30067919,4.885,271.8,16.40,6157.00,1.3300
3447722,"K01198.03","CONFIRMED",35.6757453,7.381,471.2,18.50,6157.00,1.3300
3447722,"K01198.04","CANDIDATE",1.00861677,0.91,,,,
3859079,"K01199.01","CONFIRMED",53.5292702,5.668,1086.1,34.50,4736.00,0.7080
3557493,"K01200.01","FALSE POSITIVE",0.393726813,2.95,564.6,64.80,6277.00,1.0310
4061149,"K01201.01","CONFIRMED",2.757584622,0.9267,563.1,19.60,3683.00,0.4240
3444588,"K01202.01","CONFIRMED",0.928310036,1.1899,376.2,22.60,4109.00,0.6020
3962243,"K01203.01","CONFIRMED",31.8841473,6.122,910,25.30,5779.00,0.9740
3962243,"K01203.02","CONFIRMED",14.12847677,3.685,628.7,23.00,5779.00,0.9740
3962243,"K01203.03","CONFIRMED",48.6478543,5.464,641.8,12.20,5779.00,0.9740
3438507,"K01204.01","CONFIRMED",8.39842977,6.344,340.1,28.00,6309.00,1.0440
3869014,"K01205.01","CONFIRMED",8.63847391,5.4566,395.9,38.60,5684.00,3.0460
3756801,"K01206.01","CANDIDATE",422.917678,31.274,1367.7,61.70,5796.00,1.4440
3732821,"K01207.01","CONFIRMED",13.73474071,2.769,746.4,31.00,5196.00,0.7720
3962440,"K01208.01","CANDIDATE",700.00298217,7.6525,3245.9,60.30,6487.00,1.1180
3534076,"K01209.01","CANDIDATE",272.0868353,2.7145,5572,21.50,5587.00,0.7910
3962357,"K01210.01","CONFIRMED",14.55387488,6.973,319.7,26.80,6143.00,1.5070
3858704,"K01211.01","FALSE POSITIVE",3.00363219,3.732,101.2,38.50,6309.00,1.3200
3749134,"K01212.01","CONFIRMED",11.30123036,4.022,277.1,18.50,5730.00,1.1220
3556220,"K01213.01","FALSE POSITIVE",0.796722833,2.4551,107.1,43.90,5959.00,1.3340
3660924,"K01214.01","CONFIRMED",4.24153629,2.971,188.1,18.00,5776.00,1.0470
3939150,"K01215.01","CONFIRMED",17.32419108,8.045,241.3,49.10,5968.00,1.8570
3939150,"K01215.02","CONFIRMED",33.0063185,7.118,278.1,38.20,5968.00,1.8570
3839488,"K01216.01","CONFIRMED",11.13127159,4.2372,211.2,36.80,5800.00,1.4350
3542588,"K01217.01","FALSE POSITIVE",3.47143963,3.663,99.8,27.50,6341.00,1.1110
3442055,"K01218.01","CONFIRMED",29.6193891,4.9595,314.7,42.50,5618.00,0.9960
3440861,"K01219.01","FALSE POSITIVE",3.50376155,3.16,,,,
4043190,"K01220.01","CONFIRMED",6.40087137,2.5561,133.6,24.40,5426.00,1.4210
3640905,"K01221.01","CONFIRMED",30.1599411,7.874,175.9,32.30,5010.00,3.0510
3640905,"K01221.02","CONFIRMED",51.0771048,11.233,141.5,24.10,5010.00,3.0510
4060815,"K01222.01","FALSE POSITIVE",4.2856756,4.059,31.4,8.30,5055.00,3.7330
6613006,"K01223.01","FALSE POSITIVE",7.388833611,5.62857,13063.5,1509.30,5845.00,0.8380
6606653,"K01224.01","FALSE POSITIVE",2.698021895,23.192,6721.2,647.10,6568.00,1.2110
6620003,"K01225.01","CANDIDATE",1.714274727,2.06728,28460.1,987.20,3874.00,0.5350
6621116,"K01226.01","FALSE POSITIVE",137.75960504,9.1713,83298,885.90,5323.00,1.4520
6629332,"K01227.01","FALSE POSITIVE",2.155278342,2.1064,20739,142.70,5665.00,0.8200
6387450,"K01228.01","FALSE POSITIVE",3.661326482,2.5714,17846,424.60,5319.00,0.7980
6432059,"K01229.01","FALSE POSITIVE",0.76973817,2.5,,,,
6470149,"K01230.01","FALSE POSITIVE",165.739861,24.9393,7343.4,527.80,5019.00,6.8360
6462874,"K01231.01","FALSE POSITIVE",22.34293693,7.0813,2691.1,35.30,4260.00,0.5800
6462874,"K01231.02","FALSE POSITIVE",10.42360821,5.404,878.3,18.70,4260.00,0.5800
6665223,"K01232.01","FALSE POSITIVE",119.40817159,9.3537,18563.3,508.40,5316.00,0.8720
6665223,"K01232.02","FALSE POSITIVE",419.97507836,12.1687,275.1,5.90,5316.00,0.8720
6545358,"K01233.01","FALSE POSITIVE",1.171536413,1.5878,1132.7,67.00,7021.00,1.4850
6390824,"K01234.01","FALSE POSITIVE",0.973547911,2.2858,435.7,38.70,6084.00,0.8630
6546528,"K01235.01","FALSE POSITIVE",3.053563251,3.2551,508.4,50.40,5764.00,0.8630
6677841,"K01236.01","CONFIRMED",35.7353616,8.491,778.8,58.40,6366.00,1.6970
6677841,"K01236.02","CONFIRMED",12.30971679,6.74,396,45.90,6366.00,1.6970
6677841,"K01236.03","CONFIRMED",54.4205407,8.559,598,44.90,6781.00,1.0670
6677841,"K01236.04","CONFIRMED",98.353149,24.708,423,30.50,6366.00,1.6970
6531491,"K01237.01","FALSE POSITIVE",14.32407216,4.6577,2053.9,58.00,6022.00,1.0390
6383821,"K01238.01","CONFIRMED",27.07237655,6.9592,514.2,44.00,5936.00,0.9650
6607286,"K01239.01","CANDIDATE",0.783276173,1.6735,264.7,46.90,5640.00,1.2330
6607286,"K01239.02","CANDIDATE",3.17405898,2.3156,282.2,29.20,5640.00,1.2330
6690082,"K01240.01","CONFIRMED",2.1395563,2.0678,266.1,48.90,5534.00,1.0800
6690082,"K01240.02","CONFIRMED",4.807103254,0.9393,450.5,32.90,5534.00,1.0800
6448890,"K01241.01","CONFIRMED",21.4054422,11.721,409.3,60.90,4838.00,4.3610
6448890,"K01241.02","CONFIRMED",10.5007712,14.522,183.4,45.30,4838.00,4.3610
6607447,"K01242.01","CANDIDATE",99.6442783,5.1772,3215.6,163.20,6102.00,1.0160
6677256,"K01243.01","FALSE POSITIVE",3.125814002,1.7895,238.8,32.00,6358.00,1.1810
6692833,"K01244.01","FALSE POSITIVE",10.80487163,2.7215,292.7,27.40,6092.00,0.9980
6693640,"K01245.01","CONFIRMED",13.71938426,5.5677,316.4,48.30,6387.00,1.1050
6441738,"K01246.01","CANDIDATE",19.03723442,3.3882,401.3,25.30,5248.00,2.8920
8801343,"K01247.01","FALSE POSITIVE",2.73987398,4.15886,20632.2,1454.30,6520.00,2.2600
8488878,"K01248.01","FALSE POSITIVE",5.801880653,4.2608,41924,396.80,5845.00,0.8740
8560285,"K01249.01","FALSE POSITIVE",85.34092607,10.6141,51746.2,898.40,6004.00,0.8980
8620565,"K01250.01","FALSE POSITIVE",0.782045734,1.7945,16185,272.30,6113.00,0.9950
8620565,"K01250.02","CANDIDATE",1.213672208,1.3644,2731,24.80,6113.00,0.9950
8616873,"K01251.01","CANDIDATE",0.576078683,1.63253,10084.8,426.00,5693.00,0.8160
8737796,"K01252.01","FALSE POSITIVE",0.885747456,4.4788,895.2,203.60,5487.00,10.3960
8462258,"K01253.01","FALSE POSITIVE",3.611541977,8.6068,2972.3,167.10,5203.00,0.8020
8454250,"K01254.01","FALSE POSITIVE",5.082722475,5.9139,1974.1,95.50,5780.00,1.0000
8494263,"K01255.01","CANDIDATE",78.9257421,7.5193,17972,85.20,5750.00,0.8820
8848271,"K01256.01","FALSE POSITIVE",9.991625291,3.8552,3450.5,220.30,5874.00,1.0960
8751933,"K01257.01","CONFIRMED",86.64764448,4.2326,7311.6,241.90,5522.00,1.1200
8630788,"K01258.01","CONFIRMED",36.33750453,7.06,2828.4,96.80,5717.00,0.8840
8630788,"K01258.02","CONFIRMED",14.64613058,5.688,593.5,30.00,5717.00,0.8840
8630788,"K01258.03","CONFIRMED",148.272013,4.192,1707.4,21.80,5717.00,0.8840
8823426,"K01259.01","FALSE POSITIVE",1.506507172,4.5346,880.9,86.70,3755.00,0.4730
8766222,"K01260.01","FALSE POSITIVE",5.2972293,3.799,1210.5,31.80,4631.00,14.2960
8678594,"K01261.01","CONFIRMED",133.460999,11.4997,5032.9,162.30,5588.00,1.5930
8678594,"K01261.02","CONFIRMED",15.19423359,3.106,367.8,18.10,5588.00,1.5930
8703884,"K01262.01","FALSE POSITIVE",14.17098745,3.4804,3070.8,93.60,5107.00,0.7770
8560840,"K01263.01","FALSE POSITIVE",31.9734169,13.262,1414.4,62.50,4931.00,0.7740
8612847,"K01264.01","CONFIRMED",14.13175309,4.0136,1033,40.10,5616.00,0.8220
8552583,"K01265.01","FALSE POSITIVE",1.061934816,3.2551,437.2,74.50,5730.00,0.8700
8547140,"K01266.01","CONFIRMED",11.41926141,3.9908,915.6,58.00,3823.00,0.4920
8519253,"K01267.01","FALSE POSITIVE",5.93821065,2.5128,522.5,33.60,6123.00,0.8500
8813698,"K01268.01","CANDIDATE",268.9410974,5.4434,9010.2,120.40,5798.00,1.3060
8757910,"K01269.01","FALSE POSITIVE",0.655001616,1.8136,271.2,104.50,6426.00,2.0890
8564587,"K01270.01","CONFIRMED",5.729317577,1.1816,865.4,59.00,5320.00,0.7860
8564587,"K01270.02","CONFIRMED",11.60908533,2.2603,489.3,34.10,5320.00,0.7860
8631160,"K01271.01","CANDIDATE",162.0479502,9.8974,4840.5,370.20,6309.00,1.5670
8552498,"K01272.01","FALSE POSITIVE",0.530967162,3.3659,244.9,125.50,6449.00,1.1930
8806072,"K01273.01","CONFIRMED",40.05881661,5.595,1239.4,62.60,5668.00,0.8680
8800954,"K01274.01","CONFIRMED",704.962626,18.003,2319.1,96.10,5305.00,0.8180
8583696,"K01275.01","CONFIRMED",50.28635977,6.3212,1119.3,99.50,5900.00,1.1670
8804283,"K01276.01","CONFIRMED",22.79020351,5.0394,617.9,47.70,5478.00,1.0530
8804283,"K01276.02","CONFIRMED",13.26079792,3.912,199.4,17.60,5478.00,1.0530
8552565,"K01277.01","FALSE POSITIVE",1.061932545,2.1429,133.6,80.20,6134.00,1.8510
8609450,"K01278.01","CONFIRMED",24.8056775,6.148,624.4,39.40,5600.00,0.8720
8609450,"K01278.02","CONFIRMED",44.3471936,6.43,791.7,40.50,5600.00,0.8720
8609450,"K01278.03","CONFIRMED",9.2207691,4.907,140,13.20,5600.00,0.8720
8609450,"K01278.04","CONFIRMED",13.6396648,5.425,162.7,13.30,5600.00,0.8720
8609450,"K01278.05","FALSE POSITIVE",203.250506,9.81,238.9,7.00,5600.00,0.8720
8628758,"K01279.01","CONFIRMED",14.37457572,4.7892,335.8,55.20,5768.00,1.0670
8628758,"K01279.02","CONFIRMED",9.65188331,4.296,103.2,19.80,5768.00,1.0670
8509361,"K01280.01","FALSE POSITIVE",6.0990118,3.6112,227.5,39.30,5743.00,1.9710
8742590,"K01281.01","CONFIRMED",49.4781446,2.493,496.6,20.40,5776.00,0.8490
8822366,"K01282.01","CONFIRMED",30.8639476,8.864,256.5,63.00,5977.00,1.5710
8700771,"K01283.01","CONFIRMED",8.0922105,5.7696,65.3,37.50,5774.00,1.3950
10960993,"K01284.01","FALSE POSITIVE",3.117087797,3.06941,12152.1,441.70,6338.00,2.0460
10599397,"K01285.01","FALSE POSITIVE",0.937406378,1.9515,5079.6,138.90,5480.00,0.8430
10879208,"K01286.01","FALSE POSITIVE",0.668483615,2.0909,2899.8,161.20,5546.00,0.8100
10843203,"K01287.01","FALSE POSITIVE",4.429633087,3.0257,6120.1,166.30,5344.00,0.8090
10790387,"K01288.01","CONFIRMED",117.93110803,5.8796,8506.6,212.50,6392.00,1.0720
10748393,"K01289.01","FALSE POSITIVE",4.887806806,2.4078,4676,116.10,5284.00,0.8120
10748393,"K01289.02","FALSE POSITIVE",386.39833,8.519,748,4.90,5284.00,0.8120
10874226,"K01290.01","FALSE POSITIVE",11.973605044,4.3117,3822.9,172.90,6146.00,0.9430
10661771,"K01291.01","FALSE POSITIVE",1.231364189,5.8574,1097.1,229.70,5897.00,0.8910
10924853,"K01292.01","FALSE POSITIVE",2.102416517,1.7684,1502.5,94.30,5999.00,0.9590
10874926,"K01293.01","FALSE POSITIVE",11.703109303,2.0467,4201,126.60,6014.00,0.9580
10549562,"K01294.01","FALSE POSITIVE",9.08937826,6.255,779.8,72.70,6739.00,1.2750
10666230,"K01295.01","FALSE POSITIVE",1.577800747,2.1626,697.7,79.60,6089.00,0.8020
10971674,"K01296.01","FALSE POSITIVE",2.380862632,4.20416,32634,2590.60,5821.00,1.1290
10676923,"K01297.01","FALSE POSITIVE",1.031096352,2.781,265.4,37.80,6371.00,1.0720
10604335,"K01298.01","CONFIRMED",11.00817635,2.013,1462.5,42.10,4141.00,0.5820
10604335,"K01298.02","CONFIRMED",92.7495777,5.506,1105.1,18.00,4141.00,0.5820
10864656,"K01299.01","CONFIRMED",52.5008645,14.9066,946.7,116.20,4976.00,4.1570
10975146,"K01300.01","CONFIRMED",0.63133171,1.1487,434.5,95.80,4441.00,0.5300
10538176,"K01301.01","CONFIRMED",12.69905011,2.9899,797.4,30.40,5291.00,0.8820
10538176,"K01301.02","CONFIRMED",37.5142128,5.303,935,28.90,5291.00,0.8820
10724369,"K01302.01","CONFIRMED",55.6391882,7.316,853,48.30,5949.00,0.9620
10867062,"K01303.01","CANDIDATE",34.2966363,19.718,696.6,66.70,5490.00,1.1670
10744335,"K01304.01","CONFIRMED",4.59726613,2.909,313,17.00,5999.00,0.9590
10730034,"K01305.01","CONFIRMED",2.633852528,2.0206,259.8,23.30,5114.00,0.8780
10730034,"K01305.02","CONFIRMED",6.18670882,2.909,202.6,14.30,5114.00,0.8780
10858691,"K01306.01","CONFIRMED",1.796320953,1.9139,210.9,22.10,5576.00,0.8290
10858691,"K01306.02","CONFIRMED",3.468073,2.361,243.9,20.60,5576.00,0.8290
10858691,"K01306.03","CONFIRMED",5.9142668,2.661,253.2,17.40,5576.00,0.8290
10858691,"K01306.04","CONFIRMED",29.2214959,4.014,394,14.60,5576.00,0.8290
10973814,"K01307.01","CONFIRMED",44.8520997,3.5729,780.8,33.00,5514.00,1.0710
10973814,"K01307.02","CONFIRMED",20.34237838,2.3351,564.6,28.70,5514.00,1.0710
10586208,"K01308.01","CONFIRMED",23.58444746,5.5545,429.2,42.80,5655.00,1.3540
10854768,"K01309.01","CONFIRMED",10.1171684,4.6677,288.7,50.60,6306.00,1.7920
10964440,"K01310.01","CONFIRMED",19.12947603,3.9622,451.2,31.70,5372.00,1.7100
10964440,"K01310.02","CANDIDATE",144.688915,9.468,397.1,11.60,5372.00,1.7100
10713616,"K01311.01","CONFIRMED",83.5781976,7.2487,630.8,54.90,6056.00,2.5620
10963242,"K01312.01","CONFIRMED",6.1469956,3.3153,249.6,25.80,6110.00,1.2960
10963242,"K01312.02","FALSE POSITIVE",31.24611088,4.76,,,,
10785538,"K01313.01","FALSE POSITIVE",0.522457732,0.8907,143.8,48.20,5991.00,0.9540
10585852,"K01314.01","CONFIRMED",8.57504983,8.653,160.6,36.90,4986.00,3.4640
10928043,"K01315.01","CANDIDATE",6.84639884,3.4919,149.7,36.30,6065.00,1.3100
10794087,"K01316.01","CONFIRMED",7.64970832,6.625,55.4,28.50,5855.00,1.6130
10794087,"K01316.02","CANDIDATE",12.37679312,3.85,,,,
4275739,"K01317.01","FALSE POSITIVE",2.171827838,3.2205,42086,300.60,5650.00,0.8910
4070376,"K01318.01","FALSE POSITIVE",1.634614356,3.4422,19761.5,376.50,6121.00,0.9700
4078157,"K01319.01","FALSE POSITIVE",16.025018977,3.8828,29090,257.80,5776.00,0.7890
4078157,"K01319.02","CANDIDATE",142.685885,3.792,1195,9.30,5767.00,0.7990
4164994,"K01320.01","CONFIRMED",10.50682978,3.7769,13355.5,343.40,5127.00,0.7820
4480676,"K01321.01","FALSE POSITIVE",0.711966971,2.0221,6227.5,392.20,5486.00,0.8300
4079535,"K01322.01","FALSE POSITIVE",17.72724392,4.1073,16878,109.70,6181.00,1.0060
4076098,"K01323.01","CONFIRMED",3.990105908,2.4108,6154.9,247.80,5926.00,0.9130
4551328,"K01324.01","FALSE POSITIVE",0.52205862,2.0847,1381.3,169.00,5359.00,0.8780
4282872,"K01325.01","CONFIRMED",10.035381809,3.4062,2829.7,150.90,5813.00,0.8330
4639868,"K01326.01","FALSE POSITIVE",53.100942624,2.2868,19981.1,1108.50,5465.00,0.9730
4372768,"K01327.01","FALSE POSITIVE",15.6402515,6.222,800.3,19.30,5346.00,0.8260
4074736,"K01328.01","CANDIDATE",80.9669561,2.5276,4733,52.00,5611.00,0.7370
4072526,"K01329.01","CONFIRMED",33.1996355,5.022,1112.5,32.60,5102.00,0.8800
4150539,"K01330.01","FALSE POSITIVE",8.65306587,4.486,1048.1,43.00,4641.00,0.6940
4150539,"K01330.02","FALSE POSITIVE",94.219289,24.312,1025.9,37.60,4641.00,0.6940
4274548,"K01331.01","CANDIDATE",6.80082032,1.9883,699.9,25.50,4805.00,0.6880
4455231,"K01332.01","CONFIRMED",19.30581662,4.2902,709.1,36.30,5661.00,1.5220
4455231,"K01332.02","CONFIRMED",6.09747233,3.431,217.6,17.40,5661.00,1.5220
4455231,"K01332.03","CONFIRMED",56.637918,6.172,589.7,20.90,5661.00,1.5220
4285107,"K01333.01","FALSE POSITIVE",2.243016513,2.721,299.6,59.10,5462.00,0.7320
4150624,"K01334.01","FALSE POSITIVE",8.6531216,4.39,654.8,35.70,5421.00,0.8520
4150624,"K01334.02","FALSE POSITIVE",94.225938,22.08,530.4,25.40,5421.00,0.8520
4155328,"K01335.01","CONFIRMED",127.8334997,10.914,1829.9,76.90,6505.00,2.1700
4077526,"K01336.01","CONFIRMED",10.21864532,3.802,445.3,26.60,6100.00,1.0830
4077526,"K01336.02","CONFIRMED",15.573637,5.326,468.1,24.70,6100.00,1.0830
4077526,"K01336.03","CONFIRMED",40.1015561,5.246,550,19.00,6100.00,1.0830
4077526,"K01336.04","CONFIRMED",4.45814897,2.867,188.1,14.30,6100.00,1.0830
4243911,"K01337.01","CONFIRMED",1.922799706,1.8604,259.7,30.10,5194.00,0.8150
4466677,"K01338.01","CONFIRMED",3.222975318,2.9247,232.7,31.30,5823.00,0.9600
4466677,"K01338.02","CANDIDATE",42.0370662,6.282,266.8,14.70,5823.00,0.9600
4466677,"K01338.03","CANDIDATE",21.0112068,4.507,163.6,10.20,5823.00,0.9600
4135665,"K01339.01","CONFIRMED",4.16811839,2.8084,263,26.70,5689.00,1.3130
4386059,"K01340.01","FALSE POSITIVE",2.90060781,2.563,124.8,20.60,6547.00,1.3710
4650674,"K01341.01","CONFIRMED",4.51436096,3.0083,230.7,28.40,5940.00,1.2150
4275721,"K01342.01","CONFIRMED",3.77359871,2.7282,176,25.60,6224.00,0.9690
4275721,"K01342.02","CONFIRMED",8.18182189,2.4566,299.6,27.40,6224.00,0.9690
4570931,"K01343.01","FALSE POSITIVE",1.544927524,1.0134,138.5,25.40,6309.00,1.1320
4136466,"K01344.01","CONFIRMED",4.48758768,2.874,112,25.90,6060.00,1.2570
7284688,"K01345.01","FALSE POSITIVE",0.323021692,2.3442,47100,520.60,5458.00,0.9720
7199774,"K01346.01","FALSE POSITIVE",4.70818628,3.278,56545,24.70,5868.00,0.8940
7037540,"K01347.01","FALSE POSITIVE",14.405857436,5.48509,30430.6,2294.10,5945.00,1.3460
7037540,"K01347.02","FALSE POSITIVE",0.858285844,1.799,43.4,10.80,5945.00,1.3460
6866228,"K01348.01","FALSE POSITIVE",7.702374154,3.8459,18377,157.20,5598.00,0.8300
6847018,"K01349.01","FALSE POSITIVE",16.66216657,3.8762,27442,114.50,6440.00,1.1690
7220322,"K01350.01","FALSE POSITIVE",0.752159702,2.3621,3425,291.10,5916.00,1.1750
6964043,"K01351.01","FALSE POSITIVE",10.72396374,3.8439,13518,127.70,5582.00,0.9050
6956233,"K01352.01","FALSE POSITIVE",4.81886153,6.223,1318.6,86.30,5030.00,0.6510
7303287,"K01353.01","CONFIRMED",125.86540191,9.0191,12389.5,544.70,5933.00,1.1150
7303287,"K01353.02","CONFIRMED",34.5439452,3.482,429.8,23.40,5933.00,1.1150
7303287,"K01353.03","CONFIRMED",330.071558,4.295,616.7,10.60,5933.00,1.1150
6891543,"K01354.01","FALSE POSITIVE",1.752567456,5.4993,607.3,92.20,5739.00,0.9960
7211141,"K01355.01","CONFIRMED",51.92920654,5.2637,3425.8,81.80,5671.00,1.4420
7363829,"K01356.01","CANDIDATE",384.02570682,14.56,,,,
6719086,"K01357.01","CANDIDATE",3.014330766,2.4747,975.3,57.30,5209.00,0.9530
7376983,"K01358.01","CONFIRMED",5.644914154,2.2599,1397.9,63.90,4769.00,0.7140
7376983,"K01358.02","CONFIRMED",8.74292005,2.6277,779.5,30.70,4769.00,0.7140
7376983,"K01358.03","CONFIRMED",3.64830183,1.9985,371.7,19.90,4769.00,0.7140
7376983,"K01358.04","CONFIRMED",2.345863002,1.6795,316.7,19.60,4769.00,0.7140
6946199,"K01359.01","CONFIRMED",37.1011418,5.5556,1357.5,55.20,5986.00,0.8500
6946199,"K01359.02","CANDIDATE",104.8205868,4.4794,3920.1,76.60,5986.00,0.8500
7102227,"K01360.01","CONFIRMED",36.7704935,4.42,1346.6,40.80,5142.00,0.7550
7102227,"K01360.02","CONFIRMED",14.58932429,2.4184,831.3,29.30,5142.00,0.7550
7102227,"K01360.03","CONFIRMED",0.764017553,1.103,128.2,13.20,5142.00,0.7550
6960913,"K01361.01","CONFIRMED",59.8780258,4.8027,1419.1,51.80,4016.00,0.5990
6837146,"K01362.01","CANDIDATE",20.51360192,3.4769,1174.1,32.30,5310.00,0.7040
6936909,"K01363.01","CONFIRMED",3.546531809,2.2746,442.7,26.40,5993.00,0.9860
6936909,"K01363.02","CONFIRMED",5.70070626,1.6408,379.8,15.20,5993.00,0.9860
6962977,"K01364.01","CONFIRMED",20.8341497,4.522,803.1,26.20,5296.00,0.8080
6962977,"K01364.02","CONFIRMED",7.0556584,3.0479,705.6,32.10,5296.00,0.8080
6962977,"K01364.03","CONFIRMED",11.97884409,3.751,707.9,27.80,5296.00,0.8080
6962977,"K01364.04","CONFIRMED",3.71545593,2.558,331.7,19.60,5296.00,0.8080
6962977,"K01364.05","CONFIRMED",2.58083264,2.1729,270.2,17.50,5296.00,0.8080
7174351,"K01365.01","FALSE POSITIVE",1.487084251,1.3233,295.7,17.90,5650.00,0.8760
6932987,"K01366.01","CONFIRMED",19.25404023,4.6509,987.7,50.70,5798.00,0.9410
6932987,"K01366.02","CONFIRMED",54.1558384,4.432,1109.8,29.10,5798.00,0.9410
6934291,"K01367.01","CONFIRMED",0.567856484,1.0258,334.8,53.80,5073.00,0.8530
7357531,"K01368.01","FALSE POSITIVE",251.0597249,5.1095,7419.8,110.30,5714.00,1.0860
7287415,"K01369.01","CONFIRMED",3.016182013,2.8349,222.5,31.90,5611.00,1.4000
6924203,"K01370.01","CONFIRMED",6.8833761,2.2702,458.4,28.10,5679.00,0.7940
6878167,"K01371.01","FALSE POSITIVE",0.833980196,1.756,261.2,56.90,5747.00,0.8710
6880531,"K01372.01","FALSE POSITIVE",69.62754202,11.07,,,,
6863839,"K01373.01","FALSE POSITIVE",1.926353494,2.5305,185.1,36.90,6063.00,0.8990
7296086,"K01374.01","FALSE POSITIVE",0.890737359,1.9257,195.8,37.70,5687.00,1.1690
6766634,"K01375.01","CONFIRMED",321.2124365,4.012,2358.6,81.70,6018.00,1.2860
6774826,"K01376.01","FALSE POSITIVE",7.13895376,4.568,254.2,32.90,7131.00,2.1450
7211469,"K01377.01","CONFIRMED",11.29689442,4.623,198.5,20.90,6096.00,1.1760
7375795,"K01378.01","FALSE POSITIVE",19.30112039,6.0752,232.3,45.00,5687.00,0.9430
7375795,"K01378.02","FALSE POSITIVE",0.691666384,1.9603,35.6,20.80,5687.00,0.9430
7211221,"K01379.01","CONFIRMED",5.62154315,2.4143,172.3,35.30,5637.00,0.9600
7025526,"K01380.01","FALSE POSITIVE",1.074106954,1.9797,64.5,48.50,4699.00,0.6760
9451127,"K01381.01","FALSE POSITIVE",5.117401517,4.3056,62929,456.60,6161.00,1.0530
9446824,"K01382.01","FALSE POSITIVE",4.20233673,3.6973,45982,258.80,6185.00,1.0940
8953257,"K01383.01","FALSE POSITIVE",3.221785738,3.3411,46379,336.40,6250.00,1.0410
8971432,"K01384.01","FALSE POSITIVE",0.6243875,1.92102,36854.7,628.30,5211.00,0.6180
9278553,"K01385.01","FALSE POSITIVE",18.610092584,4.98308,50833.5,1309.30,6077.00,0.8910
9143254,"K01386.01","FALSE POSITIVE",1.137525054,2.68228,18006.1,633.10,5912.00,0.9370
8949247,"K01387.01","FALSE POSITIVE",23.799939273,5.02319,60186.4,2065.80,5934.00,0.9570
9346253,"K01388.01","FALSE POSITIVE",34.064566412,9.6114,28450.4,1305.90,6161.00,0.8920
9002237,"K01389.01","FALSE POSITIVE",4.350087749,2.6428,23593,192.20,6060.00,0.9530
9288786,"K01390.01","FALSE POSITIVE",1.744101106,1.5497,9681.4,152.60,4368.00,0.7030
8958035,"K01391.01","FALSE POSITIVE",7.981187121,1.8071,7609.5,202.10,6217.00,0.9890
9040849,"K01392.01","FALSE POSITIVE",4.118775582,3.76,2647.7,125.60,5944.00,0.8020
9202151,"K01393.01","CANDIDATE",1.694740233,1.6864,1446.8,92.30,3764.00,0.5270
8937021,"K01394.01","FALSE POSITIVE",5.663621501,1.2968,1225,39.80,4917.00,0.7230
8935810,"K01395.01","CONFIRMED",6.230335,1.6493,1449.2,31.60,5477.00,0.8650
9455556,"K01396.01","CONFIRMED",6.62643441,3.1752,814.6,40.60,5616.00,0.9030
9455556,"K01396.02","CONFIRMED",3.70122061,2.523,327.4,19.60,5616.00,0.9030
9427402,"K01397.01","CANDIDATE",6.247030799,1.4848,1496.6,44.80,3821.00,0.4870
9269281,"K01398.01","CONFIRMED",5.82348911,2.2441,888.7,38.10,5774.00,0.8640
9100484,"K01399.01","CANDIDATE",8.75059775,2.8288,881.9,28.30,4942.00,0.7790
9157908,"K01400.01","FALSE POSITIVE",9.41475056,4.736,483.4,55.20,6406.00,1.0330
9030447,"K01401.01","FALSE POSITIVE",0.56669006,2.1674,104.6,53.80,6899.00,1.3860
9034103,"K01402.01","CONFIRMED",7.13969705,3.981,512.9,27.80,6014.00,0.9930
9214942,"K01403.01","CONFIRMED",18.75470238,3.0331,995.3,33.20,3976.00,0.5400
8874090,"K01404.01","CONFIRMED",13.32389352,3.2208,781.3,25.90,3751.00,0.4500
8874090,"K01404.02","CANDIDATE",18.9060921,4.125,375.6,11.90,3751.00,0.4500
9264949,"K01405.01","CONFIRMED",11.41911886,5.135,509.2,23.70,6311.00,1.1720
9271752,"K01406.01","CONFIRMED",11.36113254,4.1886,569.5,57.00,6244.00,1.0090
9007866,"K01407.01","FALSE POSITIVE",1.3866358,4.77,70.1,6.80,5693.00,0.8560
9150827,"K01408.01","CONFIRMED",14.53410833,3.3094,510.6,32.50,3957.00,0.5530
9150827,"K01408.02","FALSE POSITIVE",82.37208458,6.35,,,,
9391208,"K01409.01","CONFIRMED",16.56062577,2.611,700.8,30.80,5818.00,0.8550
9391506,"K01410.01","CONFIRMED",15.74958583,4.6672,659.5,42.60,6191.00,1.0250
9425139,"K01411.01","CANDIDATE",305.0762469,6.255,4042.8,113.40,5716.00,1.1550
8950853,"K01412.01","CONFIRMED",37.8145252,9.109,412.5,57.90,5988.00,1.3140
9006449,"K01413.01","CONFIRMED",12.64504291,9.117,200.4,32.70,5607.00,0.8860
9006449,"K01413.02","CONFIRMED",21.5262958,8.392,190,23.40,5607.00,0.8860
9006449,"K01413.03","CONFIRMED",33.8845825,6.538,224.1,17.20,5607.00,0.8860
8916492,"K01414.01","FALSE POSITIVE",4.02378908,3.237,32.1,36.10,7516.00,3.6850
11193447,"K01415.01","FALSE POSITIVE",0.312941621,2.0646,35262,413.90,6286.00,1.1880
11517719,"K01416.01","CONFIRMED",2.495780169,4.2721,25070,171.40,6039.00,0.9920
11599264,"K01417.01","FALSE POSITIVE",8.428090255,1.881,11355.5,183.00,5761.00,0.8050
11100657,"K01418.01","FALSE POSITIVE",8.344104633,1.8014,9695,89.70,5447.00,0.8380
11125936,"K01419.01","FALSE POSITIVE",1.336109338,1.7419,2204.3,150.00,6119.00,0.9670
11026304,"K01420.01","CANDIDATE",13.35151248,3.6045,3308.8,107.90,4843.00,0.7540
11342550,"K01421.01","CANDIDATE",1693.6636225,22.604,9515.3,122.80,5923.00,1.0210
11497958,"K01422.01","CONFIRMED",5.841636615,1.8734,1336.3,41.10,3526.00,0.3830
11497958,"K01422.02","CONFIRMED",19.85029495,2.8407,1607.5,34.40,3526.00,0.3830
11497958,"K01422.03","CONFIRMED",10.8644095,1.853,748.7,16.80,3526.00,0.3830
11497958,"K01422.04","CONFIRMED",63.3354719,3.651,983,13.00,3526.00,0.3830
11497958,"K01422.05","CONFIRMED",34.1420506,2.945,788,13.30,3526.00,0.3830
11177707,"K01423.01","CONFIRMED",124.4197175,3.7197,4107,39.90,5066.00,1.6590
11611600,"K01424.01","CONFIRMED",1.219568047,1.5681,494.9,65.90,4838.00,0.7010
11254382,"K01425.01","CONFIRMED",2.05388477,2.1635,546.7,50.00,5632.00,1.1760
11122894,"K01426.01","CONFIRMED",38.86848956,6.0573,1004.9,73.40,5618.00,0.8970
11122894,"K01426.02","CONFIRMED",74.92768653,4.74,4119.2,161.50,5618.00,0.8970
11122894,"K01426.03","CONFIRMED",150.0189511,4.3823,4319.7,106.20,5618.00,0.8970
11129738,"K01427.01","CONFIRMED",2.613020421,1.9588,599.7,31.10,3883.00,0.5170
11129738,"K01427.02","CANDIDATE",4.88446644,2.057,221,9.10,3883.00,0.5170
11401182,"K01428.01","CONFIRMED",0.927859786,1.4279,515.3,99.80,4815.00,0.6990
11030711,"K01429.01","CONFIRMED",205.912735,9.992,2378.8,49.40,5644.00,0.9690
11176127,"K01430.01","CONFIRMED",10.47548084,2.3024,1070.7,40.30,4463.00,0.6110
11176127,"K01430.02","CONFIRMED",22.92886314,2.0831,908.9,21.30,4463.00,0.6110
11176127,"K01430.03","CONFIRMED",77.4740991,4.168,1543.6,27.50,4463.00,0.6110
11075279,"K01431.01","CANDIDATE",345.1589354,7.5646,5087.9,197.90,5597.00,0.9310
11014932,"K01432.01","CONFIRMED",6.88595222,4.148,428.5,34.50,5616.00,0.9990
11014932,"K01432.02","CONFIRMED",15.0549356,4.801,256.4,16.60,5616.00,0.9990
11014932,"K01432.03","CONFIRMED",2.92721119,2.545,170.2,18.00,5616.00,0.9990
11014932,"K01432.04","CONFIRMED",38.2856338,6.512,322.8,15.00,5616.00,0.9990
11288505,"K01433.01","CONFIRMED",19.80787763,3.453,616.3,20.10,5775.00,0.8400
11493431,"K01434.01","CONFIRMED",2.343230566,2.0424,246.5,23.90,4798.00,0.7820
11037335,"K01435.01","CONFIRMED",40.7150498,8.587,563.9,56.40,5968.00,0.8810
11037335,"K01435.02","CONFIRMED",10.44635944,2.749,354.2,34.40,5968.00,0.8810
11389771,"K01436.01","CONFIRMED",2.508553286,2.2664,211.6,26.80,5814.00,0.8810
11389771,"K01436.02","CONFIRMED",13.75129636,3.853,348.5,24.60,5814.00,0.8810
11389771,"K01436.03","CONFIRMED",5.41908491,2.3379,231,20.20,5814.00,0.8810
11599038,"K01437.01","CONFIRMED",7.01733571,3.567,255.5,15.50,6052.00,0.9670
11599038,"K01437.02","FALSE POSITIVE",9.27989,3.33,164.3,8.60,6052.00,0.9670
11599038,"K01437.03","FALSE POSITIVE",17.4217322,4.718,208.4,9.30,6052.00,0.9670
11193263,"K01438.01","CONFIRMED",6.91134223,5.6743,201.7,44.00,5685.00,1.3500
11027624,"K01439.01","CONFIRMED",394.6249514,24.108,2013.3,234.60,5910.00,1.7270
11032227,"K01440.01","CONFIRMED",7.19304935,3.407,255.3,19.00,6185.00,0.9910
11356260,"K01441.01","CONFIRMED",8.50698069,2.938,295.5,20.70,5822.00,0.9860
11600889,"K01442.01","CONFIRMED",0.669310092,1.6274,131.8,75.30,5475.00,1.0030
11197126,"K01443.01","FALSE POSITIVE",4.494498254,1.9742,248.2,39.30,5117.00,3.4030
11043167,"K01444.01","CONFIRMED",44.9306706,6.539,438.4,33.80,6121.00,1.1640
11336883,"K01445.01","CONFIRMED",7.16893064,4.6766,112.8,36.30,6221.00,1.4580
11336883,"K01445.02","CANDIDATE",54.325574,9.86,44.2,7.70,6343.00,1.1370
11336883,"K01445.03","CANDIDATE",20.01959599,7,,,,
12506351,"K01446.01","FALSE POSITIVE",1.22775877,2.7545,46148,292.70,6207.00,1.0440
7622486,"K01447.01","FALSE POSITIVE",40.24649897,6.0203,159414,420.90,6594.00,1.6910
7622486,"K01447.02","FALSE POSITIVE",2.27999662,5.7777,12831,366.80,6594.00,1.6910
9705459,"K01448.01","FALSE POSITIVE",2.48658617,2.7189,42122,91.60,5892.00,1.1980
7802136,"K01449.01","FALSE POSITIVE",10.980246199,3.74464,50078,1555.40,5952.00,0.8970
7532973,"K01450.01","CONFIRMED",2.144632238,6.2701,19836.9,334.80,6296.00,1.3050
9632895,"K01451.01","FALSE POSITIVE",27.32204488,5.6716,77474.5,3622.70,5620.00,0.7720
7449844,"K01452.01","FALSE POSITIVE",1.152216965,2.2245,12072,104.50,5560.00,15.1130
7842610,"K01453.01","FALSE POSITIVE",0.971933156,1.9265,4786,223.10,5592.00,0.9310
7830637,"K01454.01","FALSE POSITIVE",121.5991278,15.1596,10537,297.00,6036.00,0.8470
4760746,"K01455.01","CANDIDATE",15.068060768,3.3011,19387,282.80,5982.00,0.9600
7832356,"K01456.01","CONFIRMED",7.886632468,5.2147,6331.2,392.30,5847.00,1.1350
9643874,"K01457.01","CONFIRMED",8.027681123,3.0942,8725.4,461.50,5569.00,0.8870
12120943,"K01458.01","CANDIDATE",8.98128472,5.0397,4924,76.60,5977.00,1.0220
9761199,"K01459.01","FALSE POSITIVE",0.692015479,1.1315,4518.1,163.40,3752.00,0.4970
7751571,"K01460.01","FALSE POSITIVE",17.0421346,7.507,3616.7,108.90,5367.00,0.7730
9579499,"K01461.01","FALSE POSITIVE",7.94671044,2.8419,6084.4,165.30,4859.00,0.7020
11913013,"K01462.01","FALSE POSITIVE",3.74781242,5.241,5367,44.80,5780.00,1.0000
7672940,"K01463.01","FALSE POSITIVE",1064.2680956,11.5521,22771.7,1171.20,6340.00,2.1730
7838655,"K01464.01","FALSE POSITIVE",2.113202658,3.5234,2104.8,97.20,5482.00,0.8580
11702948,"K01465.01","CANDIDATE",9.771462706,1.767,6933.2,215.00,5812.00,0.8530
9512981,"K01466.01","CANDIDATE",281.5628889,8.853,21012,237.10,4810.00,0.7760
7770450,"K01467.01","FALSE POSITIVE",1.157808038,3.6705,866.7,78.80,5566.00,0.8860
9851226,"K01468.01","FALSE POSITIVE",8.48031942,7.297,1426.7,92.80,5951.00,0.9910
7543649,"K01469.01","FALSE POSITIVE",3.582076914,4.4228,1534.4,138.40,6109.00,0.9930
9480310,"K01470.01","CONFIRMED",15.43400996,4.2572,1785.9,59.70,5900.00,0.9510
11858748,"K01471.01","FALSE POSITIVE",1.780984316,2.173,590.9,46.00,5730.00,0.8700
7761545,"K01472.01","CONFIRMED",85.3514875,6.7504,4674.7,142.80,5584.00,0.9380
7499398,"K01473.01","CANDIDATE",23.02028478,3.544,5077.8,97.20,5613.00,0.9560
12365184,"K01474.01","CONFIRMED",69.72646639,3.7177,4491.2,300.70,6430.00,1.7310
4770365,"K01475.01","CONFIRMED",1.609321941,1.6067,728.5,35.30,4224.00,0.6030
4770365,"K01475.02","CONFIRMED",9.51220046,2.9497,1169.4,31.90,4224.00,0.6030
4770365,"K01475.03","CONFIRMED",4.72941177,2.234,434.3,14.60,4224.00,0.6030
12406749,"K01476.01","CONFIRMED",56.3587987,6.927,2559.6,44.40,5446.00,0.8210
7811397,"K01477.01","CANDIDATE",169.4976085,7.77,12192,82.80,5270.00,0.7870
12403119,"K01478.01","CONFIRMED",76.13622222,7.9393,2949.5,339.40,5591.00,0.8920
9842890,"K01479.01","FALSE POSITIVE",4.9883872,9.142,638.2,52.90,5819.00,0.8230
7512982,"K01480.01","CONFIRMED",20.38174802,3.7922,1597.1,46.80,4883.00,0.8080
7512982,"K01480.02","CANDIDATE",7.00447892,2.669,231.4,9.90,4883.00,0.8080
9597806,"K01481.01","CONFIRMED",5.101375725,2.595,894.6,55.10,5869.00,0.9540
7812167,"K01482.01","FALSE POSITIVE",17.7940049,4.091,879.4,27.70,6273.00,1.0440
11909686,"K01483.01","FALSE POSITIVE",185.9526325,3.5964,11106.9,147.30,5813.00,1.1640
11760959,"K01484.01","FALSE POSITIVE",3.47021401,2.289,1105.2,8.30,4922.00,0.7440
9692345,"K01485.01","FALSE POSITIVE",0.687895191,2.4233,462.5,60.90,4478.00,0.6510
7898352,"K01486.01","CONFIRMED",127.2824442,7.1545,8088.6,148.10,5733.00,1.1830
7898352,"K01486.02","CONFIRMED",30.1837021,5.879,974.9,37.90,5733.00,1.1830
12062667,"K01487.01","FALSE POSITIVE",2.92928244,6.794,268.6,39.20,6634.00,2.2510
9589323,"K01488.01","CONFIRMED",3.949627144,1.5485,807.2,45.10,5155.00,0.8360
9823487,"K01489.01","CONFIRMED",16.00460392,3.9475,831.9,34.30,5180.00,0.7690
9602514,"K01490.01","FALSE POSITIVE",3.55650737,8.545,293.6,77.10,4951.00,1.8430
9726659,"K01491.01","CONFIRMED",3.148661555,2.1978,550.5,35.30,5258.00,0.8730
12108312,"K01492.01","FALSE POSITIVE",0.70544824,2.9423,462.4,118.20,5717.00,0.8260
9842906,"K01493.01","FALSE POSITIVE",4.9883873,9.059,507.6,42.40,6418.00,1.1710
11821363,"K01494.01","CONFIRMED",8.19596647,2.824,792.8,20.20,4723.00,0.7470
7629518,"K01495.01","CONFIRMED",15.59466045,5.0478,867.7,49.20,5900.00,0.9290
4828341,"K01496.01","FALSE POSITIVE",36.12895451,2.2348,3758.6,66.30,5921.00,0.9120
11774387,"K01497.01","FALSE POSITIVE",0.520222869,1.2216,269.5,28.90,5776.00,0.8890
9636135,"K01498.01","CONFIRMED",5.83376197,3.9988,532.9,36.60,6213.00,1.1950
9636135,"K01498.02","CONFIRMED",2.42150341,2.965,171.5,15.80,6213.00,1.1950
7841925,"K01499.01","CONFIRMED",14.16400071,4.3031,728.1,71.50,5440.00,0.8850
7841925,"K01499.02","CANDIDATE",0.840594032,1.404,49.8,11.60,5440.00,0.8850
7841925,"K01499.03","CONFIRMED",6.20920207,2.637,101.9,12.10,5440.00,0.8850
9719634,"K01500.01","FALSE POSITIVE",3.351556891,2.4005,341.9,38.80,5185.00,0.9110
7439316,"K01501.01","CONFIRMED",2.617028373,2.046,499.4,30.80,4831.00,0.7240
12061238,"K01502.01","FALSE POSITIVE",1.876406096,1.531,433.8,37.00,5198.00,0.7590
12400538,"K01503.01","CONFIRMED",150.2412582,10.849,2378.5,72.30,5604.00,0.9430
9641018,"K01504.01","FALSE POSITIVE",2.178154348,3.4874,428.6,93.00,5947.00,0.8810
9813499,"K01505.01","CONFIRMED",5.03257009,4.213,439.1,26.30,5970.00,0.9080
12254792,"K01506.01","CONFIRMED",40.4286676,7.102,916.1,40.90,5813.00,0.8330
12020218,"K01507.01","CONFIRMED",21.3588236,5.823,640.1,33.20,6170.00,0.9920
7690844,"K01508.01","CONFIRMED",22.0459163,5.22,804.8,29.70,5900.00,0.9510
9535080,"K01509.01","FALSE POSITIVE",49.6456235,23.568,857.5,176.50,6273.00,1.4930
11870545,"K01510.01","CANDIDATE",0.839961456,1.3008,492.9,35.10,4932.00,0.7180
7901948,"K01511.01","CONFIRMED",2.578852119,2.3581,334.3,36.70,5743.00,0.8530
11955499,"K01512.01","FALSE POSITIVE",9.04189129,2.789,783.4,34.50,5237.00,0.8260
9784222,"K01513.01","FALSE POSITIVE",0.798200403,1.8261,396.8,65.90,6258.00,1.0310
9520668,"K01514.01","FALSE POSITIVE",1.399326503,1.8305,206.4,22.70,4502.00,0.7280
7871954,"K01515.01","CONFIRMED",1.937029968,1.4727,312.3,42.80,4042.00,0.4900
7871954,"K01515.02","CONFIRMED",7.06117322,1.0406,481.7,27.20,4042.00,0.4900
12418724,"K01516.01","CONFIRMED",20.55331441,5.3136,678.3,40.60,6325.00,1.1120
7456001,"K01517.01","CONFIRMED",40.0686713,5.8875,970.9,62.00,6026.00,0.9920
7549209,"K01518.01","CONFIRMED",27.5071114,5.907,580.7,30.70,5783.00,0.8800
7663405,"K01519.01","CONFIRMED",5.1443645,2.703,310.7,20.20,5157.00,0.9040
7663405,"K01519.02","CANDIDATE",57.132855,4.958,414.1,11.00,5157.00,0.9040
9765975,"K01520.01","CONFIRMED",18.45848388,3.3703,535.3,41.50,5311.00,0.9480
9818462,"K01521.01","CONFIRMED",25.9421582,4.045,569.7,31.60,5167.00,0.7960
12266636,"K01522.01","CONFIRMED",33.3856176,5.0361,553.2,37.10,5833.00,1.0220
12266636,"K01522.02","CANDIDATE",12.654896,4.325,100.6,10.40,5833.00,1.0220
9850893,"K01523.01","FALSE POSITIVE",8.48039789,6.249,259.7,22.70,5401.00,1.0500
4826110,"K01524.01","FALSE POSITIVE",1.333395306,1.188,114.5,11.50,5199.00,0.8110
7869917,"K01525.01","CONFIRMED",7.71467686,4.5871,233.9,33.30,6900.00,2.5990
7869917,"K01525.02","CONFIRMED",11.8061737,4.472,88.1,10.10,6900.00,2.5990
9824805,"K01526.01","CONFIRMED",4.4444826,3.686,163,18.00,6240.00,1.0790
7768451,"K01527.01","CANDIDATE",192.667139,5.443,1148.3,26.00,5401.00,0.8780
7691260,"K01528.01","CONFIRMED",3.989544192,1.591,190,26.20,5229.00,0.6880
9821454,"K01529.01","CONFIRMED",17.9776037,4.605,213.9,23.30,6296.00,1.0060
9821454,"K01529.02","CONFIRMED",11.8693144,4.653,101.9,13.90,6296.00,1.0060
11954842,"K01530.01","CONFIRMED",12.98494603,3.4497,257.2,38.40,5948.00,1.0250
11764462,"K01531.01","CONFIRMED",5.69919592,2.3906,159.4,35.30,5646.00,0.9320
11656246,"K01532.01","CONFIRMED",18.11473813,5.2706,241.5,51.30,6109.00,1.3600
7808587,"K01533.01","CONFIRMED",6.24145791,3.0998,163.7,30.80,5810.00,1.2590
4741126,"K01534.01","CONFIRMED",20.4222447,6.22,189.3,34.70,6119.00,1.2990
4741126,"K01534.02","CONFIRMED",7.63846084,3.957,71.7,16.60,6119.00,1.2990
11669125,"K01535.01","CONFIRMED",70.6981724,6.632,357.7,37.70,5811.00,0.8660
12159249,"K01536.01","CONFIRMED",3.74443645,2.9191,73.3,25.40,5876.00,1.2930
9872292,"K01537.01","CANDIDATE",10.19154678,6.165,61.3,27.60,6212.00,1.6840
9963461,"K01538.01","FALSE POSITIVE",10.581581895,6.66929,112642,1241.40,6168.00,1.5670
8081482,"K01539.01","FALSE POSITIVE",2.819453322,4.4127,71867,202.00,5767.00,1.0740
5649956,"K01540.01","FALSE POSITIVE",1.207852845,3.5802,49720,205.90,5601.00,0.7970
4840513,"K01541.01","FALSE POSITIVE",2.379282197,3.1729,48434,538.00,6392.00,1.1620
4840513,"K01541.02","FALSE POSITIVE",66.34455122,3.64,,,,
8113154,"K01542.01","FALSE POSITIVE",2.586878667,6.1614,25480,261.30,6812.00,1.1720
5270698,"K01543.01","FALSE POSITIVE",3.964333304,4.7136,25886.2,408.50,5758.00,2.3180
5024450,"K01544.01","FALSE POSITIVE",1.525924389,3.15998,24627.2,423.90,6203.00,1.0600
5282049,"K01545.01","FALSE POSITIVE",5.910371418,3.88962,17219.2,990.30,6200.00,0.9580
5282049,"K01545.02","FALSE POSITIVE",5.91039905,3.85,,,,
5475431,"K01546.01","CANDIDATE",0.917568975,2.0654,15805,128.10,5713.00,0.8930
5283458,"K01547.01","CANDIDATE",30.69395532,2.9512,18121,196.60,6137.00,1.0180
9940565,"K01548.01","FALSE POSITIVE",2.139325409,2.8056,6897.8,164.40,4765.00,0.6660
8053552,"K01549.01","CANDIDATE",29.481061268,3.6636,11870.9,332.00,5631.00,0.9010
8111381,"K01550.01","FALSE POSITIVE",2.233799622,3.04,2658.5,228.90,5741.00,0.8460
5444549,"K01551.01","FALSE POSITIVE",31.13862664,5.2482,11427,163.70,5919.00,1.0000
7984047,"K01552.01","CANDIDATE",77.63424586,4.1002,16612,185.50,4812.00,0.7550
7951018,"K01553.01","CONFIRMED",52.75878505,6.6517,5805.8,265.40,6228.00,1.1370
9899355,"K01554.01","FALSE POSITIVE",1.332564478,6.0325,1071.5,119.60,5995.00,0.8780
12644774,"K01555.01","FALSE POSITIVE",41.0772969,5.525,1216.8,28.80,5665.00,0.9380
9902856,"K01556.01","FALSE POSITIVE",135.9121619,5.628,10188,99.50,6141.00,0.9590
5371776,"K01557.01","CONFIRMED",3.295701024,1.8268,1745.7,114.70,4723.00,0.6910
5371776,"K01557.02","CONFIRMED",9.65349016,2.9029,1308.6,63.10,4723.00,0.6910
5371776,"K01557.03","CONFIRMED",5.315954488,1.1165,965.9,37.70,4723.00,0.6910
5371776,"K01557.04","CONFIRMED",1.499144441,1.4259,258.9,22.20,4723.00,0.6910
10019763,"K01558.01","FALSE POSITIVE",32.50456309,2.4657,7589.6,148.10,6132.00,0.9470
9899280,"K01559.01","FALSE POSITIVE",1.332560589,4.2427,566.6,108.80,4489.00,0.6090
8046659,"K01560.01","CANDIDATE",31.56904354,2.6364,4229.4,113.60,5654.00,0.9980
4940438,"K01561.01","FALSE POSITIVE",9.08590495,2.0718,2121.3,50.50,5931.00,0.8660
5308663,"K01562.01","FALSE POSITIVE",0.784512952,2.4623,586,44.40,5997.00,0.9040
5308663,"K01562.02","CANDIDATE",20.0679247,5.236,482.2,13.80,5997.00,0.9040
5219234,"K01563.01","CONFIRMED",5.48711441,2.93,1328.6,51.90,5103.00,0.7870
5219234,"K01563.02","CONFIRMED",8.29084167,3.613,1033.9,34.70,5103.00,0.7870
5219234,"K01563.03","CONFIRMED",3.20539622,2.143,453.6,20.60,5103.00,0.7870
5219234,"K01563.04","CONFIRMED",16.73869035,2.398,996.8,20.40,5103.00,0.7870
5184584,"K01564.01","CONFIRMED",53.44944498,5.3091,3437,119.50,5919.00,1.0000
5636648,"K01565.01","FALSE POSITIVE",0.466743525,1.3956,796.1,103.60,5791.00,0.8560
5564247,"K01566.01","FALSE POSITIVE",1.727177258,2.081,347.4,17.10,5394.00,0.7200
5438099,"K01567.01","CONFIRMED",7.24022418,2.9153,864.9,48.20,4955.00,0.7210
5438099,"K01567.02","CONFIRMED",4.64622383,2.5137,446.5,28.20,4955.00,0.7210
5438099,"K01567.03","CONFIRMED",17.32670445,4.269,800,34.80,4955.00,0.7210
5438099,"K01567.04","CONFIRMED",44.8411168,5.902,1051.6,28.90,4955.00,0.7210
5210475,"K01568.01","FALSE POSITIVE",1.008917105,1.4577,338.5,34.20,5708.00,0.7950
8009350,"K01569.01","CONFIRMED",13.75207851,2.8831,1215.6,36.80,4802.00,0.6990
8082001,"K01570.01","CONFIRMED",6.33855946,3.4617,721.7,57.40,6108.00,1.0300
5557821,"K01571.01","FALSE POSITIVE",2.92878704,4.634,549.4,47.70,5955.00,0.8830
10004519,"K01572.01","CONFIRMED",9.80321143,4.4617,813.4,53.10,6170.00,0.9920
5031857,"K01573.01","CONFIRMED",24.81097206,3.2245,2090.8,123.90,6086.00,0.9210
5031857,"K01573.02","CANDIDATE",7.136922,2.8005,221.6,23.70,6086.00,0.9210
10028792,"K01574.01","CONFIRMED",114.73658,12.0355,4850,230.60,5597.00,1.6990
10028792,"K01574.02","CONFIRMED",191.239133,16.942,1061.2,36.80,5597.00,1.6990
10028792,"K01574.03","CANDIDATE",5.83393857,4.5813,134.4,17.60,5597.00,1.6990
10028792,"K01574.04","CANDIDATE",8.9772888,4.72,97.5,10.30,5597.00,1.6990
5553652,"K01575.01","FALSE POSITIVE",24.3282251,6.158,1120.6,26.40,5286.00,0.7800
5299459,"K01576.01","CONFIRMED",10.41572666,2.7719,825.3,69.30,5511.00,0.9870
5299459,"K01576.02","CONFIRMED",13.08424286,3.0401,662,51.20,5511.00,0.9870
5299459,"K01576.03","CANDIDATE",23.3397956,1.923,125.1,4.50,5671.00,1.0840
12506770,"K01577.01","CONFIRMED",2.806243488,1.6271,599.6,22.40,4153.00,0.5810
5629985,"K01578.01","FALSE POSITIVE",2.27190723,5.383,149,36.80,5788.00,0.8560
9898364,"K01579.01","FALSE POSITIVE",7.132351753,2.9674,744.1,91.20,7530.00,1.9300
5193400,"K01580.01","FALSE POSITIVE",21.3781146,19.359,556.1,35.40,6218.00,1.1310
7939330,"K01581.01","CONFIRMED",29.5422566,13.902,879.9,39.50,5510.00,0.8030
7939330,"K01581.02","CONFIRMED",144.551628,16.599,1035.2,27.10,5510.00,0.8030
4918309,"K01582.01","CANDIDATE",186.4361811,5.774,4347,66.50,5393.00,1.3700
12602568,"K01583.01","CONFIRMED",8.04727721,5.159,486,36.10,5840.00,0.8490
9941066,"K01584.01","CONFIRMED",5.87063416,2.5736,505.6,23.20,4166.00,0.6120
5470739,"K01585.01","CONFIRMED",19.17893976,5.144,752.8,34.30,5767.00,0.8810
10022908,"K01586.01","CONFIRMED",6.99130452,2.1568,555.4,36.30,4847.00,0.7610
9932970,"K01587.01","CANDIDATE",52.971584,3.4632,3882.6,51.40,5204.00,0.7890
5617854,"K01588.01","CONFIRMED",3.517494725,1.5639,532.8,52.60,4132.00,0.5640
5301750,"K01589.01","CONFIRMED",8.72585478,4.473,446.7,37.70,6036.00,1.1310
5301750,"K01589.02","CONFIRMED",12.88291395,5.676,460.5,33.60,6036.00,1.1310
5301750,"K01589.03","CONFIRMED",27.4345973,5.038,472.6,25.30,6036.00,1.1310
5301750,"K01589.04","CONFIRMED",4.22453631,3.128,159.1,16.70,6036.00,1.1310
5301750,"K01589.05","CONFIRMED",44.5520266,6,362.1,16.70,6036.00,1.1310
5542466,"K01590.01","CANDIDATE",12.89006728,3.555,602.5,23.60,4915.00,0.8120
5542466,"K01590.02","CONFIRMED",2.35574505,1.796,266.9,17.00,4915.00,0.8120
5542466,"K01590.03","CANDIDATE",4.74666128,2.093,256.8,12.50,4915.00,0.8120
10028140,"K01591.01","CONFIRMED",19.65639342,3.226,843.2,25.50,5288.00,0.7400
5217586,"K01592.01","FALSE POSITIVE",26.0692512,7.487,831.5,59.70,5585.00,0.9100
5289854,"K01593.01","CONFIRMED",9.69501146,2.75,515.2,18.30,5896.00,0.9140
5289854,"K01593.02","CONFIRMED",15.3825394,3.815,550.5,18.40,5896.00,0.9140
9895709,"K01594.01","FALSE POSITIVE",1.818939148,1.644,331.2,39.30,6153.00,0.9620
10006581,"K01595.01","CONFIRMED",40.1097817,5.2096,732,40.30,5509.00,1.1690
10027323,"K01596.01","CONFIRMED",5.92365747,2.6302,406.5,26.40,3883.00,0.4960
10027323,"K01596.02","CONFIRMED",105.3582299,3.81,1210.2,22.60,3883.00,0.4960
5039228,"K01597.01","CANDIDATE",7.79668781,4.6699,361.3,48.50,6521.00,1.2760
10004738,"K01598.01","CONFIRMED",56.4758069,5.961,1091.8,70.00,5497.00,0.8390
10004738,"K01598.02","CONFIRMED",92.8747294,7.474,658.8,37.90,5497.00,0.8390
10004738,"K01598.03","CONFIRMED",13.93068791,2.312,186.5,14.90,5497.00,0.8390
5474613,"K01599.01","CONFIRMED",20.4074846,8.839,363.4,24.50,5823.00,0.9720
5474613,"K01599.02","CONFIRMED",13.6164547,5.175,376.1,22.60,5823.00,0.9720
4860932,"K01600.01","FALSE POSITIVE",12.36564669,3.644,388.4,22.80,6075.00,0.9520
5438757,"K01601.01","CONFIRMED",10.35078415,6.253,273.1,36.50,5534.00,1.0800
5438757,"K01601.02","CONFIRMED",62.9224936,11.64,417.8,28.70,5534.00,1.0800
4860678,"K01602.01","CONFIRMED",9.97716876,5.908,252.9,21.80,5557.00,1.6160
4860678,"K01602.02","CANDIDATE",3.03359398,4.026,95.6,12.30,5557.00,1.6160
5177104,"K01603.01","CONFIRMED",3.02168007,2.8264,171.9,32.90,6201.00,0.9890
10033279,"K01604.01","FALSE POSITIVE",72.4914068,3.612,1063.5,39.20,5754.00,2.7580
5009189,"K01605.01","FALSE POSITIVE",4.93913074,1.362,382.9,22.00,5956.00,1.1700
9886661,"K01606.01","CONFIRMED",5.082748362,1.7732,276.7,40.90,5430.00,0.8580
5477805,"K01607.01","FALSE POSITIVE",5.00673576,1.9398,191.2,26.60,6116.00,1.3830
10055126,"K01608.01","CONFIRMED",9.17617167,4.2642,206.9,34.30,5903.00,1.1560
10055126,"K01608.02","CONFIRMED",19.7383992,4.894,168.1,20.30,5903.00,1.1560
10055126,"K01608.03","CONFIRMED",232.040326,12.235,290.8,15.20,5903.00,1.1560
5009743,"K01609.01","CONFIRMED",41.6980186,5.7047,440.8,43.40,5997.00,0.9710
5474733,"K01610.01","FALSE POSITIVE",0.883778461,1.6339,120.1,31.70,5975.00,0.9490
12644769,"K01611.01","FALSE POSITIVE",41.077590334,6.20583,134484,5518.20,4451.00,0.6200
10963065,"K01612.01","CONFIRMED",2.465024332,1.262,30.7,23.20,6139.00,1.1940
6268648,"K01613.01","CONFIRMED",15.86624787,4.25,77.3,28.40,6099.00,1.3080
6268648,"K01613.02","CANDIDATE",94.094392,10.833,46.6,10.60,6099.00,1.3080
6268648,"K01613.03","CANDIDATE",20.605501,3.793,37.1,11.10,6099.00,1.3080
10514429,"K01614.01","FALSE POSITIVE",20.7191626,3.912,184.4,8.90,5837.00,1.3660
4278221,"K01615.01","CONFIRMED",1.340596782,1.6484,107.5,37.60,5992.00,1.1250
9015738,"K01616.01","CONFIRMED",13.93291548,2.6239,131.6,28.90,6026.00,1.2070
9015738,"K01616.02","CANDIDATE",34.775371,2.93,38.8,5.70,6028.00,1.0470
6387969,"K01617.01","FALSE POSITIVE",135.90795753,1.83,,,,
7215603,"K01618.01","CONFIRMED",2.36436762,3.372,28.4,12.40,6250.00,1.5430
4276716,"K01619.01","CANDIDATE",20.6654374,3.172,100.4,13.60,4830.00,0.6760
6468337,"K01620.01","FALSE POSITIVE",0.959853772,1.9163,55.8,27.10,6061.00,1.6530
5561278,"K01621.01","CONFIRMED",20.31047472,5.3357,164.6,46.10,6065.00,1.8770
7287683,"K01622.01","CANDIDATE",69.8347983,8.262,266.6,46.80,7732.00,2.0220
11392618,"K01623.01","FALSE POSITIVE",110.9215892,5.282,498,48.20,5725.00,1.3840
6233890,"K01624.01","FALSE POSITIVE",2.99540439,6.172,223.2,45.60,6106.00,3.0900
6312314,"K01625.01","FALSE POSITIVE",1.221204888,1.8511,111.6,27.30,5874.00,0.9970
6387542,"K01626.01","CONFIRMED",2.53475568,4.5716,463,51.30,5662.00,0.8060
6543893,"K01627.01","CONFIRMED",10.29674097,2.7292,1011.8,31.30,6068.00,1.7970
6543893,"K01627.02","CONFIRMED",5.93919041,2.285,424.5,15.90,6068.00,1.7970
6543893,"K01627.03","CANDIDATE",3.80675878,2.092,231.9,10.40,6068.00,1.7970
6975129,"K01628.01","CONFIRMED",19.74733983,3.4444,480.7,47.10,6243.00,1.1490
6975129,"K01628.02","CONFIRMED",1.772451066,2.4592,79.2,22.40,6243.00,1.1490
6975129,"K01628.03","CANDIDATE",37.8404232,6.408,232.6,23.70,6243.00,1.1490
8685497,"K01629.01","CONFIRMED",4.4096675,2.1418,132.7,26.40,5836.00,1.1660
9017682,"K01630.01","CANDIDATE",11.30507984,3.989,278.4,19.50,5705.00,0.8440
9084778,"K01631.01","CANDIDATE",0.592243731,1.386,3992.4,303.80,4920.00,0.5910
9277896,"K01632.01","CONFIRMED",4.59489816,3.1381,109.7,27.70,6056.00,1.3810
9401997,"K01633.01","CONFIRMED",32.2964275,4.561,472.2,17.90,5246.00,0.8910
10357040,"K01634.01","FALSE POSITIVE",46.882525,1.93,343.5,4.90,6045.00,0.9550
10487119,"K01635.01","FALSE POSITIVE",3.374684854,4.48335,80917,658.30,5754.00,0.9430
10621666,"K01636.01","FALSE POSITIVE",2.61841046,3.304,180.2,24.80,5912.00,0.8200
10621666,"K01636.02","FALSE POSITIVE",14.5862195,2.733,202.2,9.30,5904.00,0.8190
10686864,"K01637.01","CONFIRMED",2.97041801,2.2369,530.7,22.40,5068.00,0.7430
10747439,"K01638.01","FALSE POSITIVE",4.593594819,2.6391,1455.2,83.50,6075.00,0.9690
10749128,"K01639.01","FALSE POSITIVE",125.0426,8.99,104.3,6.40,6273.00,1.1390
10749128,"K01639.02","CANDIDATE",9.9824036,1.09,83.9,5.40,6273.00,1.1390
10813841,"K01640.01","FALSE POSITIVE",6.17039154,2.116,502.9,19.00,6137.00,0.9630
10879038,"K01641.01","CONFIRMED",4.8538404,3.198,196.4,15.40,5778.00,0.9680
10879656,"K01642.01","FALSE POSITIVE",0.364860478,1.4736,112.6,23.50,5220.00,0.6420
10990917,"K01643.01","CONFIRMED",11.04605365,4.799,308.3,24.30,6093.00,1.0250
11043136,"K01644.01","FALSE POSITIVE",2.621706694,1.941,4572,24.30,5749.00,0.8810
11045383,"K01645.01","FALSE POSITIVE",41.16676097,2.2133,5386.3,185.20,5193.00,0.8050
11046025,"K01646.01","CONFIRMED",3.72020708,1.892,156.9,15.00,5017.00,0.7970
11153121,"K01647.01","CONFIRMED",14.97031664,5.884,290.5,28.90,5726.00,1.4830
11153121,"K01647.02","CONFIRMED",32.2753853,8.622,223.9,17.90,5726.00,1.4830
11153121,"K01647.03","CANDIDATE",6.33027476,3.67,89.2,9.80,5900.00,1.0700
11177543,"K01648.01","CONFIRMED",38.3262237,3.073,392.1,15.00,5229.00,0.9030
11337141,"K01649.01","CONFIRMED",4.04355245,1.965,416.2,21.20,3871.00,0.5320
11337372,"K01650.01","CONFIRMED",6.53194024,3.3351,771.9,39.60,5301.00,0.9770
11337372,"K01650.02","CONFIRMED",100.8276725,8.39,1778.8,36.70,5301.00,0.9770
11337833,"K01651.01","CONFIRMED",51.3011844,5.359,498.9,19.60,6032.00,0.9290
11391667,"K01652.01","FALSE POSITIVE",1.083736642,1.57912,8930.8,954.20,5591.00,5.6180
11392017,"K01653.01","FALSE POSITIVE",2.45570369,3.1,273.8,23.50,5148.00,2.3140
11546211,"K01654.01","FALSE POSITIVE",1.097211085,1.6738,38946,83.50,3497.00,0.3340
11547505,"K01655.01","CONFIRMED",0.938466959,1.3015,217.4,54.40,5499.00,1.0870
4471747,"K01656.01","CANDIDATE",51.3901452,5.995,494,15.40,6074.00,1.2920
4474645,"K01657.01","FALSE POSITIVE",3.88673217,20.491,761.7,119.00,5798.00,0.7670
4570949,"K01658.01","CONFIRMED",1.544928892,1.43586,5817.3,1109.70,6309.00,1.4120
4650733,"K01659.01","CONFIRMED",29.5390897,4.139,403.3,18.80,6572.00,1.2380
4830605,"K01660.01","CANDIDATE",35.6364022,4.888,452.6,15.70,5926.00,0.8870
4832197,"K01661.01","FALSE POSITIVE",0.94773253,1.7645,11306,103.90,6302.00,1.2690
4844004,"K01662.01","FALSE POSITIVE",0.784031658,0.7773,352.2,28.20,5435.00,0.8240
4927315,"K01663.01","FALSE POSITIVE",11.76921923,3.219,519.3,27.40,6215.00,1.0520
4928119,"K01664.01","FALSE POSITIVE",44.638983058,3.04001,36830.1,488.50,6197.00,1.0350
4932442,"K01665.01","CONFIRMED",6.93365167,4.608,119.6,20.10,5861.00,1.3040
4932442,"K01665.02","CANDIDATE",5.91393977,0.562,84,2.80,6194.00,1.1290
5008501,"K01666.01","CANDIDATE",0.968026356,0.7143,212.7,32.60,6469.00,1.1930
5015913,"K01667.01","FALSE POSITIVE",1.179969562,1.9745,1109.3,277.90,5500.00,3.8990
5103942,"K01668.01","FALSE POSITIVE",10.10176739,2.1267,601.7,28.80,6058.00,0.8670
5183357,"K01669.01","CONFIRMED",61.0373591,8.378,437.5,40.20,6309.00,1.6140
5184709,"K01670.01","CANDIDATE",10.57910009,1.4553,329.3,17.90,6323.00,1.0930
5195172,"K01671.01","CONFIRMED",1.480283464,2.486,60.5,21.30,5897.00,1.2590
5269467,"K01672.01","CONFIRMED",33.8677783,3.72,894.8,23.80,4564.00,0.6910
5271608,"K01673.01","FALSE POSITIVE",2.49047468,2.2003,222.2,20.70,6067.00,0.9970
5357470,"K01674.01","FALSE POSITIVE",2.17257963,1.5794,335.5,27.10,6038.00,0.9710
5360920,"K01675.01","CANDIDATE",14.62399621,2.193,1082,25.00,5753.00,0.8150
5443775,"K01676.01","FALSE POSITIVE",3.307669761,1.672,243.1,66.70,5959.00,2.3820
5526717,"K01677.01","CONFIRMED",52.069002,3.0089,558.3,25.60,5565.00,1.2460
5526717,"K01677.02","CANDIDATE",8.51170088,2.9,,,,
5527172,"K01678.01","FALSE POSITIVE",3.183961388,3.7875,39268,339.20,5716.00,1.7600
5529643,"K01679.01","FALSE POSITIVE",0.759766456,5.323,480.5,73.00,6174.00,1.0260
5530882,"K01680.01","FALSE POSITIVE",5.0825188,3.328,105,17.10,5706.00,0.8340
5531953,"K01681.01","CANDIDATE",6.93910337,2.977,614.7,22.90,3638.00,0.4200
5531953,"K01681.02","CONFIRMED",1.992812339,2.066,314.8,16.80,3638.00,0.4200
5531953,"K01681.03","CANDIDATE",3.53105835,1.778,310.8,11.70,3638.00,0.4200
5531953,"K01681.04","CANDIDATE",21.9139549,3.271,584.4,11.80,3638.00,0.4200
5618071,"K01682.01","FALSE POSITIVE",88.821421,9.35,393.7,7.80,5081.00,3.3650
6034945,"K01683.01","CONFIRMED",9.11500269,4.558,268.3,21.70,5962.00,1.0280
6048024,"K01684.01","FALSE POSITIVE",62.81584402,2.6901,1688.4,54.60,6340.00,1.4920
6049190,"K01685.01","CONFIRMED",70.468171,6.653,922.4,45.00,6461.00,1.1310
6149553,"K01686.01","FALSE POSITIVE",56.86716792,4.23,,,,
6198999,"K01687.01","CONFIRMED",3.93246069,2.1763,455.5,30.60,4841.00,0.7790
6310636,"K01688.01","CONFIRMED",0.921030497,2.6077,101.5,27.00,5843.00,1.6150
6312534,"K01689.01","FALSE POSITIVE",1.507761203,3.096,2773.7,153.10,5069.00,0.8180
6470917,"K01690.01","FALSE POSITIVE",1.506019633,2.408,136.9,18.80,6065.00,0.8960
6611330,"K01691.01","FALSE POSITIVE",35.14578122,2.253,6789.4,86.80,5437.00,0.7830
6616218,"K01692.01","CONFIRMED",5.960400011,2.8617,828.3,126.10,5418.00,0.8860
6616218,"K01692.02","CONFIRMED",2.46106962,2.184,84.2,18.00,5418.00,0.8860
6696462,"K01693.01","FALSE POSITIVE",3.403743926,1.5017,815.9,59.50,5596.00,0.8530
6699368,"K01694.01","FALSE POSITIVE",3.690317047,1.3784,465.5,43.00,6120.00,1.0540
6803855,"K01695.01","CONFIRMED",71.4523167,6.276,216.9,16.60,6148.00,1.4880
6891366,"K01696.01","FALSE POSITIVE",1.752564549,3.503,116.6,38.00,6221.00,1.1800
6891637,"K01697.01","FALSE POSITIVE",1.752553762,3.877,414.7,32.50,4408.00,0.5290
6975615,"K01698.01","FALSE POSITIVE",2.065351521,2.661,173.2,25.30,5266.00,0.7490
7137725,"K01699.01","FALSE POSITIVE",2.253551793,3.66,119.6,42.10,6526.00,1.4260
7220429,"K01700.01","CONFIRMED",8.03753796,2.9118,286.5,31.10,5044.00,0.8040
7222086,"K01701.01","FALSE POSITIVE",2.43902575,1.1598,82.5,20.50,6546.00,2.7840
7304449,"K01702.01","CONFIRMED",1.538180949,1.2635,841,47.70,3364.00,0.2740
7380829,"K01703.01","FALSE POSITIVE",3.17463577,10.988,405.9,83.10,5999.00,0.9960
7386827,"K01704.01","CONFIRMED",10.4188915,3.0069,670,42.10,5692.00,1.0640
7522911,"K01705.01","CONFIRMED",20.4998763,6.501,437.8,21.10,6249.00,1.0760
7626370,"K01706.01","CONFIRMED",1.921437488,1.9046,278.7,56.70,5238.00,0.8510
7703955,"K01707.01","CONFIRMED",96.109323,9.877,982.3,28.70,5792.00,1.0050
7703955,"K01707.02","CONFIRMED",265.47847,10.28,1040.7,18.10,5792.00,1.0050
7750419,"K01708.01","CANDIDATE",32.7737631,3.416,564.5,21.70,5640.00,1.5340
7768952,"K01709.01","FALSE POSITIVE",22.4685309,3.034,242.3,21.30,5461.00,3.3010
7815744,"K01710.01","CONFIRMED",14.20442616,3.898,800.6,26.70,5350.00,0.6780
7955580,"K01711.01","CONFIRMED",55.673582,3.778,765.1,22.70,4998.00,0.8080
8162790,"K01712.01","FALSE POSITIVE",10.16104834,3.0448,908.9,36.80,5636.00,0.9130
8230616,"K01713.01","CONFIRMED",6.82778157,2.3726,545.8,32.20,4198.00,0.5740
8230616,"K01713.02","CONFIRMED",2.240486703,1.3988,436.3,33.80,4198.00,0.5740
9655129,"K01714.01","FALSE POSITIVE",2.743978797,6.442,39994,56.50,5334.00,0.8100
9836959,"K01715.01","CONFIRMED",105.0145774,7.426,296,33.90,5868.00,1.0420
9838949,"K01716.01","CONFIRMED",4.88084456,2.5574,343,32.60,4929.00,0.8610
9895006,"K01717.01","CONFIRMED",10.56137217,3.2645,238.4,21.70,5610.00,1.1710
9896558,"K01718.01","CONFIRMED",67.6690554,9.556,961.1,37.20,6127.00,1.0800
9896558,"K01718.02","CONFIRMED",153.348739,12.205,388,12.70,6127.00,1.0800
9899483,"K01719.01","FALSE POSITIVE",1.332561398,4.103,150.6,77.10,6468.00,1.6020
10015937,"K01720.01","CONFIRMED",59.6585348,5.514,1043.8,21.20,5243.00,0.8310
10019065,"K01721.01","CONFIRMED",52.6298542,6.118,675.8,27.20,5339.00,1.4330
10080248,"K01722.01","CONFIRMED",14.8783945,7.491,322.8,22.90,5822.00,0.8370
10213902,"K01723.01","CONFIRMED",59.6222627,6.888,993.4,31.90,6108.00,0.9970
10214162,"K01724.01","CONFIRMED",17.42393582,4.929,770.9,33.20,6018.00,0.9690
10905746,"K01725.01","CONFIRMED",9.8786461,1.8915,1472.7,49.20,3609.00,0.4220
8242434,"K01726.01","CONFIRMED",44.96407458,4.981,811.6,88.00,4827.00,0.7290
6185331,"K01727.01","CONFIRMED",49.7700907,10.065,3529.2,109.80,5774.00,0.8180
11820830,"K01728.01","FALSE POSITIVE",12.7319385,4.4157,11449,69.90,7238.00,1.5680
6603756,"K01729.01","FALSE POSITIVE",5.204286663,6.2598,35221,153.00,5332.00,0.8600
8460600,"K01730.01","FALSE POSITIVE",6.352090869,3.88771,75141.7,1343.20,5089.00,0.6930
8266276,"K01731.01","CANDIDATE",2.59488443,1.684,592.2,14.90,4748.00,0.7970
8266276,"K01731.02","FALSE POSITIVE",0.837898153,2.104,268.9,13.90,4748.00,0.7970
6869184,"K01732.01","CONFIRMED",43.3167427,4.995,987.5,27.10,5654.00,0.7740
8396405,"K01733.01","CANDIDATE",19.18109525,2.424,865.4,17.60,5214.00,0.5870
8845574,"K01734.01","FALSE POSITIVE",1.878156188,2.058,787.5,38.40,5075.00,0.6700
3446451,"K01735.01","FALSE POSITIVE",0.64234875,1.3699,103.7,61.30,7089.00,2.5840
6604328,"K01736.01","CONFIRMED",31.0033072,5.253,645.2,22.10,6090.00,1.0710
4365645,"K01738.01","CONFIRMED",4.16787814,2.2136,168.1,32.90,5251.00,0.8470
7199906,"K01739.01","CANDIDATE",220.65651253,7.82,,,,
6762829,"K01740.01","FALSE POSITIVE",18.795269797,9.9816,28241.1,3596.60,5623.00,1.8410
8180020,"K01741.01","FALSE POSITIVE",5.803127153,4.9041,58570,639.30,5533.00,0.7950
9528420,"K01742.01","FALSE POSITIVE",4.70847097,6.0503,32622.1,607.20,6214.00,1.0610
8129042,"K01743.01","FALSE POSITIVE",54.323118,25.863,538,19.20,6988.00,1.6700
6364327,"K01744.01","FALSE POSITIVE",5.24372504,17.136,234.4,51.60,5772.00,0.8670
9574614,"K01745.01","CANDIDATE",0.982090079,1.44892,5396.7,304.10,5472.00,0.7420
8197343,"K01746.01","CONFIRMED",11.79161234,3.036,415.4,20.70,5619.00,1.1990
7032421,"K01747.01","FALSE POSITIVE",20.55848388,1.449,677.3,20.80,5578.00,0.9360
7032421,"K01747.02","FALSE POSITIVE",0.56683399,0.75,,,,
7593110,"K01748.01","FALSE POSITIVE",3.549386251,2.4342,50664,108.20,5759.00,0.8920
6786348,"K01749.01","CONFIRMED",26.964501,3.792,601.7,20.10,5754.00,0.9050
6209677,"K01750.01","CONFIRMED",7.76845639,3.689,217.8,23.60,5447.00,0.9170
6209677,"K01750.02","CANDIDATE",2.53742164,1.563,104.5,12.80,5447.00,0.9170
9729691,"K01751.01","CONFIRMED",8.689301216,2.563,1117,70.90,5211.00,0.8950
9729691,"K01751.02","CONFIRMED",20.99757968,2.454,1131.8,44.70,5211.00,0.8950
8127586,"K01752.01","FALSE POSITIVE",16.6094904,3.189,272.9,12.70,6047.00,1.0500
4950232,"K01753.01","FALSE POSITIVE",0.979442525,1.0348,469.3,27.00,5532.00,0.7450
8651389,"K01754.01","CONFIRMED",15.13590453,2.236,255.7,19.80,6050.00,1.5720
5302006,"K01755.01","FALSE POSITIVE",6.14631207,3.803,891.1,20.30,6726.00,1.3100
4851464,"K01757.01","FALSE POSITIVE",5.548250634,6.06772,42873.4,1170.50,6124.00,1.0280
6705142,"K01758.01","CANDIDATE",5.59728249,1.795,1407.3,30.80,5610.00,0.8580
3248019,"K01759.01","FALSE POSITIVE",1.334104585,3.14624,61690.8,1334.60,6319.00,1.0830
3967760,"K01760.01","CONFIRMED",5.52418625,2.826,491,20.70,5334.00,1.0040
3967760,"K01760.02","CONFIRMED",8.77514782,3.176,351.9,12.70,5334.00,1.0040
4067336,"K01761.01","FALSE POSITIVE",10.12742274,1.2762,933.5,19.50,6392.00,1.1620
5387843,"K01762.01","FALSE POSITIVE",0.870693883,1.2137,438.5,55.60,5985.00,0.8830
10491044,"K01763.01","FALSE POSITIVE",2.1990638,3.197,344.8,19.30,5003.00,0.7070
11904734,"K01764.01","CANDIDATE",12.681733929,1.6866,5879.1,102.80,4976.00,0.7010
8043714,"K01765.01","FALSE POSITIVE",6.814984472,3.05409,23915.3,742.20,5465.00,0.8170
3654950,"K01766.01","FALSE POSITIVE",4.067371428,5.8962,63446.7,1094.60,5385.00,0.7500
8223328,"K01767.01","FALSE POSITIVE",35.51619219,2.5,10984,85.40,5514.00,0.8710
4150390,"K01768.01","FALSE POSITIVE",55.25178622,6.094,39873.6,585.00,5793.00,0.8320
8444552,"K01769.01","FALSE POSITIVE",0.589049151,2.25397,61953.4,1227.60,5592.00,0.7710
7918217,"K01770.01","FALSE POSITIVE",63.9354965,13.321,1250.6,57.60,3626.00,97.4100
11342573,"K01771.01","FALSE POSITIVE",91.05641908,6.7282,57607.6,701.10,6142.00,1.0460
3345675,"K01772.01","CANDIDATE",120.00336404,3.3803,39596,131.10,4315.00,0.6680
10153011,"K01773.01","CANDIDATE",83.09708021,9.2639,15860.2,277.20,5286.00,0.6360
11285136,"K01774.01","FALSE POSITIVE",2.368173896,2.346,10143,52.90,5944.00,0.9910
4913000,"K01775.01","FALSE POSITIVE",4.442520831,2.4779,531.5,100.30,6496.00,1.3300
8453214,"K01776.01","FALSE POSITIVE",5.77676732,6.822,5794.8,74.10,4401.00,0.6450
5110423,"K01777.01","FALSE POSITIVE",2.685223546,4.0632,5494.6,238.70,5552.00,0.7190
5444384,"K01778.01","FALSE POSITIVE",1.519529227,5.1675,8372.5,155.10,6033.00,1.0460
9909735,"K01779.01","CONFIRMED",4.66271902,2.757,1630.6,28.20,5729.00,0.9390
9909735,"K01779.02","CONFIRMED",11.8150174,2.834,1003,10.50,5729.00,0.9390
5450814,"K01780.01","FALSE POSITIVE",6.487525901,2.4536,20209,74.30,4481.00,0.4850
11551692,"K01781.01","CONFIRMED",7.834433676,2.89,2018.1,246.60,4920.00,0.7200
11551692,"K01781.02","CONFIRMED",3.005156911,2.0747,691.6,115.10,4920.00,0.7200
11551692,"K01781.03","CONFIRMED",58.0198583,5.348,1286.6,66.00,4920.00,0.7200
8678664,"K01782.01","FALSE POSITIVE",15.420409367,2.3707,14759.2,268.50,5468.00,0.8800
10005758,"K01783.01","CONFIRMED",134.4785189,5.9288,4033.5,149.90,5791.00,1.3360
10005758,"K01783.02","CONFIRMED",284.063137,8.297,1628.1,53.50,5791.00,1.3360
10158418,"K01784.01","CANDIDATE",5.007414194,1.3584,4413.9,196.60,5957.00,1.0420
9366989,"K01785.01","FALSE POSITIVE",1.219034472,2.151,6923.8,99.20,5833.00,1.1920
3128793,"K01786.01","FALSE POSITIVE",24.68662378,15.168,8052.3,210.90,4648.00,5.1320
5864975,"K01787.01","CONFIRMED",98.7179332,6.593,7320,124.40,5808.00,0.7860
2975770,"K01788.01","CONFIRMED",71.52543938,5.9189,5904.3,111.30,4855.00,0.7780
2975770,"K01788.02","CANDIDATE",369.069345,5.832,945.9,11.70,4855.00,0.7780
5565497,"K01789.01","FALSE POSITIVE",1.412526202,5.49,150.3,70.60,8468.00,1.9100
6504954,"K01790.01","CONFIRMED",130.3543929,6.474,5128.7,103.70,5970.00,1.0150
4144231,"K01791.01","FALSE POSITIVE",22.91339043,3.94,5407,86.90,5451.00,0.6000
8552719,"K01792.01","CONFIRMED",88.40678718,12.3079,1724.4,328.00,5611.00,1.0730
8552719,"K01792.02","FALSE POSITIVE",1.546222068,7.998,49.4,56.60,5611.00,1.0730
8552719,"K01792.03","CONFIRMED",9.10969334,5.3181,126.4,47.80,5611.00,1.0730
5731623,"K01793.01","CANDIDATE",3.261759866,1.7593,3876.1,190.40,6131.00,0.9450
6153672,"K01794.01","FALSE POSITIVE",3.364425589,1.3261,4843,32.00,5813.00,0.7750
9674608,"K01795.01","FALSE POSITIVE",2.972047661,1.198,5945,20.00,4491.00,0.7110
10019399,"K01796.01","FALSE POSITIVE",11.805707539,2.0494,2052.1,124.90,6065.00,1.8910
10676014,"K01797.01","CONFIRMED",16.78175788,3.7386,908,118.80,4925.00,0.7420
6867766,"K01798.01","FALSE POSITIVE",12.964717746,1.8303,3732.9,183.30,6210.00,1.0330
6058614,"K01799.01","FALSE POSITIVE",1.731079436,1.8419,11974,36.20,6045.00,0.9550
11017901,"K01800.01","CONFIRMED",7.794302043,1.1081,3387.4,159.20,5494.00,0.9820
5088591,"K01801.01","CONFIRMED",14.5324483,3.13,1355.9,16.50,5345.00,0.8600
11298298,"K01802.01","CONFIRMED",5.248667607,1.917,601.2,59.50,5807.00,1.0120
4349442,"K01803.01","CANDIDATE",4.539297295,1.9455,798.1,50.30,4914.00,0.7240
4349442,"K01803.02","FALSE POSITIVE",12.720298433,2.4599,283.6,12.70,4914.00,0.7240
4349442,"K01803.03","FALSE POSITIVE",6.238315363,2.501,82.9,5.30,4914.00,0.7240
11187436,"K01804.01","CONFIRMED",5.90741476,1.016,5569,7.20,4963.00,0.6900
4644952,"K01805.01","CONFIRMED",6.94135824,1.8899,825,43.10,5527.00,0.8800
4644952,"K01805.02","CONFIRMED",31.7821117,3.856,570.2,21.60,5527.00,0.8800
4644952,"K01805.03","CONFIRMED",4.36273233,2.2375,341.6,25.60,5527.00,0.8800
9529744,"K01806.01","FALSE POSITIVE",2.404556949,7.4918,408.7,147.10,6426.00,1.7750
9529744,"K01806.02","CONFIRMED",17.9346606,6.25,142.7,18.80,6426.00,1.7750
9529744,"K01806.03","CONFIRMED",8.37159554,5.252,98,16.60,6426.00,1.7750
10614012,"K01807.01","FALSE POSITIVE",132.1331011,26.715,7956.2,284.30,5067.00,8.1210
7761918,"K01808.01","CONFIRMED",89.1935737,4.0104,868.3,43.50,6071.00,1.2950
8240797,"K01809.01","CONFIRMED",13.09390911,2.2805,398.7,62.20,5772.00,0.9560
8240797,"K01809.02","CONFIRMED",4.915385452,2.7757,225.5,65.60,5772.00,0.9560
8164262,"K01810.01","FALSE POSITIVE",87.455958,18.257,1604.9,118.90,7700.00,2.1110
3966262,"K01811.01","FALSE POSITIVE",2.46353343,2.954,830,6.80,5541.00,0.7770
6279974,"K01812.01","FALSE POSITIVE",0.805259257,1.42246,1384.3,329.70,5872.00,2.0220
9455325,"K01813.01","CONFIRMED",9.76785911,2.1649,585.4,54.10,5371.00,0.8520
5621125,"K01814.01","CONFIRMED",14.80075082,5.762,501.4,54.00,6327.00,7.6630
9872283,"K01815.01","CONFIRMED",3.126861192,1.1926,794.6,94.60,4854.00,1.7490
9872283,"K01815.02","CANDIDATE",1.74610057,1.299,54.2,9.20,4854.00,1.7490
8624520,"K01816.01","CANDIDATE",10.240611361,0.9617,2958,72.00,5227.00,0.6400
7918172,"K01817.01","FALSE POSITIVE",63.934965,12.71,1119.5,45.60,5209.00,1.5950
7870032,"K01818.01","CONFIRMED",16.87725775,3.7917,818.4,43.10,5497.00,0.8720
9597058,"K01819.01","CONFIRMED",12.05705659,2.3462,523.9,20.80,5365.00,0.8340
8277797,"K01820.01","CONFIRMED",4.33722007,2.4973,358.5,47.90,5390.00,0.8760
8277797,"K01820.02","CONFIRMED",1.653889476,1.7242,124.4,22.30,5390.00,0.8760
8832512,"K01821.01","CONFIRMED",9.97682072,3.4873,966.8,31.30,5500.00,0.9280
5124667,"K01822.01","CONFIRMED",150.8783198,8.6797,659.9,70.60,5504.00,1.7370
10092312,"K01823.01","FALSE POSITIVE",4.468456599,1.4195,906.7,39.10,5869.00,0.9420
10092312,"K01823.02","FALSE POSITIVE",1.096587245,3.0287,541.2,67.10,5869.00,0.9420
2989404,"K01824.01","CONFIRMED",3.553831111,3.1029,191.8,77.40,6015.00,1.0810
2989404,"K01824.02","CONFIRMED",1.6783263,2.5123,146.3,76.10,6015.00,1.0810
5375194,"K01825.01","CONFIRMED",13.52252364,3.987,690.6,22.40,5338.00,0.8160
6468138,"K01826.01","CONFIRMED",134.2520474,9.0636,832.1,57.20,5818.00,1.2000
10031707,"K01827.01","FALSE POSITIVE",8.58966893,6.962,429.6,47.50,3837.00,80.3070
11875734,"K01828.01","CONFIRMED",99.7468804,6.804,1287,45.60,5620.00,0.9740
7697568,"K01829.01","FALSE POSITIVE",22.84156293,2.5997,2940.7,47.60,5381.00,0.8260
7697568,"K01829.02","FALSE POSITIVE",10.3482112,2.089,255.1,8.40,5383.00,0.8220
3326377,"K01830.01","CONFIRMED",13.22714056,3.2861,812,51.80,5180.00,0.8000
3326377,"K01830.02","CONFIRMED",198.7106251,8.638,2094.8,62.10,5180.00,0.8000
11601584,"K01831.01","CONFIRMED",51.8098276,6.343,1025.4,56.80,5191.00,0.8260
11601584,"K01831.02","CONFIRMED",4.38536428,2.5126,198.5,25.90,5191.00,0.8260
11601584,"K01831.03","CONFIRMED",34.205785079,5.1691,183.2,11.60,5191.00,0.8260
11601584,"K01831.04","CONFIRMED",13.97945055,1.2325,356.1,17.10,5191.00,0.8260
11709244,"K01832.01","CONFIRMED",4.544436472,1.8141,879.3,42.50,5445.00,0.9370
11709244,"K01832.02","CONFIRMED",12.76220558,2.0688,653.8,17.40,5445.00,0.9370
11709244,"K01832.03","CONFIRMED",38.7149617,3.441,694.8,16.20,5445.00,0.9370
11853878,"K01833.01","CONFIRMED",3.69298623,1.7744,763.3,33.90,4402.00,0.5720
11853878,"K01833.02","CONFIRMED",7.68433346,1.4346,1175,28.50,4402.00,0.5720
11853878,"K01833.03","CONFIRMED",5.70940795,1.622,586.7,20.20,4402.00,0.5720
5802478,"K01834.01","FALSE POSITIVE",3.79188234,2.15,417,6.60,6171.00,0.9100
9471268,"K01835.01","CONFIRMED",4.580346161,2.097,308.3,49.80,5103.00,0.7890
9471268,"K01835.02","CONFIRMED",2.248288213,2.0361,263.2,59.70,5103.00,0.7890
9471268,"K01835.03","CONFIRMED",6.76690759,1.7062,249.3,29.70,5103.00,0.7890
5389540,"K01836.01","FALSE POSITIVE",10.26231992,3.568,813.9,17.30,4316.00,0.5400
10657406,"K01837.01","CONFIRMED",34.1732156,4.7679,635,38.90,5201.00,0.8340
10657406,"K01837.02","CONFIRMED",1.682934607,1.8846,142.7,24.50,5201.00,0.8340
5526527,"K01838.01","CONFIRMED",16.7364755,2.151,1147,9.90,4334.00,0.6530
5856571,"K01839.01","CONFIRMED",9.59068586,3.452,544.6,40.00,5476.00,1.6730
5856571,"K01839.02","CANDIDATE",80.4103783,3.487,591.4,14.00,5476.00,1.6730
7765528,"K01840.01","CONFIRMED",7.03932913,3.514,836.7,48.60,5846.00,1.2400
7765528,"K01840.02","CANDIDATE",9.3888216,4.154,192.7,9.60,5846.00,1.2400
11760231,"K01841.01","CONFIRMED",49.6075771,2.9575,626.7,44.90,5187.00,0.7740
7779077,"K01842.01","CONFIRMED",16.84183355,2.6194,822.1,23.60,5602.00,1.0090
5080636,"K01843.01","CONFIRMED",4.194496867,1.7807,660.7,45.00,3706.00,0.5220
5080636,"K01843.02","CANDIDATE",6.35585682,1.55,176.6,9.20,3706.00,0.5220
8892721,"K01844.01","FALSE POSITIVE",61.4913415,9.627,3692.4,70.50,4796.00,0.5980
3338885,"K01845.01","CONFIRMED",1.970340203,1.7901,403.2,56.30,4883.00,1.6670
3338885,"K01845.02","CONFIRMED",5.05821338,1.132,748.3,43.20,4883.00,1.6670
9886255,"K01846.01","CONFIRMED",105.9566815,6.9988,2286.4,51.80,5327.00,0.8000
6776401,"K01847.01","CONFIRMED",26.85323647,4.4557,965.8,53.30,5329.00,0.8690
7430034,"K01848.01","CONFIRMED",49.6220669,7.222,505.5,47.60,5938.00,1.1840
9735426,"K01849.01","CONFIRMED",8.08801663,1.8334,952.9,46.10,5269.00,0.8740
8826168,"K01850.01","CONFIRMED",11.55103848,3.3601,402.8,49.80,5907.00,1.0580
10464050,"K01851.01","CONFIRMED",4.469754641,1.813,553.9,37.10,5988.00,0.9340
9763348,"K01852.01","CONFIRMED",15.77382794,4.957,313.6,30.40,6283.00,1.5310
8804397,"K01853.01","CONFIRMED",60.0853848,7.007,432.2,51.70,6028.00,1.0470
9662811,"K01854.01","CONFIRMED",43.0343364,6.571,541.6,50.00,5550.00,0.9110
5992270,"K01855.01","FALSE POSITIVE",58.4302648,7.18,1849.5,34.10,4338.00,0.6090
11570749,"K01856.01","CANDIDATE",46.2991052,5.2481,854.9,55.00,5396.00,1.5070
11297236,"K01857.01","CONFIRMED",88.6440015,7.82,625.5,57.60,5661.00,0.9340
8160953,"K01858.01","CONFIRMED",116.3311739,7.025,1586.3,31.50,5354.00,0.8350
8160953,"K01858.02","CANDIDATE",86.049055,29.28,429.9,8.00,5733.00,0.9970
8625821,"K01859.01","FALSE POSITIVE",45.3968385,4.477,1355.2,38.90,5649.00,0.7050
4157325,"K01860.01","CONFIRMED",6.31943553,3.3422,581.1,61.00,5670.00,1.0220
4157325,"K01860.02","CONFIRMED",12.20951755,4.1808,538.1,45.50,5670.00,1.0220
4157325,"K01860.03","CONFIRMED",3.07644709,2.6326,216.7,29.30,5670.00,1.0220
4157325,"K01860.04","CANDIDATE",24.8434837,4.8,217.4,14.20,5670.00,1.0220
3648437,"K01861.01","CANDIDATE",17.50441726,4.2585,725.4,47.50,5815.00,1.3290
7286173,"K01862.01","CONFIRMED",56.4349933,4.7381,580,47.70,5534.00,1.0010
11126381,"K01863.01","CONFIRMED",33.7888028,5.496,649.2,36.00,6202.00,1.0620
4149450,"K01864.01","CONFIRMED",3.215109385,4.365,158,53.30,5541.00,0.9340
9115681,"K01865.01","FALSE POSITIVE",1.86390886,4.414,176.1,18.30,6689.00,3.3810
9520838,"K01866.01","CONFIRMED",105.3035093,6.214,1362.2,40.60,5534.00,0.8750
8167996,"K01867.01","CONFIRMED",2.549562652,1.6999,495.1,43.70,3716.00,0.5060
8167996,"K01867.02","CONFIRMED",13.96950181,1.5871,1110,37.00,3716.00,0.5060
8167996,"K01867.03","CONFIRMED",5.21230171,2.098,430,29.30,3716.00,0.5060
6773862,"K01868.01","CONFIRMED",17.76076524,1.6679,1287.2,42.60,3826.00,0.5160
8009496,"K01869.01","FALSE POSITIVE",38.4769457,5.825,259.4,18.40,6079.00,2.1630
10187159,"K01870.01","CONFIRMED",7.96431492,1.5342,746,44.30,5185.00,0.9100
9758089,"K01871.01","CONFIRMED",92.7297248,6.83,1257.5,43.30,4580.00,0.6750
9758089,"K01871.02","CONFIRMED",32.376183,4.4639,745.4,34.20,4580.00,0.6750
9883311,"K01872.01","CANDIDATE",30.5231459,2.7286,2212.3,38.70,5518.00,0.7900
4939346,"K01873.01","CONFIRMED",71.3116598,8.813,2138,43.40,6194.00,1.0690
4939346,"K01873.02","CONFIRMED",34.9168399,7.343,500,15.40,6194.00,1.0690
8978528,"K01874.01","CONFIRMED",18.6848377,3.7965,1251.5,41.20,4156.00,0.5450
8978528,"K01874.02","CONFIRMED",7.41634701,2.1362,505.5,20.60,4156.00,0.5450
9967771,"K01875.01","CONFIRMED",9.91724268,3.2241,457.9,38.80,5539.00,1.2070
9967771,"K01875.02","CONFIRMED",0.53835407,1.5045,190.2,46.60,5539.00,1.2070
11622600,"K01876.01","CONFIRMED",82.5341188,4.8556,1895.4,40.10,4316.00,0.5800
10454632,"K01877.01","CONFIRMED",20.16037858,4.13,343.6,35.10,4975.00,0.7240
3098810,"K01878.01","CONFIRMED",40.80957343,3.158,436.1,39.30,6183.00,1.3000
8367644,"K01879.01","CONFIRMED",22.08551599,2.1727,3157.4,48.50,3828.00,0.5650
10332883,"K01880.01","CONFIRMED",1.151166776,1.0907,578.4,83.70,3951.00,0.5350
4035640,"K01881.01","CONFIRMED",28.26727385,4.5839,1160.2,42.10,5132.00,0.8860
6205228,"K01882.01","CONFIRMED",3.770590654,2.029,314.4,37.10,5714.00,1.2080
11758544,"K01883.01","CONFIRMED",2.7073064,3.4378,69.5,31.70,6045.00,1.6290
4851530,"K01884.01","CANDIDATE",23.11707222,3.9948,2407.5,61.20,5275.00,0.7960
4851530,"K01884.02","CANDIDATE",4.77502117,1.7087,451.4,16.70,5275.00,0.7960
11413812,"K01885.01","CONFIRMED",5.65378163,1.9483,366.8,37.80,5988.00,0.9340
9549648,"K01886.01","CONFIRMED",5.99185827,1.7215,186.3,32.10,6157.00,1.6950
10965740,"K01887.01","FALSE POSITIVE",21.78769087,4.498,507.7,38.10,5627.00,3.0500
10063802,"K01888.01","CONFIRMED",120.0183551,11.637,886,46.10,6469.00,1.4670
11074178,"K01889.01","CONFIRMED",14.30517579,4.535,863.4,37.50,5741.00,0.8460
11074178,"K01889.02","CONFIRMED",9.18189122,4.343,363.6,18.20,5741.00,0.8460
7449136,"K01890.01","CONFIRMED",4.33643506,4.1445,108.5,48.00,6180.00,1.6030
8680979,"K01891.01","CONFIRMED",15.95541913,3.9851,762.6,39.00,4891.00,0.8050
8680979,"K01891.02","CONFIRMED",8.25980352,2.928,298.4,18.30,4891.00,0.8050
9030537,"K01892.01","CONFIRMED",62.5613879,5.907,1372.6,35.00,5662.00,0.8400
8689793,"K01893.01","CONFIRMED",3.554856338,2.1004,232.9,40.80,6068.00,0.8310
11673802,"K01894.01","CONFIRMED",5.28790754,8.5274,343.9,90.60,4994.00,3.8180
4263293,"K01895.01","CONFIRMED",8.45746636,2.2906,1320.3,21.80,4347.00,0.5240
4263293,"K01895.02","CONFIRMED",17.28116957,2.829,1562.8,20.30,4347.00,0.5240
4263293,"K01895.03","CONFIRMED",32.1340014,2.691,1262,11.80,4347.00,0.5240
10294613,"K01896.01","FALSE POSITIVE",1.854493861,4.2367,1287.3,108.20,5431.00,0.8430
5695524,"K01897.01","CONFIRMED",59.7711433,4.843,574.5,38.50,6214.00,1.1220
7668663,"K01898.01","CONFIRMED",6.4980147,2.4384,190.9,41.20,5727.00,1.1040
7047922,"K01899.01","CONFIRMED",19.76169247,3.9097,392.5,35.30,6327.00,1.1750
7047922,"K01899.02","CANDIDATE",10.5226374,3.864,68.9,8.90,6327.00,1.1750
9353314,"K01900.01","CONFIRMED",5.18498961,2.1397,430.1,36.40,4325.00,0.5600
3629967,"K01901.01","CONFIRMED",85.6542476,6.866,476,36.60,5818.00,1.6470
5809954,"K01902.01","FALSE POSITIVE",137.8645881,1.922,2363,28.20,3645.00,0.4490
3836453,"K01903.01","FALSE POSITIVE",1.540395781,1.6305,173.4,46.60,4955.00,0.7350
8766650,"K01904.01","CONFIRMED",12.43929428,3.176,254.3,24.90,4987.00,0.7730
10328393,"K01905.01","CONFIRMED",7.62635494,2.4168,296.1,32.50,4955.00,0.7210
10328393,"K01905.02","CONFIRMED",15.99560373,3.471,221.7,20.00,4955.00,0.7210
10328393,"K01905.03","CONFIRMED",34.2115022,4.947,273.8,20.70,4955.00,0.7210
11773328,"K01906.01","CANDIDATE",8.710442022,0.9425,1196.4,42.60,5416.00,0.8090
7094486,"K01907.01","CONFIRMED",11.35010642,2.2792,1221,38.30,3597.00,0.5140
5706966,"K01908.01","CONFIRMED",12.55111099,3.1293,494.1,33.20,4213.00,0.5980
5706966,"K01908.02","CONFIRMED",24.0884178,3.952,387.2,21.00,4213.00,0.5980
10130039,"K01909.01","CONFIRMED",12.75800092,4.1828,187.9,41.70,5782.00,1.0950
10130039,"K01909.02","CONFIRMED",5.47033376,3.1441,112,32.70,5782.00,1.0950
10130039,"K01909.03","CONFIRMED",25.0985083,2.7727,167.6,21.30,5782.00,1.0950
8226050,"K01910.01","CONFIRMED",34.2685741,4.8251,699.3,38.20,5083.00,0.8720
8226050,"K01910.02","CANDIDATE",18.3848331,3.545,151.8,10.30,5083.00,0.8720
9965957,"K01911.01","CONFIRMED",5.75321539,1.7948,733.8,31.80,5445.00,0.9290
3952651,"K01912.01","FALSE POSITIVE",32.9045733,4.402,662.3,19.70,5780.00,1.0000
9704384,"K01913.01","CONFIRMED",5.50860699,3.0788,203.9,38.20,5448.00,0.8830
8426567,"K01914.01","CONFIRMED",18.93055119,3.372,684,26.20,5015.00,1.6430
9101496,"K01915.01","CONFIRMED",6.56226483,4.0144,260.8,41.20,5878.00,1.8120
9101496,"K01915.02","CONFIRMED",67.844689,11.757,211.2,18.90,5878.00,1.8120
6037581,"K01916.01","CONFIRMED",20.67876365,4.6395,323.9,42.60,5865.00,1.2720
6037581,"K01916.02","CONFIRMED",9.59993246,4.3206,271.2,52.00,5865.00,1.2720
6037581,"K01916.03","CONFIRMED",2.0248205,2.55,63.3,20.20,5865.00,1.2720
10074466,"K01917.01","CONFIRMED",35.01190875,2.868,436.7,34.00,5872.00,1.1530
7369865,"K01918.01","FALSE POSITIVE",42.2625935,4.465,692.2,40.70,5432.00,3.5810
8127607,"K01919.01","FALSE POSITIVE",16.60973843,4.515,667.8,29.70,5238.00,0.7520
8218379,"K01920.01","CONFIRMED",16.57099265,2.9052,644.9,40.90,5483.00,0.7790
8218379,"K01920.02","CANDIDATE",10.1384691,4.026,92.8,9.10,5483.00,0.7790
7755636,"K01921.01","CONFIRMED",16.00496657,6.5047,377.5,49.80,6384.00,1.9040
9411166,"K01922.01","CONFIRMED",1.954525966,2.0944,392.8,43.10,5741.00,1.1360
9411166,"K01922.02","CANDIDATE",15.09521323,3.41,,,,
9411166,"K01922.03","CONFIRMED",105.6552651,9.39,1366.9,42.30,5741.00,1.1360
4989057,"K01923.01","CONFIRMED",7.23400381,2.165,453.3,34.30,5411.00,0.8500
5108214,"K01924.01","FALSE POSITIVE",2.11913005,4.141,28.7,21.50,5799.00,2.3770
9955598,"K01925.01","CONFIRMED",68.958447,3.128,123.3,30.00,5455.00,0.8880
10230571,"K01926.01","FALSE POSITIVE",123.11494773,17.24,,,,
7219761,"K01927.01","FALSE POSITIVE",47.76397728,4.08,,,,
5770074,"K01928.01","CONFIRMED",63.0380366,7.3702,658.7,53.10,5798.00,1.0190
10136549,"K01929.01","CONFIRMED",9.69315023,5.6725,141.8,45.10,5683.00,1.4720
10136549,"K01929.02","CONFIRMED",3.29276797,4.8069,80.7,40.80,5683.00,1.4720
5511081,"K01930.01","CONFIRMED",13.72710334,7.3419,199.2,62.50,5951.00,1.6930
5511081,"K01930.02","CONFIRMED",24.3110031,8.7682,184.4,48.90,5951.00,1.6930
5511081,"K01930.03","CONFIRMED",44.4304059,10.306,238.5,50.50,5951.00,1.6930
5511081,"K01930.04","CONFIRMED",9.34145925,6.18,81.7,29.40,5951.00,1.6930
10978763,"K01931.01","CONFIRMED",4.97760447,2.5719,287.3,27.50,5353.00,1.0230
10978763,"K01931.02","CONFIRMED",10.55840479,3.366,194.2,14.60,5353.00,1.0230
10978763,"K01931.03","CONFIRMED",6.98800953,3.103,193.2,17.10,5353.00,1.0230
5202905,"K01932.01","CONFIRMED",22.8245144,6.617,322.7,15.90,6642.00,1.8460
5202905,"K01932.02","CONFIRMED",14.8444836,6.091,177.9,10.50,6642.00,1.8460
9072190,"K01933.01","CONFIRMED",49.1011093,6.341,845.6,39.70,5393.00,1.1100
4242147,"K01934.01","CANDIDATE",28.78270955,3.451,864.5,40.10,4774.00,0.7450
5396122,"K01935.01","FALSE POSITIVE",15.44428875,2.0791,3596.2,44.90,5895.00,0.9910
4945877,"K01936.01","FALSE POSITIVE",1.339670241,1.895,28.6,21.70,8867.00,2.2450
10190777,"K01937.01","CONFIRMED",1.411230023,1.4325,388.2,89.30,4575.00,0.7370
9651234,"K01938.01","CONFIRMED",96.9151707,6.065,862.8,53.40,5162.00,0.7910
7045496,"K01939.01","CONFIRMED",13.47472742,2.5995,729.6,25.30,5395.00,0.7340
10005788,"K01940.01","CONFIRMED",10.99470891,1.5929,884.7,32.70,4302.00,0.5860
10005788,"K01940.02","CANDIDATE",6.73679732,2.36,,,,
5213902,"K01941.01","FALSE POSITIVE",1.194812329,1.3777,189.5,41.20,6198.00,0.9700
2832589,"K01942.01","CONFIRMED",10.84969477,3.474,1122.1,43.50,5251.00,0.7780
2832589,"K01942.02","CANDIDATE",2.433703498,0.975,258.3,10.20,5251.00,0.7780
7810483,"K01943.01","CONFIRMED",29.92208104,2.7716,345.3,37.60,6127.00,1.6370
2438513,"K01944.01","CONFIRMED",12.18420006,2.5014,499.3,23.30,5771.00,1.0680
2438513,"K01944.02","FALSE POSITIVE",8.3606759,6.287,194.8,17.70,5771.00,1.0680
11656918,"K01945.01","CONFIRMED",62.1385979,4.2938,886.3,36.10,5123.00,1.6210
11656918,"K01945.02","CANDIDATE",17.1181036,1.29,167.7,6.10,5576.00,0.9290
10844890,"K01946.01","CANDIDATE",8.29482811,2.7437,559.5,38.10,5773.00,0.9390
12253474,"K01947.01","CANDIDATE",6.422943288,1.0815,261.4,30.60,6102.00,1.0160
9536692,"K01948.01","FALSE POSITIVE",26.635216,5.949,1492.8,30.60,5215.00,0.8820
3122985,"K01949.01","FALSE POSITIVE",0.993488979,1.9694,24327,145.80,5811.00,0.9980
3118797,"K01950.01","CONFIRMED",66.4159789,7.061,2053.2,33.60,5383.00,0.7590
8081187,"K01951.01","CONFIRMED",37.3228722,7.2146,307.5,42.60,4907.00,19.5300
7747425,"K01952.01","CONFIRMED",8.0103929,4.2713,294.1,34.60,5616.00,1.1110
7747425,"K01952.02","CONFIRMED",27.6666375,6.315,324,24.40,5616.00,1.1110
7747425,"K01952.03","CONFIRMED",5.19559398,3.748,116,16.00,5616.00,1.1110
7747425,"K01952.04","CONFIRMED",42.4729078,7.253,334,22.80,5616.00,1.1110
8652999,"K01953.01","FALSE POSITIVE",15.160166,5.856,307.9,26.10,5940.00,1.1910
9468717,"K01954.01","FALSE POSITIVE",7.37339245,2.883,125,36.60,6484.00,1.0930
9892816,"K01955.01","CONFIRMED",15.17026921,4.3311,224.8,45.40,6297.00,1.3690
9892816,"K01955.02","CONFIRMED",39.4576228,9.557,244.8,41.60,6297.00,1.3690
9892816,"K01955.03","CONFIRMED",1.644221032,2.9122,47.8,24.10,6297.00,1.3690
9892816,"K01955.04","CONFIRMED",26.2347447,3.536,196.5,22.00,6297.00,1.3690
5730389,"K01956.01","FALSE POSITIVE",2.759573341,6.999,382,64.40,5640.00,0.8630
10028352,"K01957.01","CANDIDATE",1.38680229,1.7065,242.3,84.40,6823.00,2.0370
10028352,"K01957.02","FALSE POSITIVE",1.75147897,7.89,76.7,68.20,6823.00,2.0370
9836149,"K01958.01","CONFIRMED",17.8159689,3.6765,776.8,22.50,5964.00,0.9330
4813563,"K01959.01","CONFIRMED",36.5157639,3.6577,861.3,34.70,4847.00,0.7810
6949061,"K01960.01","CONFIRMED",8.96847034,4.4073,234.3,38.20,5808.00,1.3740
6949061,"K01960.02","CONFIRMED",23.2218115,2.744,210.4,16.90,5808.00,1.3740
7269493,"K01961.01","CONFIRMED",1.907810683,1.8707,120.5,40.90,5435.00,0.8240
7269493,"K01961.02","FALSE POSITIVE",76.642481,5.476,64.5,7.60,5537.00,1.7140
5513648,"K01962.01","CANDIDATE",32.85862571,3.1483,162.8,36.40,5899.00,1.4140
10917681,"K01963.01","CANDIDATE",12.89623554,2.625,426.6,32.90,6072.00,0.9230
7887791,"K01964.01","CANDIDATE",2.229326354,1.9946,49.1,24.60,5587.00,0.8650
11657891,"K01965.01","CONFIRMED",2.514628496,1.6239,228.4,33.30,5662.00,0.8400
9973855,"K01966.01","FALSE POSITIVE",2.95600563,2.6717,76.1,35.50,5668.00,0.9160
6205897,"K01967.01","CONFIRMED",4.417692516,2.323,279.2,35.10,4766.00,0.6640
7948784,"K01968.01","CONFIRMED",10.08744556,2.9884,568.1,39.90,6310.00,1.0950
9244756,"K01969.01","CONFIRMED",16.34355902,5.474,829.4,34.00,5730.00,1.0560
9650808,"K01970.01","CONFIRMED",21.96401646,2.7509,693.4,26.90,5774.00,0.9580
9650808,"K01970.02","CONFIRMED",125.602323,7.105,925.7,23.30,5774.00,0.9580
9347009,"K01971.01","CONFIRMED",19.32945602,3.794,935.5,26.80,5026.00,0.7630
11253711,"K01972.01","CANDIDATE",17.79108667,2.662,414.2,39.80,5855.00,1.3400
11253711,"K01972.02","CONFIRMED",1.226223959,2.1689,56.1,18.90,5855.00,1.3400
4917596,"K01973.01","CONFIRMED",3.290114076,1.5151,645.3,30.30,4484.00,0.5940
7289577,"K01974.01","CONFIRMED",109.4450597,3.792,1269.6,30.10,5403.00,0.8680
8543100,"K01975.01","CONFIRMED",7.56052209,3.8573,659.8,34.60,5895.00,0.9400
2693736,"K01976.01","CONFIRMED",12.12401737,3.3091,788.4,40.10,5094.00,0.8700
9412760,"K01977.01","CONFIRMED",9.38740646,1.6165,384.6,22.30,4500.00,0.6460
9412760,"K01977.02","CONFIRMED",7.41556471,1.973,150.4,11.80,4500.00,0.6460
9518318,"K01978.01","CONFIRMED",6.51112385,1.6919,695.1,38.40,6032.00,1.0010
9518318,"K01978.02","CONFIRMED",23.85163321,2.4453,833.7,28.60,6032.00,1.0010
7273277,"K01979.01","CONFIRMED",2.714078374,1.3115,143.5,36.80,5815.00,0.9920
11769890,"K01980.01","CONFIRMED",122.8799543,7.835,717.7,41.90,5413.00,0.8610
10153855,"K01981.01","CONFIRMED",1.06378861,1.072,251.5,21.50,5265.00,1.0020
6862721,"K01982.01","CONFIRMED",4.88753111,2.034,679.6,17.40,5568.00,0.9570
12691412,"K01983.01","FALSE POSITIVE",6.90522317,3.533,420.3,34.40,6596.00,1.7210
10094670,"K01984.01","CONFIRMED",22.06402,4.1,388.7,31.50,6232.00,1.0900
8142942,"K01985.01","CONFIRMED",5.756245244,1.071,623.6,45.50,4931.00,0.7340
8257205,"K01986.01","CONFIRMED",148.4601819,5.499,1532.1,33.70,5159.00,0.8210
8257205,"K01986.02","CONFIRMED",7.12766417,2.491,229.2,16.00,5159.00,0.8210
2021440,"K01987.01","FALSE POSITIVE",7.81153999,5.984,912.8,41.30,5150.00,0.7100
9044228,"K01988.01","CONFIRMED",0.934885365,1.4083,270.4,57.80,4777.00,1.7950
10779233,"K01989.01","CONFIRMED",201.118319,10.328,584.8,34.70,5646.00,0.9540
11614617,"K01990.01","CONFIRMED",24.7577652,6.998,458.7,37.60,6106.00,0.9660
5306720,"K01991.01","FALSE POSITIVE",27.36432337,3.545,2282.5,42.30,6167.00,1.1070
11450414,"K01992.01","CONFIRMED",12.7983174,6.401,336.6,38.20,5592.00,1.4510
11450414,"K01992.02","CONFIRMED",27.3214242,4.836,279.6,14.90,5592.00,1.4510
11450414,"K01992.03","CONFIRMED",85.517344,9.331,270.2,12.90,5592.00,1.4510
9042357,"K01993.01","FALSE POSITIVE",16.00351679,4.001,668.3,29.90,5283.00,0.6950
3328026,"K01994.01","FALSE POSITIVE",2.115498574,6.738,444.2,45.40,5917.00,1.0000
5942093,"K01995.01","FALSE POSITIVE",14.38724729,1.9078,1914.1,43.50,5830.00,0.8590
4736569,"K01996.01","CONFIRMED",10.13200555,3.1683,911.6,37.60,4777.00,0.5610
4736569,"K01996.02","CANDIDATE",7.07394528,2.319,228.3,9.50,4777.00,0.5610
10384798,"K01997.01","CONFIRMED",38.505224,5.941,695.2,35.50,5974.00,0.8810
9834040,"K01998.01","CONFIRMED",6.77408984,2.6215,520.3,33.60,6246.00,1.0920
10616415,"K01999.01","FALSE POSITIVE",1.120646438,1.7664,322.5,45.70,4972.00,4.0340
8802693,"K02000.01","CONFIRMED",26.41044199,3.0715,991.1,31.20,5448.00,0.7340
6061773,"K02001.01","CONFIRMED",8.27745764,2.713,197.2,17.30,5129.00,1.7810
10024701,"K02002.01","CONFIRMED",14.37504582,3.208,251.1,15.70,5931.00,1.0530
9851271,"K02003.01","FALSE POSITIVE",8.48031229,7.105,351.1,37.30,5910.00,1.0780
12154526,"K02004.01","CONFIRMED",56.1886436,6.5272,346.2,35.60,5700.00,1.1760
12154526,"K02004.02","CONFIRMED",3.18899015,2.722,66.2,18.40,5700.00,1.1760
12154526,"K02004.03","CANDIDATE",1.72110057,1.922,29.7,9.30,5700.00,1.1760
6665512,"K02005.01","CONFIRMED",6.92101452,4.3591,529.7,39.90,4461.00,0.5850
10525027,"K02006.01","CONFIRMED",3.27344784,1.7292,262.5,34.00,3758.00,0.4960
11069176,"K02007.01","CONFIRMED",15.3789014,4.662,185.1,17.60,5817.00,2.1530
11069176,"K02007.02","CONFIRMED",21.1285655,3.852,176.7,12.50,5817.00,2.1530
8098728,"K02008.01","FALSE POSITIVE",24.4851178,4.642,263.8,10.90,6655.00,2.9950
2449431,"K02009.01","CANDIDATE",86.7490807,9.179,547.1,35.70,5579.00,0.9700
5631630,"K02010.01","CONFIRMED",25.96190067,6.2732,350.3,37.50,6369.00,1.7290
5384079,"K02011.01","CONFIRMED",7.05675145,2.0261,130,25.20,6388.00,1.4020
5384079,"K02011.02","CONFIRMED",17.2653659,5.02,67.9,13.90,6388.00,1.4020
9839821,"K02012.01","CONFIRMED",34.8536903,5.333,767.7,27.00,5818.00,0.8480
9839821,"K02012.02","CONFIRMED",180.921729,8.99,742.4,16.20,5818.00,0.8480
4056616,"K02013.01","CONFIRMED",2.41434868,1.2701,191,30.00,4507.00,0.7240
6707908,"K02014.01","FALSE POSITIVE",2.466070972,1.9559,704.5,42.60,5708.00,0.8840
11298815,"K02015.01","FALSE POSITIVE",5.73865933,4.051,688.6,40.10,3841.00,0.5090
8492026,"K02016.01","CONFIRMED",4.30656389,4.1107,257,39.80,6108.00,1.0300
8750043,"K02017.01","CONFIRMED",2.29503515,1.654,172.1,11.60,5637.00,0.9090
9973109,"K02018.01","CONFIRMED",27.495634,4.858,483.3,24.70,5657.00,0.9110
9973109,"K02018.02","CANDIDATE",16.0988294,5.686,160.2,10.90,5657.00,0.9110
6226290,"K02019.01","CONFIRMED",14.08826442,4.1847,889.4,34.20,5853.00,0.8950
9349482,"K02020.01","CONFIRMED",110.9643706,12.831,1283.2,42.10,4441.00,0.5460
6356207,"K02021.01","CONFIRMED",3.76417012,2.0111,558.4,27.20,5063.00,0.7280
8564674,"K02022.01","CONFIRMED",5.92972237,2.518,412.1,8.90,5741.00,0.9560
8564674,"K02022.02","CONFIRMED",12.2476121,3.209,402.7,6.80,5741.00,0.9560
8578780,"K02023.01","CONFIRMED",13.59051547,3.784,621.9,27.70,5442.00,0.9740
4544907,"K02024.01","CONFIRMED",46.8776724,10.041,539.8,37.50,5504.00,0.9930
4636578,"K02025.01","CONFIRMED",17.84850835,5.8919,391.2,43.50,6188.00,1.4650
4636578,"K02025.02","CONFIRMED",26.1363443,6.613,362.2,38.10,6188.00,1.4650
4636578,"K02025.03","CONFIRMED",11.1895709,5.3,143.3,19.90,6188.00,1.4650
11923284,"K02026.01","CONFIRMED",2.757977384,2.1489,211,22.50,5919.00,1.0000
8556077,"K02027.01","FALSE POSITIVE",3.635723653,2.1862,80,43.10,6422.00,1.2950
7102316,"K02028.01","CONFIRMED",57.2488518,6.083,1455.6,29.80,5642.00,0.8460
7102316,"K02028.02","CONFIRMED",37.0551726,5.439,1028.8,23.20,5642.00,0.8460
7102316,"K02028.03","CONFIRMED",142.545,8.75,905.4,13.70,5642.00,0.8460
9489524,"K02029.01","CONFIRMED",16.33269981,2.174,300.4,17.50,5208.00,0.7720
9489524,"K02029.02","CONFIRMED",10.05550267,2.951,147.7,13.60,5208.00,0.7720
9489524,"K02029.03","CONFIRMED",6.8873113,2.214,85.3,8.10,5208.00,0.7720
9489524,"K02029.04","CANDIDATE",4.78850084,2.099,66.5,7.20,5208.00,0.7720
8111919,"K02030.01","FALSE POSITIVE",1.664980224,1.7455,230.8,47.60,5792.00,1.5670
5940165,"K02031.01","CONFIRMED",9.30413878,1.9254,637.3,24.20,4458.00,0.6580
2985767,"K02032.01","CONFIRMED",14.07969236,1.375,169.5,26.20,5821.00,1.5470
2304320,"K02033.01","CONFIRMED",16.54081386,2.5996,370,32.80,5064.00,0.7690
3657758,"K02034.01","CONFIRMED",3.609313059,1.7752,1375.1,35.00,5668.00,0.8680
3657758,"K02034.02","CONFIRMED",2.3702932,1.666,224.8,7.00,5668.00,0.8680
9790806,"K02035.01","CONFIRMED",1.93155546,1.614,504.9,8.60,5461.00,0.8580
6382217,"K02036.01","CONFIRMED",8.41100305,2.4553,755.6,27.60,3757.00,0.5390
6382217,"K02036.02","CONFIRMED",5.79529495,2.272,334.3,14.80,3757.00,0.5390
9634821,"K02037.01","CONFIRMED",73.7578875,2.69,1836.9,20.20,5029.00,0.9300
9634821,"K02037.02","CANDIDATE",5.47715718,1.3849,568.4,16.70,5029.00,0.9300
9634821,"K02037.03","CANDIDATE",8.56267266,1.53,608.1,15.20,5029.00,0.9300
8950568,"K02038.01","CONFIRMED",8.30537702,3.751,365.6,28.50,5435.00,0.8730
8950568,"K02038.02","CONFIRMED",12.51353325,4.301,430.8,30.00,5435.00,0.8730
8950568,"K02038.03","CONFIRMED",17.9134215,4.364,197.8,11.40,5435.00,0.8730
8950568,"K02038.04","CONFIRMED",25.2149143,5.76,174.1,9.90,5435.00,0.8730
8804845,"K02039.01","CONFIRMED",5.42586901,2.5342,259,26.10,5594.00,0.9340
8804845,"K02039.02","CONFIRMED",0.762132307,1.22,63.7,11.50,5594.00,0.9340
10480915,"K02040.01","CONFIRMED",19.58561177,1.755,532.9,27.10,5618.00,0.9960
5024482,"K02041.01","FALSE POSITIVE",1.5259105,3.114,83.9,14.30,6640.00,2.0990
9111849,"K02042.01","CANDIDATE",63.0732241,5.397,671.3,30.00,6234.00,6.3540
3448130,"K02043.01","CONFIRMED",78.5461106,8.689,658.7,35.60,5808.00,1.3970
9656252,"K02044.01","CONFIRMED",16.92342126,4.1864,1125.3,40.80,5786.00,0.9900
6026438,"K02045.01","CONFIRMED",5.47665801,2.5482,648,32.10,4650.00,0.7060
6026438,"K02045.02","CONFIRMED",24.2101973,4.046,458,14.10,4650.00,0.7060
6026438,"K02045.03","CONFIRMED",16.9348104,3.408,346.3,11.50,4650.00,0.7060
10663396,"K02046.01","CONFIRMED",23.8990075,15.955,293.4,61.50,5511.00,1.9300
11457726,"K02047.01","CONFIRMED",6.22161107,3.4117,165,29.00,6277.00,1.0970
8956206,"K02048.01","CONFIRMED",6.17998508,2.1094,750.5,29.00,5149.00,0.7910
8956206,"K02048.02","FALSE POSITIVE",99.673478,0.968,2496,12.60,4932.00,0.4920
9649706,"K02049.01","CONFIRMED",1.569066598,2.7803,147.2,48.70,5821.00,1.3950
6307083,"K02050.01","FALSE POSITIVE",75.3787816,5.268,387.7,30.10,5061.00,0.8410
6307083,"K02050.02","CANDIDATE",3.17796408,0.542,47.7,6.00,5061.00,0.8410
7265298,"K02051.01","CONFIRMED",25.7626846,6.908,619.5,38.00,5739.00,1.0690
7265298,"K02051.02","CONFIRMED",11.0317836,4.753,182.3,14.10,5739.00,1.0690
3248501,"K02052.01","CANDIDATE",4.22464216,1.403,987,7.70,6343.00,1.1400
2307415,"K02053.01","CONFIRMED",13.12162167,3.6138,196.9,32.70,6140.00,1.2770
2307415,"K02053.02","CONFIRMED",4.6126736,3.0643,133.2,34.30,6140.00,1.2770
9156585,"K02054.01","FALSE POSITIVE",22.32423657,3.669,1299.3,29.90,5648.00,0.9120
3128552,"K02055.01","CONFIRMED",8.67890312,3.5317,540.6,37.40,5509.00,1.1160
3128552,"K02055.02","CONFIRMED",4.02582434,2.8059,265.3,23.90,5509.00,1.1160
3128552,"K02055.03","CONFIRMED",2.50475282,2.376,181.1,18.90,5509.00,1.1160
3128552,"K02055.04","CANDIDATE",6.13074243,2.84,146.1,9.90,5741.00,0.8330
10134152,"K02056.01","CONFIRMED",39.3135699,5.0137,500.1,33.80,6060.00,0.9250
9573685,"K02057.01","CONFIRMED",5.94565516,2.1604,401.2,28.50,3974.00,0.5640
10329835,"K02058.01","CONFIRMED",1.52373073,1.4796,364.7,34.10,3746.00,0.5100
12301181,"K02059.01","CONFIRMED",6.14728341,2.7645,119.7,26.80,4997.00,0.7460
12301181,"K02059.02","CANDIDATE",2.18565886,1.966,35.6,11.10,4997.00,0.7460
9279354,"K02060.01","CONFIRMED",2.800111267,1.0237,706.7,33.50,4786.00,0.7040
12061969,"K02061.01","CONFIRMED",14.092583189,4.1536,530.4,17.80,5081.00,0.7700
12061969,"K02061.02","CONFIRMED",1.090011003,1.5,174.8,12.60,5081.00,0.7700
6774880,"K02062.01","CONFIRMED",34.3511339,4.4408,599.4,28.80,6091.00,0.9670
7449541,"K02063.01","CONFIRMED",3.00725068,4.4302,285.8,30.00,5667.00,0.7810
2579043,"K02064.01","CANDIDATE",6.31219171,4.9377,403.7,35.60,6322.00,1.0750
6342333,"K02065.01","CONFIRMED",80.2321467,4.656,888.7,24.90,5436.00,0.8880
3239671,"K02066.01","CONFIRMED",147.97391,6.854,1267.1,26.40,5578.00,0.9500
9304101,"K02067.01","CONFIRMED",13.24503482,4.4078,156.1,35.70,5636.00,1.3900
10674871,"K02068.01","CANDIDATE",41.88970036,1.35,1304.4,20.90,5952.00,0.9070
11360571,"K02069.01","CONFIRMED",77.2550726,10.214,589.5,44.00,6564.00,1.3560
6032517,"K02070.01","FALSE POSITIVE",1.791406261,2.8159,345.5,60.70,6092.00,1.0280
6035124,"K02071.01","CONFIRMED",3.85690686,2.0808,127.8,24.30,5272.00,0.8130
12058147,"K02072.01","CONFIRMED",1.54320541,2.5779,91.2,35.20,5866.00,1.2820
8164257,"K02073.01","CONFIRMED",49.5004725,5.772,965.2,27.80,4954.00,0.8280
8164257,"K02073.02","CONFIRMED",6.47539108,2.7048,530.6,28.10,4954.00,0.8280
8164257,"K02073.03","CONFIRMED",16.85825609,2.0728,759.6,21.80,4954.00,0.8280
8866137,"K02074.01","CONFIRMED",33.4178173,4.645,1166.8,28.40,5136.00,0.7440
10857519,"K02075.01","CONFIRMED",2.053341891,2.596,65.5,23.20,6084.00,1.3580
9517393,"K02076.01","CONFIRMED",56.7769831,6.864,884.3,33.60,6063.00,1.0120
9517393,"K02076.02","CONFIRMED",219.3215562,12.4124,3628.7,93.80,6063.00,1.0120
4768846,"K02077.01","FALSE POSITIVE",1.25483232,2.67,117.6,11.40,6168.00,2.5720
9351316,"K02078.01","CONFIRMED",18.78429232,3.1136,1009.5,23.80,4243.00,0.6410
9351316,"K02078.02","CONFIRMED",161.515617,6.548,2215.3,25.20,4243.00,0.6410
9473078,"K02079.01","CONFIRMED",0.693842661,1.6197,49.3,28.90,5457.00,1.1960
10864531,"K02080.01","CONFIRMED",83.4887405,6.21,955.4,24.70,5910.00,0.9400
10864531,"K02080.02","CONFIRMED",34.0607677,2.471,818.9,20.50,5910.00,0.9400
2853780,"K02081.01","CANDIDATE",6.2141496,10.141,183.4,53.40,5295.00,3.1520
2853780,"K02081.02","FALSE POSITIVE",589.17968,10.2,253.4,7.70,5295.00,3.1520
9472000,"K02082.01","CONFIRMED",31.5888979,3.438,360.6,27.30,5866.00,1.3670
7097965,"K02083.01","CONFIRMED",7.72085047,1.8264,267,25.00,5887.00,1.1770
3967326,"K02084.01","CONFIRMED",4.19577385,2.1557,874.2,23.30,5229.00,1.0050
8260234,"K02085.01","FALSE POSITIVE",5.71483873,2.748,286.2,18.00,5193.00,0.7550
6768394,"K02086.01","CONFIRMED",7.1329472,4.368,145,27.20,5862.00,1.3070
6768394,"K02086.02","CONFIRMED",8.91901228,4.141,180.6,29.60,5862.00,1.3070
6768394,"K02086.03","CONFIRMED",11.8984948,3.015,130.9,15.90,5862.00,1.3070
6768394,"K02086.04","CANDIDATE",335.56311,13.06,158,7.20,6200.00,1.4480
6922710,"K02087.01","CONFIRMED",23.1274171,4.901,157.3,20.90,5865.00,1.0660
12164770,"K02088.01","FALSE POSITIVE",2.63009438,11.226,388.9,69.40,6338.00,1.0910
9541322,"K02089.01","FALSE POSITIVE",9.40527028,2.076,470.9,20.70,6347.00,0.9960
11348997,"K02090.01","CONFIRMED",5.132486123,1.4575,908.4,35.40,3879.00,0.5780
5705819,"K02091.01","CONFIRMED",8.77997349,3.2201,755.7,32.70,5191.00,0.7640
6696580,"K02092.01","CONFIRMED",57.6896212,5.118,1626.6,30.20,6228.00,1.0490
6696580,"K02092.02","CONFIRMED",25.5638626,4.685,1124.9,31.60,6228.00,1.0490
6696580,"K02092.03","CONFIRMED",77.086191,4.77,942.8,12.90,6228.00,1.0490
6525946,"K02093.01","CANDIDATE",6.78341325,3.5437,501.2,35.30,5096.00,8.7690
6525946,"K02093.02","CANDIDATE",2.508116,2.504,188.1,18.30,5096.00,8.7690
6525946,"K02093.03","CANDIDATE",0.496069986,1.5568,128.8,22.10,5096.00,8.7690
8505920,"K02094.01","CONFIRMED",42.4269647,5.907,632.4,26.00,5330.00,1.0130
8505920,"K02094.02","CONFIRMED",198.680859,8.282,645.4,16.60,5330.00,1.0130
7918992,"K02095.01","CONFIRMED",1.434745129,1.862,200.7,28.40,5806.00,1.0640
9307509,"K02096.01","CONFIRMED",9.76293284,3.064,553.2,23.60,5052.00,0.8160
10158729,"K02097.01","CONFIRMED",58.601926,5.522,396.4,19.10,6250.00,1.0190
6105462,"K02098.01","CONFIRMED",25.0823402,6.423,244.6,30.50,6429.00,1.2620
6105462,"K02098.02","CONFIRMED",89.7224125,10.963,263.7,25.60,6429.00,1.2620
3120355,"K02099.01","CONFIRMED",78.0998908,8.422,656.9,23.80,5779.00,1.2840
6047072,"K02100.01","CONFIRMED",4.27103727,2.2759,180.4,24.60,5984.00,0.9060
9411412,"K02101.01","CONFIRMED",2.892216772,1.3596,360.5,23.90,4229.00,0.6150
7008211,"K02102.01","CONFIRMED",187.746606,5.885,1583,20.20,5303.00,0.7530
7620413,"K02103.01","CONFIRMED",2.543063763,2.8473,152,26.50,5579.00,1.0290
7620413,"K02103.02","CANDIDATE",3.66520844,3.308,65.8,10.30,5579.00,1.0290
10854546,"K02104.01","CONFIRMED",2.168451063,1.458,466.9,45.50,6153.00,1.1090
8165946,"K02105.01","CONFIRMED",6.42199919,2.6192,161.6,25.40,5985.00,0.9810
12017109,"K02106.01","CONFIRMED",9.75374033,2.348,430.8,18.90,5806.00,0.8990
9225395,"K02107.01","CONFIRMED",81.3153052,5.807,715.5,20.70,5325.00,0.9750
10709622,"K02108.01","CONFIRMED",51.3283527,9.357,692.3,34.70,6119.00,1.1190
11499228,"K02109.01","CONFIRMED",19.7919389,3.787,383.7,22.80,6285.00,1.0390
11460462,"K02110.01","CONFIRMED",5.03728033,2.0619,76.3,20.90,6387.00,1.3810
8612275,"K02111.01","CONFIRMED",3.289726319,2.3274,234.9,27.00,5463.00,0.9100
8612275,"K02111.02","CONFIRMED",7.18644594,1.4972,402,23.80,5463.00,0.9100
10470616,"K02112.01","FALSE POSITIVE",4.15713766,1.808,77,9.20,6470.00,1.3240
7207061,"K02113.01","CONFIRMED",15.94248453,3.4894,1093.7,34.30,5376.00,0.8060
7207061,"K02113.02","CONFIRMED",12.33087921,3.0664,872.2,28.30,5376.00,0.8060
6921944,"K02114.01","CONFIRMED",4.421566535,2.1229,684,31.90,4299.00,0.6970
9532052,"K02115.01","CONFIRMED",15.72585941,3.8284,1313.1,32.70,5332.00,0.7550
8164012,"K02116.01","CONFIRMED",1.252753881,2.1472,200,40.50,5907.00,1.7050
4140813,"K02117.01","CONFIRMED",13.36019864,2.788,699.9,21.30,4500.00,0.6880
10362031,"K02118.01","FALSE POSITIVE",3.2136904,2.205,55.8,19.20,6184.00,1.5790
4055304,"K02119.01","CONFIRMED",0.571038347,1.1267,242.1,38.20,5132.00,0.8860
4857213,"K02120.01","CONFIRMED",8.77425786,2.2245,239.6,22.30,5146.00,0.9050
9415108,"K02121.01","CONFIRMED",4.51005082,2.1533,294.8,21.50,5362.00,1.0320
4262581,"K02122.01","CONFIRMED",37.6468519,6.344,427.4,31.00,5443.00,2.6520
8591693,"K02123.01","CONFIRMED",29.4557841,3.451,533.8,26.60,6036.00,0.9490
11462341,"K02124.01","CANDIDATE",42.3375799,4.924,354.8,18.10,4132.00,0.5810
9405595,"K02125.01","CONFIRMED",23.3593589,5.389,570.1,25.90,6244.00,1.0090
3546060,"K02126.01","CONFIRMED",9.69310837,2.734,1130.7,30.40,4818.00,0.6180
6373680,"K02127.01","FALSE POSITIVE",2.87066026,1.541,450.8,13.20,5910.00,0.7960
7019489,"K02128.01","FALSE POSITIVE",24.2598301,3.897,1540.3,26.30,5485.00,0.8050
9351920,"K02129.01","CONFIRMED",8.79618433,3.3781,286.3,27.00,6142.00,1.0460
2161536,"K02130.01","CONFIRMED",16.85592593,2.309,871.5,19.50,3967.00,0.5870
10549023,"K02131.01","CONFIRMED",14.36270451,4.564,349.4,26.80,6643.00,1.2160
9661979,"K02132.01","CONFIRMED",69.8956789,5.276,548.4,21.90,5390.00,1.1040
8219268,"K02133.01","CONFIRMED",6.24667547,11.261,396.8,63.60,4604.00,6.2210
8219268,"K02133.02","FALSE POSITIVE",43.501748,10.755,167.1,9.50,4604.00,6.2210
4254466,"K02134.01","CONFIRMED",42.3006282,4.372,507.9,23.80,5852.00,1.1290
9904006,"K02135.01","CONFIRMED",55.1866213,9.133,375.5,36.20,6178.00,1.2670
9904006,"K02135.02","CANDIDATE",20.1890396,6.251,112.1,15.00,6178.00,1.2670
9904006,"K02135.03","CONFIRMED",8.48651582,5.267,110.8,21.10,6178.00,1.2670
5288570,"K02136.01","FALSE POSITIVE",1.728528176,3.682,197.6,26.20,6153.00,3.2790
9364609,"K02137.01","CONFIRMED",14.97436238,2.4461,265.4,24.90,5311.00,0.8000
5022828,"K02138.01","CONFIRMED",23.5541012,7.3,95.2,29.90,9565.00,2.2860
8175131,"K02139.01","FALSE POSITIVE",4.27121961,2.9283,966.7,38.00,4702.00,0.6700
8233702,"K02140.01","CONFIRMED",41.6977582,5.513,684.8,27.70,5730.00,0.8700
3764879,"K02141.01","CANDIDATE",1.306984786,1.194,302.1,38.40,6102.00,1.0260
12121470,"K02142.01","FALSE POSITIVE",1.877350712,1.7478,185.6,23.10,6382.00,1.0590
11403339,"K02143.01","CONFIRMED",4.79029482,2.7219,142,23.10,5412.00,0.8430
8260902,"K02144.01","CONFIRMED",38.6715843,5.532,599.3,25.20,5432.00,0.9130
8381204,"K02145.01","CONFIRMED",8.32651854,5.483,267.9,27.20,6057.00,1.0000
6774537,"K02146.01","CONFIRMED",2.949029106,2.0311,358.3,29.30,4983.00,0.8070
10404582,"K02147.01","CONFIRMED",37.8658964,4.782,395.2,25.90,5757.00,1.0170
10404582,"K02147.02","CONFIRMED",10.32736351,1.889,126.9,9.70,5757.00,1.0170
6021193,"K02148.01","CONFIRMED",11.93205399,6.205,178.5,32.30,5711.00,1.3910
6021193,"K02148.02","CONFIRMED",7.54235832,4.73,132.5,25.80,5711.00,1.3910
6021193,"K02148.03","CONFIRMED",3.61460279,3.227,64.8,14.90,5711.00,1.3910
10617017,"K02149.01","CONFIRMED",13.15140223,5.439,97.8,25.50,6154.00,1.6360
3229150,"K02150.01","CONFIRMED",18.5084526,6.596,758.9,30.10,5942.00,0.9380
3229150,"K02150.02","CANDIDATE",44.7055876,6.262,471.8,12.00,5942.00,0.9380
7989422,"K02151.01","FALSE POSITIVE",7.47763833,2.5693,110,26.20,5957.00,1.9530
9641481,"K02152.01","CONFIRMED",42.1918331,7.083,488.7,25.70,5520.00,1.0800
10253547,"K02153.01","CONFIRMED",59.9809868,7.588,282.4,25.20,6103.00,1.3830
10253547,"K02153.02","CONFIRMED",25.7457957,7.073,140.3,19.30,6103.00,1.3830
12505076,"K02154.01","CONFIRMED",11.92979348,6.152,709.3,27.80,5831.00,0.9210
12116380,"K02155.01","CONFIRMED",4.3394569,2.3652,337.4,31.60,5330.00,1.0130
2556650,"K02156.01","CONFIRMED",2.852348262,0.7051,1402.9,33.30,3731.00,0.4330
3327993,"K02157.01","FALSE POSITIVE",2.11552348,6.712,359.2,28.90,5900.00,0.9510
5211199,"K02158.01","CONFIRMED",4.5620407,2.8521,81.6,22.80,5343.00,2.5060
5211199,"K02158.02","CANDIDATE",6.68231249,3.251,48.7,12.30,5343.00,2.5060
8804455,"K02159.01","CANDIDATE",7.5966998,3.667,127.5,24.50,5716.00,1.0910
8804455,"K02159.02","FALSE POSITIVE",2.392630668,1.3705,101.5,20.50,5716.00,1.0910
5546761,"K02160.01","CONFIRMED",17.6700291,6.693,348.4,25.00,5795.00,1.2470
5546761,"K02160.02","CANDIDATE",15.40877383,3.49,,,,
5467124,"K02161.01","FALSE POSITIVE",2.84573962,7.28,211.7,83.90,5557.00,2.3720
9205938,"K02162.01","CONFIRMED",108.593113,7.989,338.2,24.30,5678.00,0.9210
9205938,"K02162.02","CONFIRMED",199.66876,8.996,251.9,13.90,5678.00,0.9210
11358389,"K02163.01","CONFIRMED",10.66489514,3.159,292.6,25.30,6014.00,1.0210
11358389,"K02163.02","CONFIRMED",17.7838298,3.997,247.1,18.70,6014.00,1.0210
11358389,"K02163.03","CANDIDATE",28.2251049,2.354,201.3,8.90,6014.00,1.0210
7204981,"K02164.01","CONFIRMED",5.1233204,2.7466,286.2,25.10,5364.00,0.9820
7906739,"K02165.01","FALSE POSITIVE",7.01476115,3.945,122.1,27.50,5912.00,0.8700
4370527,"K02166.01","CONFIRMED",61.6174528,3.816,1350.7,19.50,5480.00,0.9310
6041734,"K02167.01","CONFIRMED",24.3398202,3.891,777.3,27.80,5596.00,1.4660
6041734,"K02167.02","CANDIDATE",6.95787,4.537,182.3,1.80,6240.00,1.0250
6041734,"K02167.03","CONFIRMED",76.5369531,5.574,652.2,17.70,5596.00,1.4660
11308499,"K02168.01","CONFIRMED",3.28192056,2.917,191,24.50,5859.00,1.1620
11308499,"K02168.02","CONFIRMED",12.51610549,4.853,263,22.60,5859.00,1.1620
9006186,"K02169.01","CONFIRMED",5.45298742,2.1328,86,21.00,5450.00,0.8420
9006186,"K02169.02","CONFIRMED",3.26662733,2.056,59.9,18.60,5450.00,0.8420
9006186,"K02169.03","CONFIRMED",4.27226421,2.113,48.9,13.70,5450.00,0.8420
9006186,"K02169.04","CANDIDATE",2.19251903,1.845,18.1,6.60,5450.00,0.8420
2860114,"K02170.01","FALSE POSITIVE",0.941603153,1.1886,462.1,46.20,5237.00,0.8370
11410904,"K02171.01","CONFIRMED",3.53232429,2.765,224.2,12.80,5761.00,0.9560
4173026,"K02172.01","CONFIRMED",10.44087398,3.743,821.5,22.20,5738.00,0.9810
4173026,"K02172.02","CONFIRMED",116.583183,5.8,819,8.70,5738.00,0.9810
11774991,"K02173.01","CONFIRMED",37.8154157,4.662,286.4,22.40,4856.00,0.7050
11774991,"K02173.02","CONFIRMED",53.5783052,5.194,224.9,15.40,4856.00,0.7050
8261920,"K02174.01","CANDIDATE",6.69332825,2.311,781.8,23.40,4245.00,0.6370
8261920,"K02174.02","CONFIRMED",33.1362861,4.163,825.2,16.30,4245.00,0.6370
8261920,"K02174.03","CONFIRMED",7.72513619,2.042,382.2,10.50,4245.00,0.6370
8261920,"K02174.04","CANDIDATE",3.01609637,1.57,196.3,8.10,4245.00,0.6370
9022166,"K02175.01","CONFIRMED",26.8475962,10.068,254.1,39.20,5508.00,1.9880
9022166,"K02175.02","CONFIRMED",72.3826983,8.279,366.4,29.50,5508.00,1.9880
8501062,"K02176.01","FALSE POSITIVE",24.40213373,12.57,,,,
10965588,"K02177.01","CONFIRMED",62.8917493,6.831,791,22.60,5052.00,0.8550
2014991,"K02178.01","FALSE POSITIVE",6.49676881,2.527,135,10.60,6418.00,3.0490
10670119,"K02179.01","CONFIRMED",14.87149773,2.4076,944.9,27.30,3825.00,0.5240
10670119,"K02179.02","CONFIRMED",2.732767897,1.1102,613.1,27.00,3825.00,0.5240
7286911,"K02180.01","CONFIRMED",11.55562042,1.6758,441.5,22.70,5420.00,0.8500
8591173,"K02181.01","CONFIRMED",12.2885046,2.807,342.1,12.00,5109.00,1.6710
6962109,"K02182.01","CONFIRMED",17.13263125,3.0555,850.2,26.40,5477.00,0.7940
5706595,"K02183.01","CONFIRMED",19.0231361,3.431,401.6,19.70,5569.00,0.9540
5706595,"K02183.02","CONFIRMED",4.57948235,3.106,207.1,20.00,5569.00,0.9540
5706595,"K02183.03","CANDIDATE",150.381954,4.968,396.1,7.80,5569.00,0.9540
12885212,"K02184.01","FALSE POSITIVE",2.057499811,2.569,325.6,23.60,4620.00,0.7360
12885212,"K02184.02","CANDIDATE",95.906433,4.08,836.2,11.00,4620.00,0.7360
8611781,"K02185.01","CONFIRMED",76.957056,9.551,367.1,26.50,5878.00,1.0410
3097926,"K02186.01","CANDIDATE",14.97974335,4.126,1211.8,33.20,5062.00,0.8530
5894073,"K02187.01","FALSE POSITIVE",10.5856758,4.911,178.7,8.10,6246.00,1.0920
10518424,"K02188.01","FALSE POSITIVE",2.69633621,5.238,238.6,26.50,6106.00,0.9230
10518424,"K02188.02","CANDIDATE",6.7445683,3.813,86.6,6.80,6106.00,0.9230
5730445,"K02189.01","CANDIDATE",33.35859852,2.286,1825.9,32.20,5009.00,0.7990
4245933,"K02190.01","FALSE POSITIVE",11.2580745,23.516,713.3,55.40,4257.00,0.5860
5601258,"K02191.01","CONFIRMED",8.84784273,2.0572,460.2,21.10,3867.00,0.5520
9964670,"K02192.01","FALSE POSITIVE",1.541350116,3.29,378,51.70,5150.00,0.7840
8282651,"K02193.01","CONFIRMED",2.361724472,1.2167,587,34.60,4478.00,0.6510
8282651,"K02193.02","CANDIDATE",4.16288745,0.678,391.7,12.00,4478.00,0.6510
3548044,"K02194.01","CONFIRMED",34.7630543,4.309,293.7,24.00,5670.00,0.9500
3548044,"K02194.02","CONFIRMED",67.968656,7.948,321.8,27.30,5670.00,0.9500
3548044,"K02194.03","CANDIDATE",445.21685,16.37,211.6,11.10,5670.00,0.9500
11401767,"K02195.01","CONFIRMED",20.0545282,7.173,305.4,26.90,6056.00,1.2090
11401767,"K02195.02","CONFIRMED",30.0899459,6.654,242.6,16.60,6056.00,1.2090
11401767,"K02195.03","CONFIRMED",6.84978728,4.919,139.2,17.00,6056.00,1.2090
6209798,"K02196.01","FALSE POSITIVE",1.205412526,1.537,109.2,17.20,6292.00,1.1220
6525249,"K02197.01","FALSE POSITIVE",1.710316235,3.614,409.4,31.20,6147.00,1.0960
11075429,"K02198.01","CONFIRMED",23.9210408,5.174,158.3,21.90,7121.00,1.9720
11705004,"K02199.01","CONFIRMED",9.03326435,2.857,610.7,18.30,5311.00,0.7880
11705004,"K02199.02","CANDIDATE",3.05293416,2.155,227.5,10.10,5311.00,0.7880
10909127,"K02200.01","CONFIRMED",3.17059731,1.6686,325.4,20.10,5431.00,0.8430
2141783,"K02201.01","FALSE POSITIVE",116.5214317,5.577,771.5,25.00,6056.00,1.4110
4144576,"K02202.01","CONFIRMED",0.813166357,1.4122,173.5,34.80,5237.00,0.8870
2581191,"K02203.01","FALSE POSITIVE",1.99042642,3.083,133.8,25.30,6198.00,1.0050
2581191,"K02203.02","FALSE POSITIVE",172.178768,1.19,501,4.70,6208.00,1.0090
8494542,"K02204.01","CONFIRMED",10.86062378,2.2874,189.6,20.70,6455.00,1.4960
9992325,"K02205.01","CONFIRMED",24.08632177,2.236,1041.7,18.00,4973.00,0.7680
11073656,"K02206.01","CANDIDATE",1.834277283,1.7499,286.5,24.80,5751.00,0.9580
7379385,"K02207.01","FALSE POSITIVE",67.230028,25.01,379.1,39.50,6157.00,1.0160
10531955,"K02208.01","CONFIRMED",2.344512589,1.4116,58.9,21.90,5821.00,1.1320
8168187,"K02209.01","CONFIRMED",18.3027235,8.262,186.7,24.70,5528.00,1.8390
8168187,"K02209.02","CANDIDATE",35.502865,8.149,115.9,11.00,5528.00,1.8390
4142847,"K02210.01","CONFIRMED",2.888904439,1.6043,402.2,23.70,4895.00,0.7590
4142847,"K02210.02","CONFIRMED",210.631486,8.419,1657.8,25.90,4895.00,0.7590
6199702,"K02211.01","FALSE POSITIVE",0.805259637,0.9779,341.8,50.20,6257.00,1.0220
10203349,"K02212.01","CONFIRMED",17.14648756,4.2354,440.3,28.30,5559.00,1.4120
7457296,"K02213.01","CONFIRMED",3.97076603,1.814,349.2,23.90,5178.00,0.7780
10328458,"K02214.01","CONFIRMED",2.352273912,1.7389,318.6,20.40,4816.00,0.7480
7050060,"K02215.01","FALSE POSITIVE",22.0425953,61.2018,348,90.40,5974.00,1.2600
4248120,"K02216.01","CONFIRMED",23.34036251,2.054,615.1,18.20,5530.00,0.8920
9580992,"K02217.01","CANDIDATE",37.8034121,4.641,678.1,20.20,5329.00,0.8190
12058204,"K02218.01","CONFIRMED",5.53533152,2.793,260.6,27.50,5588.00,1.1000
12058204,"K02218.02","CONFIRMED",16.7261969,2.708,194.9,11.60,5588.00,1.1000
5357545,"K02219.01","CONFIRMED",3.757294695,0.9269,273.3,23.40,4901.00,0.7160
6871071,"K02220.01","CONFIRMED",3.2828024,3.2532,142.5,24.40,5640.00,1.5150
6871071,"K02220.02","CONFIRMED",5.02818253,3.526,181.3,26.10,5640.00,1.5150
6871071,"K02220.03","CONFIRMED",1.897828815,2.7114,132.4,27.20,5640.00,1.5150
6871071,"K02220.04","CANDIDATE",7.66462913,3.614,114.1,13.20,5640.00,1.5150
6871071,"K02220.05","CANDIDATE",11.9294568,3.193,132.3,11.70,5975.00,0.9000
6287313,"K02221.01","CONFIRMED",10.62788695,4.576,326.7,22.60,6082.00,1.0140
9289704,"K02222.01","CANDIDATE",34.135676,9.12,622,8.60,7818.00,5.5550
9278725,"K02223.01","CONFIRMED",1.104462494,1.0458,469.1,35.30,5002.00,0.7530
8892157,"K02224.01","CONFIRMED",3.73090026,2.9095,191.2,24.00,5709.00,0.9500
8892157,"K02224.02","CANDIDATE",86.130534,3.321,285.2,3.70,5830.00,0.8760
11569782,"K02225.01","CONFIRMED",2.787874175,2.0348,197.4,22.20,4827.00,1.7270
11520459,"K02226.01","CANDIDATE",8.46354384,1.4078,792.2,26.10,5427.00,0.8870
10600955,"K02227.01","CONFIRMED",65.6480892,5.746,588.7,22.00,5565.00,1.2460
10801100,"K02228.01","FALSE POSITIVE",102.653705,53.5887,687.3,82.10,6711.00,1.6980
4473226,"K02229.01","CONFIRMED",14.83340944,3.927,783,19.10,5570.00,0.9040
8914779,"K02230.01","FALSE POSITIVE",0.987338654,2.591,26.5,25.00,6258.00,1.8960
6780158,"K02231.01","FALSE POSITIVE",2.464160779,2.427,116.7,27.30,5238.00,1.8830
2854181,"K02232.01","CONFIRMED",101.1323475,4.366,1502.9,25.70,5492.00,1.0160
2854181,"K02232.02","CANDIDATE",12.834857,2.092,293.9,9.40,5492.00,1.0160
8963721,"K02233.01","FALSE POSITIVE",1.811460943,5.065,428.5,83.90,5700.00,1.0080
9635510,"K02234.01","FALSE POSITIVE",2.35197616,5.304,268,31.70,6147.00,1.0030
8076630,"K02235.01","FALSE POSITIVE",0.861643331,2.4318,232.5,41.70,5506.00,0.6880
10723367,"K02236.01","CONFIRMED",19.9865916,4.391,648,21.80,5500.00,1.2380
10723367,"K02236.02","CONFIRMED",12.12580644,3.289,327.5,14.00,5500.00,1.2380
5005121,"K02237.01","CONFIRMED",76.421501,7.218,578.4,23.90,5561.00,1.1900
8229458,"K02238.01","CONFIRMED",1.646801683,1.1966,284.2,25.20,3810.00,0.5130
4077901,"K02239.01","FALSE POSITIVE",12.1097626,10.174,113.9,28.20,5437.00,0.7390
10271691,"K02240.01","FALSE POSITIVE",63.909601,11.85,143,6.10,5227.00,0.6430
5125347,"K02241.01","CONFIRMED",7.16520428,1.705,433.8,17.60,6174.00,1.1030
9336200,"K02242.01","CONFIRMED",1.755843555,1.9425,386,25.10,5569.00,0.8290
4770617,"K02243.01","CONFIRMED",5.18560081,4.054,252.6,27.60,6172.00,1.4710
4770617,"K02243.02","CONFIRMED",8.45805119,2.998,258.7,18.30,6172.00,1.4710
4770617,"K02243.03","CANDIDATE",31.4452709,1.758,531.1,12.70,6172.00,1.4710
10544677,"K02244.01","FALSE POSITIVE",19.7352868,5.097,319.4,17.10,6329.00,1.0450
4454934,"K02245.01","CONFIRMED",33.4698571,4.749,370.7,23.20,5912.00,1.0940
9458343,"K02246.01","CONFIRMED",11.89520436,3.433,184.3,22.30,5649.00,0.9920
7802719,"K02247.01","CONFIRMED",4.45743267,2.3226,175.7,20.80,4487.00,0.6120
11030475,"K02248.01","CONFIRMED",2.81814715,1.763,278.6,16.50,5167.00,0.7870
11030475,"K02248.02","CANDIDATE",9.4907638,2.713,197.4,7.30,5290.00,0.7460
11030475,"K02248.03","CANDIDATE",0.76196247,1.282,190.2,18.30,5167.00,0.7870
11030475,"K02248.04","CANDIDATE",2.64622742,1.407,155.5,8.40,5167.00,0.7870
4761060,"K02249.01","FALSE POSITIVE",13.37935853,8.809,353.5,36.20,6739.00,2.7020
5942808,"K02250.01","CONFIRMED",2.935362067,1.5043,1052.6,38.00,4922.00,0.8230
5942808,"K02250.02","CONFIRMED",0.626281766,1.1812,433.1,31.00,4922.00,0.8230
5479802,"K02251.01","FALSE POSITIVE",13.26255423,4.65,916.4,31.40,5973.00,0.9350
6206214,"K02252.01","CONFIRMED",13.53953595,4.389,134.2,21.80,6109.00,1.9970
8959839,"K02253.01","CONFIRMED",22.7082375,3.503,298.8,22.00,6170.00,0.9920
5607631,"K02254.01","FALSE POSITIVE",20.5696575,4.263,401.5,22.20,6098.00,0.8380
7672097,"K02255.01","CONFIRMED",7.97033985,2.6675,490.8,23.50,5774.00,0.8180
9112931,"K02256.01","CONFIRMED",10.71253475,2.7186,1198.6,31.20,4175.00,0.5440
9071593,"K02257.01","CONFIRMED",32.5635249,5.418,578.3,24.10,5225.00,0.8590
9071593,"K02257.02","CONFIRMED",59.284064,5.42,424.4,13.10,5225.00,0.8590
4951249,"K02258.01","FALSE POSITIVE",4.52342256,2.531,219,15.90,6211.00,1.0580
8126558,"K02259.01","CONFIRMED",12.19140405,1.8832,665.8,19.40,5516.00,0.9670
11811193,"K02260.01","CONFIRMED",6.11784972,3.458,60.5,25.80,6226.00,1.3330
3734418,"K02261.01","CONFIRMED",3.97599629,2.2029,206,27.30,5143.00,0.7780
3734418,"K02261.02","CANDIDATE",6.6254781,2.358,122,2.70,5211.00,0.8320
6634133,"K02262.01","FALSE POSITIVE",9.94221873,2.453,486.5,12.60,5213.00,0.9170
8613535,"K02263.01","CONFIRMED",29.9685917,6.678,309.5,26.50,6249.00,1.0760
8613535,"K02263.02","CONFIRMED",9.47850818,6.154,184.6,26.70,6249.00,1.0760
8613535,"K02263.03","CANDIDATE",15.5943758,7.367,95.4,11.90,6249.00,1.0760
12256520,"K02264.01","CONFIRMED",33.2407985,4.675,341.9,20.40,5382.00,0.8270
12256520,"K02264.02","CANDIDATE",7.25101997,2.799,122.8,12.20,5382.00,0.8270
3337432,"K02265.01","FALSE POSITIVE",2.97600846,4.274,103.2,25.90,6208.00,2.0880
10489345,"K02266.01","CONFIRMED",1.003931703,1.4361,491.1,25.20,4949.00,0.7410
7021534,"K02267.01","FALSE POSITIVE",9.06557317,1.6208,243.4,24.90,6075.00,0.9160
9277210,"K02268.01","FALSE POSITIVE",4.9432827,40.01,27.1,12.90,6701.00,2.2360
11774303,"K02269.01","FALSE POSITIVE",0.614083885,0.9817,389.5,36.40,6521.00,1.2760
9728465,"K02270.01","FALSE POSITIVE",7.35390869,2.061,92.9,11.10,6385.00,2.3270
10329469,"K02271.01","CONFIRMED",55.8224775,5.457,879.6,23.70,5162.00,0.7360
9654875,"K02272.01","CANDIDATE",1.34145255,7.502,26.6,31.20,7495.00,2.3890
9717943,"K02273.01","CONFIRMED",6.11010439,2.314,59.7,11.80,6213.00,1.1950
7960980,"K02274.01","CONFIRMED",9.98970266,3.7,988.4,24.10,5265.00,0.8100
7124026,"K02275.01","FALSE POSITIVE",15.7455586,13.877,161.1,37.60,6089.00,0.9500
3458028,"K02276.01","CONFIRMED",1.442592305,2.9698,166,27.10,7216.00,2.0430
2860793,"K02277.01","FALSE POSITIVE",2.62982665,6.213,126.4,24.60,6712.00,1.8460
3342794,"K02278.01","CONFIRMED",14.17222858,2.6297,246.8,24.50,5845.00,1.3140
3342794,"K02278.02","CONFIRMED",4.92031063,4.046,81,17.70,5845.00,1.3140
3661886,"K02279.01","CONFIRMED",27.0142622,5.385,287.6,25.50,5949.00,1.1840
3661886,"K02279.02","CONFIRMED",12.50945798,3.479,155.3,16.00,5949.00,1.1840
2439243,"K02280.01","CONFIRMED",26.0203329,4.965,1164.4,23.70,5624.00,1.2440
9221517,"K02281.01","CONFIRMED",0.769854899,1.0243,109.6,28.70,5173.00,0.8220
9221517,"K02281.02","CANDIDATE",455.27405,2.4,366,4.50,5178.00,0.8180
6751874,"K02282.01","CONFIRMED",6.89226333,2.4921,214.4,22.40,5862.00,1.4630
10206675,"K02283.01","FALSE POSITIVE",17.40208965,3.745,616.5,20.90,4098.00,0.6150
3851130,"K02284.01","FALSE POSITIVE",2.69787749,1.915,116.8,8.30,5609.00,1.3480
9945370,"K02285.01","CONFIRMED",37.9456138,4.093,1032.9,24.00,5861.00,0.8650
8973129,"K02286.01","CONFIRMED",24.1738244,3.056,532.6,21.50,5468.00,0.9680
9718066,"K02287.01","CONFIRMED",16.09227518,2.1072,128.5,18.10,4657.00,0.6700
9718066,"K02287.02","CONFIRMED",28.9060526,3.099,99,13.30,4657.00,0.6700
3440978,"K02288.01","CANDIDATE",38.103908,3.837,961.1,20.30,5250.00,0.7710
3867615,"K02289.01","CONFIRMED",62.7843981,4.81,325,21.10,6053.00,1.2600
3867615,"K02289.02","CONFIRMED",20.0983676,5.207,157.8,20.90,6053.00,1.2600
12121570,"K02290.01","CONFIRMED",91.500873,4.842,704.8,22.60,5051.00,0.7060
8410415,"K02291.01","CONFIRMED",44.2993483,4.298,797.9,23.20,5316.00,0.9150
7257363,"K02292.01","FALSE POSITIVE",5.23340265,3.242,242.1,12.70,5266.00,0.7410
8321314,"K02293.01","CONFIRMED",15.03366411,3.272,374.9,22.20,5523.00,0.8910
6934986,"K02294.01","CANDIDATE",131.485184,5.294,557.8,19.40,5765.00,1.2420
4049901,"K02295.01","CANDIDATE",16.2908527,3.176,44.1,14.50,5425.00,0.7970
11498128,"K02296.01","CONFIRMED",106.247882,13.78,397.4,24.00,5679.00,0.9720
5342473,"K02297.01","CONFIRMED",4.64495172,3.366,147.4,19.80,6047.00,1.1290
9334893,"K02298.01","CANDIDATE",16.6671415,3.526,175,17.90,4729.00,0.5250
9334893,"K02298.02","CONFIRMED",31.8055128,3.979,141.7,10.90,4729.00,0.5250
9334893,"K02298.03","CANDIDATE",2.47240869,1.87,47.5,9.00,4729.00,0.5250
9963265,"K02299.01","CONFIRMED",16.48686712,1.431,987.9,22.10,6090.00,1.0710
10583761,"K02300.01","CONFIRMED",2.685054445,1.0473,252.7,28.90,5266.00,0.8290
11922722,"K02301.01","FALSE POSITIVE",3.51289168,3.313,131,27.30,5523.00,0.9810
7542813,"K02302.01","CONFIRMED",16.8600805,5.557,273.4,22.40,6205.00,0.9730
4458082,"K02303.01","CONFIRMED",4.89336495,3.485,138.3,15.90,6688.00,1.3470
4458082,"K02303.02","CONFIRMED",8.93484887,2.579,135.9,9.70,6688.00,1.3470
8042453,"K02304.01","CONFIRMED",11.17392077,3.307,324.8,21.40,5911.00,0.9140
10874215,"K02305.01","CONFIRMED",31.0325991,3.476,737.4,17.60,5841.00,0.9310
6666233,"K02306.01","FALSE POSITIVE",0.512407185,1.0579,329.2,46.10,3862.00,0.5630
7661065,"K02307.01","FALSE POSITIVE",4.150297119,1.2058,593.4,24.20,5290.00,0.8580
3749978,"K02308.01","CONFIRMED",28.5057217,6.324,755.8,20.80,5712.00,0.8700
10010440,"K02309.01","CONFIRMED",53.5991459,6.811,523.1,23.10,6319.00,1.0320
11718144,"K02310.01","CONFIRMED",16.4581861,1.9637,435.8,22.40,5475.00,0.8840
4247991,"K02311.01","CANDIDATE",191.86419296,4.9,,,,
4247991,"K02311.02","CANDIDATE",13.72549689,7.62,,,,
4247991,"K02311.03","CONFIRMED",104.3519624,3.695,243.8,15.80,5650.00,0.8700
10026544,"K02312.01","CANDIDATE",176.331289,13.89,109.8,8.40,6146.00,2.2510
10132832,"K02313.01","CONFIRMED",16.07673148,2.205,488,19.30,5957.00,0.9710
3219995,"K02314.01","CONFIRMED",18.87058705,3.4701,588,28.50,6103.00,0.9490
6062929,"K02315.01","CONFIRMED",22.1334224,2.049,654.6,16.30,5165.00,0.7020
7504778,"K02316.01","CONFIRMED",17.1369408,6.416,362.1,25.40,6218.00,1.0770
10684670,"K02317.01","CONFIRMED",3.78861833,2.808,143.4,18.20,5560.00,1.0400
11495458,"K02318.01","CONFIRMED",10.45839865,3.154,306.8,18.60,4641.00,0.7470
9003401,"K02319.01","CONFIRMED",21.1033014,2.059,192.5,21.30,6000.00,1.1260
10481045,"K02320.01","FALSE POSITIVE",2.03743942,3.103,112.5,16.00,5751.00,0.7740
5978559,"K02321.01","CONFIRMED",95.6114617,7.489,487.4,21.60,6002.00,1.0810
5978559,"K02321.02","CANDIDATE",36.2530992,4.73,152.1,8.30,6002.00,1.0810
8107034,"K02322.01","FALSE POSITIVE",332.74984,14.77,518.1,8.70,6372.00,1.1120
8872048,"K02323.01","CANDIDATE",58.35512552,8.45,,,,
7746958,"K02324.01","CANDIDATE",1.204686597,0.823,233.2,10.80,5780.00,1.0000
7120108,"K02325.01","CONFIRMED",1.025857984,0.8069,270.7,36.00,5123.00,0.8470
3962751,"K02326.01","FALSE POSITIVE",45.60304785,8.35,,,,
10730703,"K02327.01","CONFIRMED",5.60013327,2.6508,329.2,22.80,5288.00,0.9780
10730703,"K02327.02","CANDIDATE",46.331703,4.514,299.9,9.40,5477.00,0.8150
8007644,"K02328.01","CONFIRMED",25.2034128,4.515,697.1,22.30,5831.00,0.9210
11192235,"K02329.01","CONFIRMED",1.615357809,1.1435,499.6,31.20,3821.00,0.4860
8582291,"K02330.01","FALSE POSITIVE",2.4681015,2.83,172.8,22.10,5516.00,0.8720
12401863,"K02331.01","CONFIRMED",2.832647249,2.306,114.7,27.50,5865.00,1.2720
5534941,"K02332.01","CONFIRMED",3.70063251,5.408,68.6,29.80,5423.00,1.4040
11121752,"K02333.01","CONFIRMED",3.93083997,2.932,101.4,22.00,6038.00,1.1910
11121752,"K02333.02","CONFIRMED",7.63008196,2.78,124,18.60,6038.00,1.1910
5110683,"K02334.01","FALSE POSITIVE",12.53449909,6.02,,,,
2990873,"K02335.01","CONFIRMED",16.22378479,2.5462,262.3,20.60,5547.00,0.9250
6142862,"K02336.01","FALSE POSITIVE",5.33459393,2.642,226.3,14.70,4275.00,0.5330
5599774,"K02337.01","CONFIRMED",8.49640437,2.2128,834,21.80,5093.00,0.7090
8099138,"K02338.01","CONFIRMED",66.1843646,5.155,560.5,21.30,5640.00,0.9780
7033233,"K02339.01","CONFIRMED",2.032318856,1.1596,287.5,20.40,4670.00,0.6820
7033233,"K02339.02","CANDIDATE",65.18703725,5.44,,,,
8681734,"K02340.01","CONFIRMED",7.68478504,2.447,274.1,21.40,5344.00,0.9070
10232693,"K02341.01","FALSE POSITIVE",0.990516282,2.019,101.6,20.40,5975.00,2.3990
10212441,"K02342.01","CONFIRMED",15.0447098,5.823,97.9,23.40,5798.00,1.5250
10212441,"K02342.02","FALSE POSITIVE",354.78194,6.46,193,7.70,5798.00,1.5250
6119141,"K02343.01","CANDIDATE",29.0726293,2.516,439.6,20.90,5799.00,1.0420
8247771,"K02344.01","CONFIRMED",1.118547814,1.5534,234.8,21.70,4496.00,0.6580
5629538,"K02345.01","CONFIRMED",15.18727049,4.509,292.5,21.40,6136.00,1.0050
8561231,"K02346.01","CONFIRMED",28.6853212,6.307,689.1,23.80,5726.00,0.8380
8235924,"K02347.01","CONFIRMED",0.588001053,1.1451,297.4,50.90,3814.00,0.5700
6941084,"K02348.01","CONFIRMED",85.7357202,7.625,747.7,20.80,6096.00,1.0770
7967861,"K02349.01","FALSE POSITIVE",215.15218,19.97,264.2,6.70,5914.00,0.8280
6200235,"K02350.01","CONFIRMED",1.078389713,1.3394,300.5,23.60,5325.00,0.9850
1872821,"K02351.01","CONFIRMED",10.27380957,3.252,352.8,19.20,5806.00,0.8990
8013439,"K02352.01","CONFIRMED",13.39155154,3.391,48.9,24.50,6197.00,2.1880
8013439,"K02352.02","CONFIRMED",5.62904396,3.7295,39.5,32.20,6197.00,2.1880
8013439,"K02352.03","CONFIRMED",8.2562857,2.0378,37.3,18.20,6197.00,2.1880
12505654,"K02353.01","CONFIRMED",5.186737262,0.8023,712.7,25.70,5230.00,0.7770
7215678,"K02354.01","CANDIDATE",1.151244686,1.272,269.6,32.60,6086.00,0.9210
11670125,"K02355.01","CONFIRMED",1.217000383,1.3285,459.8,26.50,4859.00,0.7570
11461844,"K02356.01","CONFIRMED",13.6823798,4.153,179.6,17.00,6102.00,1.0260
7449554,"K02357.01","CANDIDATE",2.42088277,2.812,223.3,20.70,5583.00,1.5300
7449554,"K02357.02","CANDIDATE",15.9042402,2.093,444.8,13.30,5583.00,1.5300
5716932,"K02358.01","CONFIRMED",56.4931698,8.704,411.9,31.80,6160.00,2.0460
8179325,"K02359.01","FALSE POSITIVE",3.17275711,5.404,313.2,30.10,5058.00,0.7390
7515670,"K02360.01","FALSE POSITIVE",2.30367952,3.0898,136.4,18.90,6191.00,0.8650
7515670,"K02360.02","FALSE POSITIVE",1.1518407,2.53,,,,
11566256,"K02361.01","CONFIRMED",5.78387049,1.3966,413.3,20.70,6063.00,1.0120
8495415,"K02362.01","FALSE POSITIVE",2.237180102,1.4734,493.8,23.30,5080.00,0.7930
8495415,"K02362.02","CONFIRMED",11.08507658,1.751,771.8,17.70,5080.00,0.7930
7987866,"K02363.01","CONFIRMED",3.13877646,1.6663,174.1,20.20,5242.00,0.7220
9532710,"K02364.01","CANDIDATE",5.24242029,6.413,334.9,20.10,5383.00,1.8290
11560897,"K02365.01","CONFIRMED",35.9682692,2.839,269.7,21.00,5883.00,1.5290
11560897,"K02365.02","CONFIRMED",110.978266,11.312,150.2,14.00,5883.00,1.5290
11342416,"K02366.01","CONFIRMED",25.3690868,4.746,110.1,21.60,6126.00,1.4060
9086251,"K02367.01","CONFIRMED",6.89213244,1.725,82,17.30,6164.00,1.4460
10863608,"K02368.01","CONFIRMED",8.07127043,2.393,318.2,16.90,5766.00,0.8530
5602588,"K02369.01","CONFIRMED",11.01819178,4.635,545.7,22.00,6075.00,0.9690
5602588,"K02369.02","CANDIDATE",6.3143447,2.796,191.4,6.40,6075.00,0.9690
5602588,"K02369.03","CANDIDATE",7.2274321,4.967,173.3,9.20,6075.00,0.9690
5385304,"K02370.01","CANDIDATE",78.7327023,5.041,495.8,19.10,6715.00,2.7630
11824786,"K02371.01","CONFIRMED",12.94123564,4.636,328.8,22.10,6119.00,0.9380
12254909,"K02372.01","CONFIRMED",5.349791,4.279,88.8,23.30,6074.00,1.1830
10798331,"K02373.01","CANDIDATE",147.281212,7.375,452.8,17.30,5708.00,1.0540
9364290,"K02374.01","CONFIRMED",5.26211833,3.244,194.5,20.30,5587.00,1.3090
9364290,"K02374.02","CONFIRMED",12.1628195,2.3161,306.3,15.20,5587.00,1.3090
6864893,"K02375.01","FALSE POSITIVE",40.8792243,7.005,413.6,23.40,5383.00,0.7200
11701407,"K02376.01","CONFIRMED",18.8262877,2.344,795.8,19.90,5215.00,0.8450
5906426,"K02377.01","CANDIDATE",13.9034057,3.408,261.4,15.30,5261.00,0.8190
10813132,"K02378.01","CONFIRMED",4.76702759,2.013,163.4,14.30,5629.00,0.9370
9718379,"K02379.01","FALSE POSITIVE",40.0088894,3.616,582.3,20.20,6237.00,1.0230
3002478,"K02380.01","CANDIDATE",6.35705314,1.324,272.2,17.30,5982.00,0.9600
4055774,"K02381.01","FALSE POSITIVE",6.58738839,4.758,258.5,15.70,5616.00,0.8220
6670075,"K02382.01","FALSE POSITIVE",0.759706632,1.0896,39.7,21.60,8621.00,2.0940
9395024,"K02383.01","CONFIRMED",4.37033233,2.845,177.8,17.70,5657.00,1.1820
12254688,"K02384.01","CANDIDATE",62.6825769,2.327,398.9,17.80,7058.00,3.1010
8345172,"K02385.01","FALSE POSITIVE",50.5715805,3.726,1282.6,19.90,5262.00,0.7830
4172013,"K02386.01","CANDIDATE",16.2707207,5.707,468,13.00,6117.00,1.2440
12254378,"K02387.01","CONFIRMED",2.032319072,1.6762,315.5,24.50,6156.00,1.0500
12071037,"K02388.01","FALSE POSITIVE",6.0959841,10.39,112.7,29.20,5826.00,0.8850
8494617,"K02389.01","CONFIRMED",22.9221181,8.2,140.3,24.00,5897.00,1.0810
10289119,"K02390.01","CONFIRMED",16.10474503,5.712,124.1,25.40,5822.00,2.8860
10341905,"K02391.01","FALSE POSITIVE",0.93374232,6.552,351.4,49.10,5553.00,0.8060
7382313,"K02392.01","CONFIRMED",7.42697378,3.206,205.2,15.40,5573.00,0.9820
4665571,"K02393.01","CONFIRMED",4.60300256,2.6848,302.5,22.20,4821.00,0.7880
4665571,"K02393.02","CONFIRMED",0.766691517,1.2638,244,29.50,4821.00,0.7880
10336927,"K02394.01","FALSE POSITIVE",134.76308997,8.77,,,,
4829935,"K02395.01","FALSE POSITIVE",16.9329284,1.218,488.3,20.40,6310.00,1.0950
12115188,"K02396.01","FALSE POSITIVE",0.495434094,1.2496,287.9,57.20,5529.00,0.9360
9269042,"K02397.01","CONFIRMED",12.00089667,3.266,420.7,20.00,5195.00,0.6900
6199056,"K02398.01","FALSE POSITIVE",1.169010526,1.1717,165.9,37.10,5944.00,5.8470
11461433,"K02399.01","CONFIRMED",1.916940872,1.4243,105.1,17.70,5083.00,0.8720
7984574,"K02400.01","CANDIDATE",11.6191707,1.819,700.4,18.50,5870.00,0.8340
10336951,"K02401.01","CANDIDATE",38.2292037,3.893,605.8,21.00,4544.00,0.5980
8481129,"K02402.01","CONFIRMED",16.3012727,3.974,259.5,19.70,4873.00,0.7960
2142522,"K02403.01","CONFIRMED",13.32354078,3.873,116.6,16.30,6113.00,1.2180
6364215,"K02404.01","CANDIDATE",2.10081629,2.8182,169.1,15.30,5815.00,0.9180
6364215,"K02404.02","FALSE POSITIVE",5.2438528,10.539,135.8,17.80,5815.00,0.9180
10202759,"K02405.01","FALSE POSITIVE",0.872952088,1.4499,137.3,41.60,7102.00,2.0820
5007345,"K02406.01","CONFIRMED",7.01074295,2.1787,222.8,21.30,5814.00,2.4760
12120484,"K02407.01","CONFIRMED",17.2922631,7.042,203.1,23.70,5936.00,1.2990
6429812,"K02408.01","CONFIRMED",94.289223,4.102,505.4,22.50,5632.00,0.9040
10024051,"K02409.01","CONFIRMED",0.577369336,1.0852,400.4,68.30,5255.00,0.7160
8676038,"K02410.01","FALSE POSITIVE",186.65435483,10.51,,,,
8676038,"K02410.02","FALSE POSITIVE",86.59322294,7.98,,,,
8073806,"K02411.01","CONFIRMED",11.96407399,4.526,784.2,22.90,5903.00,0.9610
10419312,"K02412.01","FALSE POSITIVE",2.493237866,2.644,259.2,20.70,5002.00,4.1310
3234598,"K02413.01","CONFIRMED",12.90467523,3.28,412.4,21.20,4513.00,0.7220
3234598,"K02413.02","CONFIRMED",31.2012202,4.077,360.1,13.70,4513.00,0.7220
8611832,"K02414.01","CONFIRMED",22.5968256,6.179,142.9,22.20,5610.00,1.1040
8611832,"K02414.02","CONFIRMED",45.3486381,4.858,162.9,15.90,5610.00,1.1040
5621586,"K02415.01","CONFIRMED",5.25419589,2.9878,461.8,26.10,6123.00,0.9870
9210387,"K02416.01","CONFIRMED",5.90608902,2.409,340.7,9.30,5966.00,0.9610
9654468,"K02417.01","CONFIRMED",47.7052566,5.959,1161.5,22.80,4551.00,0.6720
10027247,"K02418.01","CONFIRMED",86.829519,7.464,751,15.10,3576.00,0.4630
6343170,"K02419.01","CONFIRMED",9.95667035,3.534,586.8,16.80,6165.00,1.1150
7107802,"K02420.01","CONFIRMED",10.41728722,4.125,210.4,20.30,5557.00,1.1510
7107802,"K02420.02","CANDIDATE",5.4675514,3.283,87.2,10.40,5557.00,1.1510
8838950,"K02421.01","CANDIDATE",2.27050106,1.903,106.7,15.90,4671.00,0.5280
8838950,"K02421.02","CANDIDATE",4.02321842,2.162,81.2,9.80,4671.00,0.5280
11360805,"K02422.01","CONFIRMED",26.7838935,4.584,365.3,20.90,5242.00,0.8560
11360805,"K02422.02","CANDIDATE",57.3888262,3.543,344.4,11.90,5242.00,0.8560
9845898,"K02423.01","CONFIRMED",45.126216,6.656,373.1,17.10,6499.00,1.1690
12453581,"K02424.01","CONFIRMED",11.94019101,2.866,631.7,15.60,5073.00,0.7480
11922678,"K02425.01","FALSE POSITIVE",3.51295674,3.06,83.1,22.50,6453.00,1.1700
8081899,"K02426.01","CONFIRMED",4.16056658,2.61,75.8,16.30,5481.00,0.8150
10189557,"K02427.01","FALSE POSITIVE",2.93101771,2.231,199.1,15.00,5485.00,0.7880
9965184,"K02428.01","FALSE POSITIVE",16.2276756,3.699,525.8,20.50,5328.00,0.8830
9911882,"K02429.01","FALSE POSITIVE",1.595630597,1.793,259.6,18.30,5632.00,0.7290
3533469,"K02430.01","FALSE POSITIVE",10.21507506,3.395,258.6,17.40,5406.00,0.9500
8956706,"K02431.01","FALSE POSITIVE",8.3806973,3.028,650.8,4.60,5062.00,0.7350
7047363,"K02432.01","CONFIRMED",31.0572947,3.401,636.6,15.80,5395.00,0.7340
7047363,"K02432.02","FALSE POSITIVE",93.6273251,1.92,,,,
11968463,"K02433.01","CONFIRMED",15.1622287,7.332,479.8,28.50,6325.00,1.1120
11968463,"K02433.02","CONFIRMED",10.04378351,5.548,437.9,28.80,6325.00,1.1120
11968463,"K02433.03","CONFIRMED",56.4148314,8.075,480.1,16.40,6325.00,1.1120
11968463,"K02433.04","CANDIDATE",27.9040511,5.346,300.2,12.80,6325.00,1.1120
11968463,"K02433.05","FALSE POSITIVE",0.646745436,1.188,115.6,14.30,6325.00,1.1120
11968463,"K02433.06","CANDIDATE",6.06330298,3.275,200.7,13.10,6308.00,1.1530
11968463,"K02433.07","CANDIDATE",86.431871,7.374,415.1,11.20,6325.00,1.1120
6864885,"K02434.01","FALSE POSITIVE",40.8777605,9.745,719.1,23.60,5930.00,0.9370
5097868,"K02435.01","FALSE POSITIVE",6.80243431,3.817,249.1,14.90,5836.00,0.8160
8570333,"K02436.01","CONFIRMED",84.5733346,5.762,891.6,20.40,5418.00,0.8880
5036705,"K02437.01","CONFIRMED",4.14789051,3.829,137.6,16.40,6150.00,1.4170
5078939,"K02438.01","FALSE POSITIVE",1.958577398,2.388,453,24.50,5402.00,0.8160
6867555,"K02439.01","CONFIRMED",5.19103699,4.222,290.1,25.20,6321.00,1.1250
6867555,"K02439.02","CANDIDATE",7.5017934,4.271,134.8,9.80,6321.00,1.1250
5339567,"K02440.01","CONFIRMED",4.86638504,2.296,143.8,17.10,5688.00,1.1110
4459924,"K02441.01","FALSE POSITIVE",4.79176993,4.52,116.6,23.00,5138.00,0.7560
11080405,"K02442.01","CONFIRMED",25.1933989,4.62,481.2,18.00,5009.00,0.8400
11080405,"K02442.02","CONFIRMED",12.3101351,3.797,263.7,12.90,5009.00,0.8400
9209624,"K02443.01","CONFIRMED",6.79164656,3.343,102.6,18.50,5772.00,1.0030
9209624,"K02443.02","CONFIRMED",11.8376933,3.381,92.9,12.70,5772.00,1.0030
3354846,"K02444.01","CONFIRMED",18.5525162,4.385,771.5,17.20,5569.00,0.8290
6516185,"K02445.01","CANDIDATE",47.3659328,7.929,757,16.00,5708.00,0.9020
9850957,"K02446.01","FALSE POSITIVE",8.48031302,5.988,107,20.20,6541.00,2.4300
3946023,"K02447.01","FALSE POSITIVE",1.045492348,2.933,28.7,21.70,6057.00,1.4570
5857540,"K02448.01","CONFIRMED",13.62801048,3.5374,912.8,26.70,5052.00,0.8550
12208631,"K02449.01","CANDIDATE",53.3580444,6.812,736.1,19.70,5481.00,1.0360
12208631,"K02449.02","CANDIDATE",0.912351255,1.072,111.8,9.10,5481.00,1.0360
7289317,"K02450.01","CONFIRMED",16.83203175,4.031,326,21.60,5518.00,1.0080
7289317,"K02450.02","CANDIDATE",7.1931193,2.935,125.6,10.70,5518.00,1.0080
6500206,"K02451.01","FALSE POSITIVE",13.37499553,1.639,458.1,16.90,5263.00,0.9610
5545815,"K02452.01","FALSE POSITIVE",4.35370136,1.913,168.9,12.20,5992.00,0.9850
8631751,"K02453.01","CANDIDATE",1.530515205,0.5945,659.7,23.20,3462.00,0.2590
11401822,"K02454.01","FALSE POSITIVE",1.08070294,3.363,145.6,17.60,5482.00,0.8130
6507427,"K02455.01","FALSE POSITIVE",4.74254518,1.023,305.7,13.20,6046.00,1.0070
5521300,"K02456.01","FALSE POSITIVE",18.13559979,2.019,452.7,16.40,6184.00,1.0380
9753154,"K02457.01","CONFIRMED",3.70429015,3.37,55.7,15.90,6732.00,1.9270
7604328,"K02458.01","CONFIRMED",4.35407371,2.427,277.1,19.00,5455.00,0.9090
7604328,"K02458.02","CONFIRMED",2.936587946,1.8952,279.6,20.10,5455.00,0.9090
8572936,"K02459.01","FALSE POSITIVE",27.795762425,15.5056,420329,1969.50,5915.00,1.1300
11236244,"K02460.01","CONFIRMED",11.32269749,3.517,311,16.00,4563.00,0.6420
9837685,"K02461.01","CONFIRMED",13.71218522,2.437,786.7,22.60,5550.00,0.8310
5042210,"K02462.01","CONFIRMED",12.14684625,6.197,70.7,27.10,5877.00,1.9630
12454461,"K02463.01","CONFIRMED",7.46718958,3.633,75.7,18.80,6161.00,1.1690
9887224,"K02464.01","FALSE POSITIVE",0.874629873,1.782,68.1,19.20,5099.00,0.8320
7542369,"K02465.01","FALSE POSITIVE",5.46091846,1.781,172,21.20,6319.00,0.9300
8544992,"K02466.01","CONFIRMED",3.17323012,1.9094,204.5,21.40,4500.00,0.6330
8544992,"K02466.02","CONFIRMED",13.2970695,3.283,219.7,14.90,4500.00,0.6330
11818607,"K02467.01","CONFIRMED",5.05661302,3.926,137.9,17.60,5926.00,0.9390
8380709,"K02468.01","CONFIRMED",24.3344939,6.557,323.1,18.10,6091.00,0.9670
6149910,"K02469.01","CONFIRMED",131.187921,6.905,915.9,23.90,4898.00,0.8030
9108085,"K02470.01","FALSE POSITIVE",2.17489806,4.599,74.8,29.30,5749.00,1.1500
5436013,"K02471.01","CONFIRMED",25.8859397,4.548,217.1,16.10,5190.00,0.8990
9395719,"K02472.01","CONFIRMED",2.607545159,1.3916,351.5,23.00,6147.00,1.0960
8753896,"K02473.01","CONFIRMED",3.24417541,1.992,371.9,18.00,5094.00,0.8700
8753896,"K02473.02","FALSE POSITIVE",73.45736853,5.28,,,,
8753896,"K02473.03","CONFIRMED",14.5123622,4.163,355.8,11.80,5094.00,0.8700
8240617,"K02474.01","CANDIDATE",176.845697,3.812,431.6,7.70,5592.00,0.7970
8746295,"K02475.01","FALSE POSITIVE",6.85567248,2.268,197.7,17.20,5734.00,0.8830
10090257,"K02476.01","FALSE POSITIVE",2.28607282,7.82,261.8,35.90,4583.00,0.6540
6846911,"K02477.01","CONFIRMED",14.02634692,1.2808,403.6,19.30,5970.00,1.1310
5385439,"K02478.01","FALSE POSITIVE",12.425866431,29.1428,257.9,62.20,5428.00,0.9400
5963582,"K02479.01","CONFIRMED",25.5433704,8.567,138.6,28.40,5422.00,1.7820
8189801,"K02480.01","CANDIDATE",0.66682654,0.7847,511.6,33.40,3993.00,0.5540
4476423,"K02481.01","FALSE POSITIVE",33.8542586,12.689,253.3,10.00,4553.00,10.4720
11403389,"K02482.01","CONFIRMED",45.0909201,4.605,436.3,14.10,5790.00,0.9000
9851662,"K02483.01","CONFIRMED",15.0539886,4.422,221.5,16.30,5475.00,0.8180
10453588,"K02484.01","CONFIRMED",68.8861017,5.925,143.9,19.50,5753.00,1.2220
11125613,"K02485.01","CONFIRMED",9.99115241,2.657,391.7,16.70,4838.00,0.7960
11125613,"K02485.02","CONFIRMED",3.60082855,1.938,296.3,17.90,4838.00,0.7960
11125613,"K02485.03","CONFIRMED",5.72716067,2.23,310.9,16.00,4838.00,0.7960
8074328,"K02486.01","CANDIDATE",4.267961416,1.3427,127.4,24.60,6395.00,1.2370
7212184,"K02487.01","CONFIRMED",36.292017,8.198,374.7,21.40,5843.00,1.6150
8559152,"K02488.01","CONFIRMED",12.4128518,4.298,108.1,19.40,5945.00,1.3460
2718778,"K02489.01","CONFIRMED",3.92453009,3.691,463.5,25.30,5776.00,0.8490
3122913,"K02490.01","CONFIRMED",11.60653061,2.194,771.7,17.80,4703.00,0.7010
9229657,"K02491.01","CONFIRMED",2.66831274,2.4141,266.2,23.30,5806.00,0.8990
11752632,"K02492.01","CONFIRMED",0.984941669,1.9724,81.4,22.90,5825.00,1.6620
10028535,"K02493.01","CONFIRMED",0.663085361,1.1522,322.7,35.30,5172.00,0.7670
7047207,"K02494.01","CONFIRMED",19.1187425,6.805,217.5,20.50,5862.00,1.4630
5212220,"K02495.01","FALSE POSITIVE",1.08749101,1.6192,126.4,33.50,5988.00,3.2040
9964748,"K02496.01","FALSE POSITIVE",1.183818383,1.393,84.3,12.70,6014.00,0.9920
11179076,"K02497.01","CONFIRMED",48.4313003,4.03,886.4,17.30,4891.00,0.8050
5959719,"K02498.01","CONFIRMED",6.73808701,2.591,92.9,14.40,5168.00,0.7690
5959719,"K02498.02","CONFIRMED",13.0600399,2.851,106.8,12.50,5168.00,0.7690
5544903,"K02499.01","FALSE POSITIVE",7.57571414,2.357,418.5,12.80,6418.00,1.1710
10407054,"K02500.01","FALSE POSITIVE",0.933754669,4.048,89.3,43.20,6443.00,1.4570
5542983,"K02501.01","FALSE POSITIVE",4.76887671,1.672,115.8,20.00,6063.00,1.8550
10880007,"K02502.01","FALSE POSITIVE",86.79876649,2.99,,,,
8631504,"K02503.01","CONFIRMED",14.8200596,3.902,184.9,21.90,4825.00,0.7320
8110767,"K02504.01","CONFIRMED",20.49041,4.369,661.8,23.30,5681.00,0.9230
5471574,"K02505.01","FALSE POSITIVE",0.962827066,4.48,86.3,28.70,6534.00,3.0280
5471574,"K02505.02","FALSE POSITIVE",12.4246697,44.07,424,116.90,6550.00,1.5900
6767840,"K02506.01","CONFIRMED",8.679037,2.864,301.6,19.90,6117.00,1.0270
8379705,"K02507.01","CONFIRMED",11.1296971,2.942,371,14.70,6122.00,0.9640
8836888,"K02508.01","CANDIDATE",7.10397925,1.5398,370.5,16.80,5488.00,0.7890
9880190,"K02509.01","CONFIRMED",4.5513988,2.457,188.7,19.40,5009.00,0.8400
5392702,"K02510.01","FALSE POSITIVE",12.2141545,10.262,535.8,24.70,5435.00,0.8240
8429566,"K02511.01","FALSE POSITIVE",3.732261,2.054,153.6,15.70,5762.00,0.8670
9574158,"K02512.01","CANDIDATE",15.92108138,1.5443,716.8,16.10,5595.00,0.8200
9653622,"K02513.01","CONFIRMED",19.0054098,1.843,542.4,20.20,6347.00,1.0360
4391348,"K02514.01","FALSE POSITIVE",1.96433113,2.381,139.1,14.20,6306.00,1.1210
8418129,"K02515.01","FALSE POSITIVE",164.57506747,9.57,,,,
7294743,"K02516.01","CANDIDATE",2.81043228,3.874,47.4,17.80,5415.00,2.0790
8947520,"K02517.01","CONFIRMED",0.968527683,1.3672,114.6,16.90,5580.00,0.8860
5529738,"K02518.01","FALSE POSITIVE",0.759762021,4.912,227,65.30,6386.00,1.1230
4047631,"K02519.01","CANDIDATE",4.790912471,0.5134,360.7,17.60,4359.00,0.6760
10059645,"K02520.01","CONFIRMED",6.49441464,2.344,357.3,17.70,4769.00,0.7420
7183745,"K02521.01","CONFIRMED",28.4750006,4.718,763.8,21.40,4996.00,0.8310
7183745,"K02521.02","CONFIRMED",4.86634094,1.885,366.7,15.20,4996.00,0.8310
9177629,"K02522.01","CONFIRMED",5.60402307,1.0273,224.9,20.60,4847.00,0.7370
7778767,"K02523.01","CONFIRMED",13.0313583,4.521,573.3,18.90,5514.00,1.0710
7778767,"K02523.02","CANDIDATE",2.61090223,1.976,222.5,10.70,5514.00,1.0710
7515762,"K02524.01","CONFIRMED",40.9905002,7.336,297.3,15.40,5842.00,1.4100
5942949,"K02525.01","CONFIRMED",57.2932309,4.878,773.6,15.70,4806.00,0.7290
3116302,"K02526.01","FALSE POSITIVE",134.96694,18.43,68.4,6.90,6154.00,1.0530
7879433,"K02527.01","CONFIRMED",1.385787741,1.6449,85.4,19.10,4239.00,0.6000
9205907,"K02528.01","CONFIRMED",12.02295362,1.2667,778.6,20.10,5982.00,0.8790
8463346,"K02529.01","CONFIRMED",16.79716262,3.83,1023.8,21.20,4652.00,0.6970
8463346,"K02529.02","CONFIRMED",64.0019669,4.724,1112.5,14.20,4652.00,0.6970
9011825,"K02530.01","CONFIRMED",37.3331165,7.643,187.8,22.50,5623.00,1.5880
4172746,"K02531.01","CANDIDATE",17.6997392,2.76,752.7,19.80,4807.00,0.7420
5174858,"K02532.01","CONFIRMED",7.9709719,1.2893,488.4,17.30,5237.00,0.8260
11074835,"K02533.01","CONFIRMED",6.03355539,10.049,89.5,26.10,4924.00,3.5880
11074835,"K02533.02","FALSE POSITIVE",9.49361221,6.52,,,,
11074835,"K02533.03","CANDIDATE",26.1152887,12.54,70,10.60,5190.00,2.9120
1996180,"K02534.01","CONFIRMED",3.02558494,3.0008,128.3,23.80,6123.00,1.2630
1996180,"K02534.02","CANDIDATE",5.42204257,2.952,79.1,10.70,6123.00,1.2630
9635606,"K02535.01","CONFIRMED",48.8882668,6.468,462.8,13.50,4821.00,0.7880
3728701,"K02536.01","CONFIRMED",51.1319346,6.019,382.3,19.60,6071.00,1.1070
10861715,"K02537.01","FALSE POSITIVE",133.516435,2.196,510,6.50,5989.00,0.8480
1849702,"K02538.01","CONFIRMED",39.8312536,2.442,388.8,15.80,5026.00,0.7590
7289162,"K02539.01","FALSE POSITIVE",5.26648126,1.964,97.8,16.00,6204.00,1.0650
3001885,"K02540.01","FALSE POSITIVE",2.67596808,2.021,420.6,17.50,4732.00,0.7950
12306058,"K02541.01","CONFIRMED",7.41683033,7.274,72.6,20.60,4938.00,3.3240
12306058,"K02541.02","CONFIRMED",20.4853893,10.229,89.5,17.90,4938.00,3.3240
6183511,"K02542.01","CONFIRMED",0.727331746,0.8323,357.4,20.40,3460.00,0.3560
12469800,"K02543.01","CONFIRMED",1.302017467,1.3692,290.5,21.40,4948.00,0.8160
8676148,"K02544.01","CONFIRMED",28.6253502,4.551,652.7,18.30,5774.00,0.9410
9696358,"K02545.01","CONFIRMED",6.98141327,6.527,38,20.90,6054.00,2.1630
5039129,"K02546.01","FALSE POSITIVE",1.319677953,1.978,100.7,17.40,6306.00,1.0760
4484336,"K02547.01","CONFIRMED",8.94337724,2.469,215.1,18.40,6074.00,1.0050
9580167,"K02548.01","CANDIDATE",0.827151296,1.385,272.4,8.10,4452.00,11.8950
10679583,"K02549.01","FALSE POSITIVE",3.54789928,2.861,185.3,13.60,5399.00,0.7250
11622985,"K02550.01","CANDIDATE",18.0243482,3.575,441.2,17.30,5955.00,0.9100
11361283,"K02551.01","CANDIDATE",16.4793229,3.312,479.1,13.80,4908.00,0.7160
8757824,"K02552.01","CONFIRMED",3.65690909,2.064,107.4,12.80,6078.00,1.2710
9832208,"K02553.01","CONFIRMED",88.0712769,6.758,885.4,18.10,4939.00,0.8190
10471621,"K02554.01","CANDIDATE",39.7557642,1.958,621.8,10.20,4405.00,0.5110
10471621,"K02554.02","CANDIDATE",10.27127527,3.029,343.5,17.50,4405.00,0.5110
5350244,"K02555.01","CONFIRMED",12.5722897,4.765,86.5,12.40,6084.00,1.1690
5374403,"K02556.01","CONFIRMED",40.8366307,4.956,264.8,18.70,5529.00,0.9250
10925113,"K02557.01","FALSE POSITIVE",11.7761073,2.829,281.3,15.10,5096.00,0.6890
5307858,"K02558.01","FALSE POSITIVE",1.867281146,7.495,701.1,58.50,6117.00,1.0250
6605493,"K02559.01","CONFIRMED",9.30991834,3.455,114.5,19.20,5806.00,1.1010
4670217,"K02560.01","CANDIDATE",18.1209388,3.781,504.2,15.80,4905.00,0.7740
7259298,"K02561.01","CONFIRMED",3.23941775,2.569,77.4,17.20,6075.00,0.8580
10415227,"K02562.01","FALSE POSITIVE",2.9322509,2.931,181.2,13.10,6106.00,0.9660
5175024,"K02563.01","CONFIRMED",23.4772553,6.735,141.4,17.60,6384.00,1.1210
5175024,"K02563.02","CANDIDATE",6.2614227,4.779,51.4,10.60,6384.00,1.1210
9026749,"K02564.01","CONFIRMED",66.5576728,10.532,214.2,21.30,5734.00,3.4050
9026749,"K02564.02","CANDIDATE",17.6637979,6.194,67.9,9.70,5734.00,3.4050
12216278,"K02565.01","FALSE POSITIVE",2.01948607,5.248,275.4,27.90,5884.00,0.9440
9159242,"K02566.01","FALSE POSITIVE",3.04468229,5.951,71.4,22.20,5575.00,0.9800
9842937,"K02567.01","FALSE POSITIVE",4.98845099,7.453,193.9,23.30,5695.00,0.9610
6525185,"K02568.01","FALSE POSITIVE",1.71030803,2.718,216,21.00,5790.00,0.9000
8247770,"K02569.01","CANDIDATE",8.28157072,3.1,139.2,12.90,5640.00,1.1750
10812504,"K02570.01","FALSE POSITIVE",79.9201319,4.482,1326.8,21.90,3812.00,0.4760
10812504,"K02570.02","FALSE POSITIVE",4.4296786,1.96,,,,
6867588,"K02571.01","CANDIDATE",0.82628442,0.9603,134.9,25.60,5218.00,0.8290
7501646,"K02572.01","CANDIDATE",6.37705295,1.949,502.8,17.90,5672.00,0.9650
8256453,"K02573.01","FALSE POSITIVE",1.347512632,1.9817,2651.8,88.70,5316.00,0.6850
9474493,"K02574.01","FALSE POSITIVE",0.512581697,1.5789,259.1,45.20,5547.00,0.8200
8107115,"K02575.01","FALSE POSITIVE",199.3113,6.43,383.6,6.50,5662.00,0.7890
4551663,"K02576.01","FALSE POSITIVE",12.07760884,2.233,151,14.00,5370.00,0.8450
12257999,"K02577.01","CANDIDATE",18.55581565,5.372,565.9,33.20,5988.00,8.8410
6922203,"K02578.01","CANDIDATE",13.33094869,1.426,725.6,17.10,5991.00,1.0390
9896018,"K02579.01","CONFIRMED",2.7296036,2.721,145.6,18.40,5887.00,1.2350
9896018,"K02579.02","CONFIRMED",3.59645081,2.661,149.6,16.20,5887.00,1.2350
9896018,"K02579.03","CANDIDATE",10.30148508,3.903,162.7,12.60,5887.00,1.2350
11037511,"K02580.01","CONFIRMED",3.11604194,1.7763,345.2,18.80,5591.00,0.8600
11818872,"K02581.01","CONFIRMED",12.7372371,3.358,100.8,12.90,5420.00,0.8680
11771430,"K02582.01","CONFIRMED",40.0306267,4.815,214.5,19.50,5855.00,1.3730
10387742,"K02583.01","CONFIRMED",3.03267135,1.774,42.4,15.60,5640.00,0.9210
10387742,"K02583.02","FALSE POSITIVE",251.7512,4.314,114.3,7.50,5640.00,0.9210
10663411,"K02584.01","FALSE POSITIVE",157.82131,12.42,192.3,6.90,6082.00,1.1470
7673841,"K02585.01","CONFIRMED",5.34182466,3.577,70.5,19.20,5767.00,1.1350
7673841,"K02585.02","CONFIRMED",10.42317343,2.341,71.2,11.20,5767.00,1.1350
7673841,"K02585.03","CANDIDATE",7.87845756,3.912,44.1,10.50,5767.00,1.1350
9827149,"K02586.01","CONFIRMED",2.131945045,1.8061,269.4,22.90,5845.00,1.0130
9827149,"K02586.02","FALSE POSITIVE",5.9703813,0.669,210.3,5.50,5825.00,0.9650
5546691,"K02587.01","CONFIRMED",12.9462567,9.568,168.7,15.70,6058.00,0.8670
12156347,"K02588.01","CONFIRMED",5.77957133,2.5213,396.6,18.90,4102.00,0.5810
10468885,"K02589.01","CONFIRMED",0.664074145,1.0925,212.6,20.90,5178.00,0.7970
12016267,"K02590.01","FALSE POSITIVE",11.7489907,4.043,36.7,12.50,6440.00,1.6550
12016267,"K02590.02","CANDIDATE",22.7909233,9.565,53.6,19.40,6311.00,1.6420
5513897,"K02591.01","FALSE POSITIVE",0.755109106,2.967,106,34.00,5452.00,0.8150
6765135,"K02592.01","CANDIDATE",175.603366,9.543,506.8,14.70,6225.00,1.0090
8212002,"K02593.01","CONFIRMED",14.7966306,5.613,56.1,22.40,6175.00,1.3070
8212002,"K02593.02","CANDIDATE",9.5539134,5.261,26.8,13.10,6175.00,1.3070
8004903,"K02594.01","CONFIRMED",11.25401871,4.759,433.4,17.00,5995.00,1.1180
8883329,"K02595.01","CONFIRMED",9.18244299,4.318,87.6,20.30,6194.00,1.3140
8883329,"K02595.02","CONFIRMED",14.6134781,5.266,72.8,15.20,6194.00,1.3140
3644653,"K02596.01","FALSE POSITIVE",119.682075,31.28,1704.1,38.10,5778.00,0.9110
12120307,"K02597.01","CONFIRMED",8.00504749,3.32,187.5,15.60,6398.00,1.1010
12120307,"K02597.02","CONFIRMED",12.13070414,3.843,211.2,15.30,6398.00,1.1010
12120307,"K02597.03","CONFIRMED",5.61357653,2.905,162.3,15.20,6398.00,1.1010
7446631,"K02598.01","CANDIDATE",29.2254372,5.293,174.1,15.70,6049.00,1.0080
10664416,"K02599.01","FALSE POSITIVE",25.3239215,70.405,1379.7,214.50,5128.00,0.6680
9777251,"K02600.01","FALSE POSITIVE",1.33255087,3.565,123.3,14.00,5774.00,1.0540
7531677,"K02601.01","FALSE POSITIVE",2.622134451,4.735,128.2,42.90,5864.00,1.3690
10068659,"K02602.01","CONFIRMED",11.47685263,2.756,240.6,16.50,5550.00,1.0320
2443393,"K02603.01","CANDIDATE",73.711039,10.062,136.7,21.10,6374.00,1.5020
9019191,"K02604.01","CANDIDATE",14.43348326,2.663,526.8,14.80,4915.00,0.7020
10407221,"K02605.01","FALSE POSITIVE",0.933746783,4.255,417.5,62.80,4643.00,0.6630
5991936,"K02606.01","FALSE POSITIVE",6.09740316,4.635,568.5,14.00,8828.00,1.8280
5095635,"K02607.01","CANDIDATE",0.754457729,0.5891,248.2,31.10,5561.00,1.1930
6269070,"K02608.01","CONFIRMED",2.7612237,3.681,66.8,14.20,6381.00,2.2320
6705137,"K02609.01","FALSE POSITIVE",5.59727625,1.659,200.8,15.30,5796.00,0.8760
2305866,"K02610.01","CANDIDATE",24.1073172,10.465,104.2,23.60,6585.00,2.5170
2305866,"K02610.02","CANDIDATE",115.230655,17.735,164.4,21.30,6585.00,2.5170
8885673,"K02611.01","FALSE POSITIVE",1.228721184,1.041,465.6,26.40,4897.00,0.7640
9602613,"K02612.01","CONFIRMED",4.61225043,2.695,29.1,13.70,5495.00,0.9610
9602613,"K02612.02","CANDIDATE",7.57299816,2.645,30.2,10.90,5495.00,0.9610
9712350,"K02613.01","CANDIDATE",51.5738653,2.784,900.7,13.20,5380.00,0.8130
5807769,"K02614.01","CONFIRMED",7.99022379,3.273,165.9,17.60,5689.00,1.5420
8025596,"K02615.01","CONFIRMED",4.69505576,3.058,240,15.90,5999.00,0.9590
5956787,"K02616.01","FALSE POSITIVE",0.569115976,2.028,796.9,59.80,4788.00,0.6560
4915638,"K02617.01","CONFIRMED",8.63050092,3.144,325.8,14.90,5352.00,0.7640
6351097,"K02618.01","FALSE POSITIVE",12.49117388,2.848,189.9,17.00,5753.00,0.9110
8081905,"K02619.01","CONFIRMED",3.27645723,2.219,323,17.90,5812.00,0.9630
11465950,"K02620.01","CONFIRMED",16.0573291,3.546,575,17.50,5644.00,0.8060
9996632,"K02621.01","FALSE POSITIVE",8.44326557,3.353,359.5,19.00,6081.00,1.0230
10527135,"K02622.01","FALSE POSITIVE",0.328686504,0.8592,171.9,26.80,5430.00,0.8470
10916600,"K02623.01","CONFIRMED",5.57654782,3.673,53.6,13.20,6187.00,1.2380
10916600,"K02623.02","CANDIDATE",4.02664625,3.771,30,8.90,6187.00,1.2380
8429314,"K02624.01","CONFIRMED",115.6863392,4.65,945.9,20.70,5800.00,1.1490
9153570,"K02625.01","CONFIRMED",3.81371423,1.973,281,11.40,5547.00,0.8200
11768142,"K02626.01","CONFIRMED",38.0970717,4.307,913.3,17.00,3554.00,0.3980
6124512,"K02627.01","CONFIRMED",8.38395796,5.2,108.5,14.10,5405.00,2.6050
10070468,"K02628.01","CONFIRMED",1.68189051,2.992,83.2,17.40,5827.00,1.3740
10031656,"K02629.01","FALSE POSITIVE",8.59000355,6.68,298.1,18.90,5817.00,0.8760
11495766,"K02630.01","FALSE POSITIVE",4.1749166,4.828,40.7,11.80,5910.00,0.9400
7584650,"K02631.01","CONFIRMED",44.9977604,9.686,170.2,21.40,5871.00,0.9830
7584650,"K02631.02","FALSE POSITIVE",3.95383243,2.37,,,,
11337566,"K02632.01","CONFIRMED",7.12815163,5.522,45.9,22.00,6311.00,1.9940
11769801,"K02633.01","FALSE POSITIVE",29.7123181,70.3707,385.4,130.00,6440.00,1.9210
1995519,"K02634.01","CONFIRMED",19.9401211,4.283,758.9,18.00,5623.00,0.7630
4914566,"K02635.01","CONFIRMED",22.2420032,7.532,63.5,16.20,5979.00,2.1640
6198182,"K02636.01","CONFIRMED",3.88148385,2.679,36.3,11.90,5854.00,0.9790
6198182,"K02636.02","CANDIDATE",5.1777226,8.275,41.7,6.10,5854.00,0.9790
9574179,"K02637.01","CANDIDATE",3.98864999,3.516,94.2,12.40,5692.00,1.1880
6211812,"K02638.01","CONFIRMED",2.524017517,1.1968,303,19.80,5420.00,0.8710
11391755,"K02639.01","CANDIDATE",25.1123362,7.922,398.8,11.80,6133.00,1.1120
11391755,"K02639.02","CANDIDATE",2.121023807,0.3673,263.9,6.40,6133.00,1.1120
9088780,"K02640.01","CANDIDATE",33.18089453,15.24,,,,
8894646,"K02641.01","CANDIDATE",3.55557922,3.24,60.4,15.50,5839.00,1.0820
12061096,"K02642.01","FALSE POSITIVE",15.05028313,1.848,615.2,13.40,5887.00,0.9890
6933567,"K02643.01","CONFIRMED",9.08233411,2.008,296.9,15.80,5354.00,0.7880
9993529,"K02644.01","FALSE POSITIVE",0.790539912,1.0567,277.3,31.50,4791.00,0.7670
11303815,"K02645.01","FALSE POSITIVE",1.705782214,1.007,278,11.50,5387.00,1.0090
6044553,"K02646.01","FALSE POSITIVE",0.532086296,4.023,495.8,85.20,5271.00,0.6980
11962284,"K02647.01","CONFIRMED",8.83929462,1.719,316.2,14.80,5330.00,0.8700
2573056,"K02648.01","FALSE POSITIVE",0.631795416,1.0703,145.2,24.70,6414.00,1.5190
6842682,"K02649.01","CONFIRMED",7.56126152,2.851,180.6,15.70,5853.00,0.8950
8890150,"K02650.01","CONFIRMED",34.9897847,4.208,498.5,11.50,3765.00,0.5210
8890150,"K02650.02","CONFIRMED",7.05429483,1.716,359.3,11.20,3765.00,0.5210
11752908,"K02651.01","FALSE POSITIVE",6.38315744,1.7075,1112.6,23.80,5262.00,0.7140
4346178,"K02652.01","CONFIRMED",16.1289679,6.271,389,21.30,5392.00,1.0870
6525193,"K02653.01","FALSE POSITIVE",1.710279417,2.252,228.8,19.90,5834.00,1.0230
9664142,"K02654.01","CONFIRMED",13.5631157,5.438,336.4,15.40,5853.00,0.8950
10018233,"K02655.01","CONFIRMED",16.2959916,2.116,369.6,15.70,5495.00,0.9610
8636539,"K02656.01","CANDIDATE",6.77367892,3.579,150.7,15.10,6392.00,1.0720
9283156,"K02657.01","CANDIDATE",5.22402436,2.608,48.1,15.10,5487.00,0.8400
8547429,"K02658.01","CONFIRMED",11.6601667,5.882,181,20.40,5791.00,1.0830
8803882,"K02659.01","FALSE POSITIVE",89.465468,9.88,67.9,5.70,5192.00,2.4600
9893318,"K02660.01","CONFIRMED",18.0161227,4.016,499.5,16.70,6245.00,1.0650
6866251,"K02661.01","FALSE POSITIVE",65.238281,5.756,197.2,10.30,5254.00,3.7610
3426367,"K02662.01","CONFIRMED",2.10433534,1.1168,242.1,20.70,3605.00,0.4330
7762723,"K02663.01","CONFIRMED",9.88736642,4.23,68,14.60,5693.00,0.8160
5562090,"K02664.01","CONFIRMED",28.8431751,3.171,756.7,15.00,5151.00,0.7850
12110786,"K02665.01","FALSE POSITIVE",1.112207126,1.35,54.7,13.00,6046.00,0.9720
5342061,"K02666.01","CANDIDATE",64.034363,9.174,758.8,16.90,5691.00,0.7830
3654095,"K02667.01","FALSE POSITIVE",1.303576682,1.021,245.5,22.10,6045.00,0.9550
5513012,"K02668.01","CONFIRMED",0.679336747,1.2188,240.7,36.70,5440.00,0.9130
11761199,"K02669.01","FALSE POSITIVE",213.6103207,10.7643,110990,534.50,5931.00,0.8450
8074805,"K02670.01","FALSE POSITIVE",170.8658492,16.9895,29840.8,897.00,5989.00,1.3240
2437505,"K02671.01","CANDIDATE",21.47642727,5.5498,348130,124.80,5780.00,1.0000
2437505,"K02671.02","FALSE POSITIVE",17.5509742,4.064,3859,9.70,5780.00,1.0000
11253827,"K02672.01","CONFIRMED",88.5122014,6.8214,2518.7,63.10,5593.00,0.9450
11253827,"K02672.02","CONFIRMED",42.9923284,4.726,1120.1,34.10,5593.00,0.9450
10747445,"K02673.01","FALSE POSITIVE",4.593595496,2.7468,45034,92.00,5717.00,0.8840
8022489,"K02674.01","CONFIRMED",197.5111484,11.106,2575.6,175.20,5616.00,1.6740
8022489,"K02674.02","CONFIRMED",11.1726723,6.106,76.8,17.00,5616.00,1.6740
8022489,"K02674.03","CONFIRMED",2.53573284,3.989,68,25.50,5616.00,1.6740
5794570,"K02675.01","CONFIRMED",5.448321078,2.2213,529.4,55.10,5721.00,0.9050
5794570,"K02675.02","CONFIRMED",1.116127169,1.3235,109.2,19.20,5721.00,0.9050
5649325,"K02676.01","FALSE POSITIVE",195.613824,23.777,1651.9,102.70,5970.00,2.2290
9958387,"K02677.01","CANDIDATE",237.787237,10.509,1627.7,92.30,5185.00,1.8530
6779260,"K02678.01","CONFIRMED",3.833087643,1.51,461.4,40.20,5397.00,0.8310
6779260,"K02678.02","CANDIDATE",2.2165905,1,28.7,2.80,5397.00,0.8310
6716021,"K02679.01","CANDIDATE",110.7556272,6.819,8067,48.50,6525.00,2.6680
8326342,"K02680.01","CANDIDATE",14.4079035,2.524,3058,7.70,5440.00,0.7280
6878240,"K02681.01","CONFIRMED",135.4978256,6.769,5038.1,73.20,5307.00,0.7570
6878240,"K02681.02","CONFIRMED",22.2508509,1.745,618.7,11.40,5307.00,0.7570
2436378,"K02682.01","FALSE POSITIVE",8.53161917,2.9596,65744,86.10,5780.00,1.0000
7899070,"K02683.01","CANDIDATE",126.4451275,16.7151,3252.5,110.90,5613.00,0.7950
4035667,"K02684.01","FALSE POSITIVE",2.8736467,1.682,215.7,21.20,8173.00,3.1690
9612825,"K02685.01","FALSE POSITIVE",2.846517614,4.228,2154.4,58.00,3468.00,0.3200
7826659,"K02686.01","CONFIRMED",211.032819,7.119,1953.4,69.30,4658.00,0.6860
7202957,"K02687.01","CONFIRMED",1.716828304,2.068,59.5,14.20,5808.00,0.9020
7202957,"K02687.02","CONFIRMED",8.16733851,3.337,104.9,14.80,5808.00,0.9020
8892303,"K02688.01","CONFIRMED",5.424749327,1.139,7680,78.00,4137.00,0.5910
10265602,"K02689.01","CANDIDATE",165.3447044,3.09,4899,48.00,5594.00,0.8120
5369827,"K02690.01","CONFIRMED",3.606940379,1.0418,432.3,20.80,5508.00,0.8400
4552729,"K02691.01","CANDIDATE",97.4463194,6.765,2141.1,62.80,4735.00,0.6860
2989706,"K02692.01","FALSE POSITIVE",1.257689465,0.8399,945.6,45.60,5676.00,0.7870
5185897,"K02693.01","CONFIRMED",4.081411554,2.3239,171.9,36.90,4498.00,0.6350
5185897,"K02693.02","CONFIRMED",11.41941928,3.3075,150.5,22.90,4498.00,0.6350
5185897,"K02693.03","CONFIRMED",6.83440674,2.2726,177.1,29.10,4498.00,0.6350
9475552,"K02694.01","CONFIRMED",0.843379985,1.4474,343.3,53.60,4818.00,0.8560
9475552,"K02694.02","CONFIRMED",6.56606941,1.8455,402.4,25.80,4818.00,0.8560
5196864,"K02695.01","CANDIDATE",2.50343279,1.534,1156,13.20,5174.00,0.8400
11071200,"K02696.01","CANDIDATE",96.4562198,11.195,950.5,54.60,7029.00,2.7040
11071200,"K02696.02","CANDIDATE",44.5643831,7.874,360.5,27.00,7029.00,2.7040
6627507,"K02697.01","FALSE POSITIVE",7.37453336,3.745,304.4,33.10,5028.00,4.9910
5128673,"K02698.01","CONFIRMED",87.9724227,14.638,866.7,64.60,5837.00,1.1590
6690836,"K02699.01","CONFIRMED",0.568874717,1.2177,378.4,50.40,5223.00,0.7800
8639908,"K02700.01","CANDIDATE",0.910020582,1.7956,358.1,29.90,4297.00,0.5330
5481148,"K02701.01","FALSE POSITIVE",22.023514,1.932,1670,10.20,5860.00,0.9360
6307063,"K02702.01","FALSE POSITIVE",75.378004,6.744,447.8,20.50,5876.00,1.0770
5871985,"K02703.01","CONFIRMED",213.258526,7.768,1992.3,36.10,4477.00,0.6370
9730163,"K02704.01","CONFIRMED",4.871223664,1.5916,6462,50.50,3157.00,0.1800
9730163,"K02704.02","CONFIRMED",2.984157711,1.2637,2598,24.30,3157.00,0.1800
9730163,"K02704.03","CONFIRMED",8.15275885,1.746,16536,9.20,3327.00,0.1890
11453592,"K02705.01","CONFIRMED",2.8867624,0.9879,631.8,37.10,3483.00,0.3890
9697131,"K02706.01","CANDIDATE",3.09756897,4.588,83.3,14.60,6329.00,1.8850
5480640,"K02707.01","CONFIRMED",58.0337426,5.584,807.1,34.90,5467.00,1.1520
5480640,"K02707.02","CONFIRMED",14.4252635,3.754,221.2,15.20,5467.00,1.1520
5480640,"K02707.03","CONFIRMED",26.6757818,2.696,474.8,20.00,5467.00,1.1520
5175986,"K02708.01","CONFIRMED",0.868386354,1.066,488.5,27.30,4792.00,0.7040
4180401,"K02709.01","FALSE POSITIVE",15.4126766,3.402,599.8,7.50,5240.00,0.8560
6350476,"K02710.01","FALSE POSITIVE",1.110599919,1.3493,157.6,38.70,5227.00,0.8670
5272233,"K02711.01","CONFIRMED",9.02436414,3.011,214.6,23.50,5885.00,1.1110
5272233,"K02711.02","CONFIRMED",17.3408735,3.398,159,13.50,5885.00,1.1110
11098013,"K02712.01","CANDIDATE",7.50790041,5.646,145,11.90,6408.00,1.3370
5443604,"K02713.01","FALSE POSITIVE",21.3910125,3.512,645.8,25.10,4889.00,0.6860
12206313,"K02714.01","CONFIRMED",14.3832267,8.378,178.5,39.00,6115.00,1.2910
12206313,"K02714.02","CONFIRMED",47.3186631,10.465,263.4,36.20,6115.00,1.2910
12206313,"K02714.03","CONFIRMED",184.262741,11.94,292.2,21.10,6115.00,1.2910
9837661,"K02715.01","CONFIRMED",11.12827427,2.6118,6057,65.60,3640.00,0.5030
9837661,"K02715.02","CONFIRMED",2.226496196,1.7073,1839.1,36.00,3640.00,0.5030
9837661,"K02715.03","CONFIRMED",5.72084599,2.744,1316,20.50,3640.00,0.5030
9092504,"K02716.01","CONFIRMED",0.962864171,1.6802,303.5,31.60,5704.00,0.8040
9092504,"K02716.02","CONFIRMED",6.46004728,1.979,394.2,17.00,5704.00,0.8040
9467404,"K02717.01","CONFIRMED",0.929906166,1.743,108.7,79.70,6039.00,1.4130
5308666,"K02718.01","FALSE POSITIVE",0.784513087,1.9206,316.6,47.70,3853.00,78.8690
5184911,"K02719.01","CONFIRMED",4.11585514,1.4858,425.8,20.80,4827.00,0.8230
5184911,"K02719.02","CANDIDATE",106.25976,6.101,354,7.70,4827.00,0.8230
8176564,"K02720.01","CANDIDATE",6.57159435,3.1044,65.7,30.70,6042.00,1.4320
6587105,"K02721.01","CONFIRMED",33.878639,6.194,700.1,27.90,5533.00,1.0720
7673192,"K02722.01","CONFIRMED",6.12479773,3.466,129.3,20.10,6052.00,1.2020
7673192,"K02722.02","CONFIRMED",11.24284815,4.241,136,17.40,6052.00,1.2020
7673192,"K02722.03","CONFIRMED",4.02877097,3.173,100.4,18.60,6052.00,1.2020
7673192,"K02722.04","CONFIRMED",8.92114318,3.933,110.8,15.30,6052.00,1.2020
7673192,"K02722.05","CANDIDATE",16.5340022,4.063,89.2,9.30,6052.00,1.2020
3346154,"K02723.01","CONFIRMED",1.952711161,0.872,403,30.70,5741.00,0.9460
5308387,"K02724.01","FALSE POSITIVE",0.620739667,2.477,108.2,30.80,6559.00,1.6020
6233573,"K02725.01","FALSE POSITIVE",0.587470828,2.4382,193.8,48.30,5787.00,2.6670
10363281,"K02726.01","FALSE POSITIVE",0.934924739,2.052,73.8,20.30,6477.00,2.6280
4861527,"K02727.01","FALSE POSITIVE",25.7054557,6.059,266.3,27.60,6326.00,1.0010
4178606,"K02728.01","CONFIRMED",42.3520039,7.773,512.6,30.50,6864.00,2.6320
12008872,"K02729.01","CONFIRMED",14.8877665,4.981,252.5,28.40,6143.00,1.1160
8415200,"K02730.01","CONFIRMED",4.52158614,3.4702,106.2,26.20,5576.00,1.2890
4072333,"K02731.01","FALSE POSITIVE",2.007750531,2.0715,352,21.80,5645.00,0.8650
9886361,"K02732.01","CONFIRMED",7.03146295,5.922,85.4,33.80,6170.00,1.4990
9886361,"K02732.02","CONFIRMED",13.61165024,7.617,95.5,31.60,6170.00,1.4990
9886361,"K02732.03","CONFIRMED",54.2811949,5.517,147.8,20.00,6170.00,1.4990
9886361,"K02732.04","CANDIDATE",24.5607107,8.679,55.2,14.90,6170.00,1.4990
5953297,"K02733.01","CONFIRMED",5.62006198,2.751,190.1,17.40,4868.00,0.7460
7659389,"K02734.01","CONFIRMED",3.8259005,1.8057,857.2,20.30,5223.00,0.8850
9472074,"K02735.01","CONFIRMED",0.558841234,0.7918,280.9,26.30,5151.00,0.7920
10842192,"K02736.01","CONFIRMED",9.33648141,2.5449,885.4,23.10,4442.00,0.6480
6614629,"K02737.01","FALSE POSITIVE",0.526615152,1.0582,64,40.90,5718.00,1.8320
6630943,"K02738.01","FALSE POSITIVE",0.690405794,1.7407,178.4,43.00,5204.00,0.7860
4831728,"K02739.01","CONFIRMED",10.10773789,3.828,294.9,25.30,5480.00,1.1740
4831728,"K02739.02","CANDIDATE",7.0956395,3.465,108.1,10.50,5480.00,1.1740
3336765,"K02740.01","FALSE POSITIVE",1.844857057,1.6557,85.6,21.50,6143.00,1.0040
5513893,"K02741.01","FALSE POSITIVE",0.755103143,2.885,43.8,27.30,5996.00,2.1280
5980208,"K02742.01","CONFIRMED",0.789160884,0.9268,215.1,23.60,4258.00,0.6220
8095441,"K02743.01","CONFIRMED",11.87457664,1.9797,220.7,21.40,5523.00,0.8800
5881813,"K02744.01","CONFIRMED",109.6469948,6.568,899.7,26.70,5332.00,1.4530
5881813,"K02744.02","CANDIDATE",11.615625,2.233,191.2,8.80,5332.00,1.4530
12456601,"K02745.01","CONFIRMED",15.64588656,3.959,572.1,26.90,5896.00,0.9160
5302643,"K02746.01","FALSE POSITIVE",69.2002312,5.679,2271.5,30.00,7044.00,1.2670
6586746,"K02747.01","CONFIRMED",6.26404774,2.39,378.7,20.10,5032.00,0.8170
9962455,"K02748.01","CONFIRMED",23.1985852,9.821,224.7,28.20,5416.00,1.7560
9962455,"K02748.02","CONFIRMED",5.77721259,2.462,134.3,17.70,5416.00,1.7560
8687088,"K02749.01","FALSE POSITIVE",0.905037231,1.4351,37.5,29.00,6223.00,1.7630
3663173,"K02750.01","CANDIDATE",174.636181,15.679,2500.9,37.10,5974.00,2.2320
9881077,"K02751.01","CONFIRMED",24.4004378,2.987,860.5,20.20,4583.00,0.6740
5717567,"K02752.01","FALSE POSITIVE",1.287622419,0.821,36.5,16.90,6170.00,1.2740
6265792,"K02753.01","CONFIRMED",0.935115863,1.6172,64.8,21.60,5874.00,1.2970
10905911,"K02754.01","CONFIRMED",1.34155642,1.6462,58.2,23.70,5779.00,0.9700
3545135,"K02755.01","CONFIRMED",8.48299282,2.505,69.1,21.30,5827.00,0.9330
6964929,"K02756.01","CONFIRMED",0.665025941,1.7542,104.7,26.50,5884.00,1.0700
6964929,"K02756.02","CANDIDATE",5.06993245,3.241,93.6,11.60,5957.00,0.9370
6432345,"K02757.01","CONFIRMED",234.635652,6.965,868.5,26.70,5422.00,0.8850
8703129,"K02758.01","CANDIDATE",253.374581,22.889,1104,99.90,5177.00,5.9490
11076400,"K02759.01","CANDIDATE",1.07808492,0.8551,155.6,22.90,4906.00,0.8140
7877978,"K02760.01","CONFIRMED",56.5732318,4.188,688.5,21.60,4701.00,0.7750
7903086,"K02761.01","FALSE POSITIVE",1.846861455,1.6605,648.6,35.90,5591.00,0.8600
8210018,"K02762.01","CONFIRMED",132.9955503,7.436,1275.4,29.30,4523.00,0.6590
3834322,"K02763.01","FALSE POSITIVE",0.498434645,0.955,239.2,26.80,4784.00,0.7080
10073672,"K02764.01","CANDIDATE",2.252976718,1.7131,467.9,21.70,4039.00,0.5590
11188249,"K02765.01","FALSE POSITIVE",2.75505467,3.426,85.5,27.80,6257.00,1.7480
4677282,"K02766.01","FALSE POSITIVE",1.572181216,7.219,219.5,48.20,6622.00,4.3150
5097470,"K02767.01","FALSE POSITIVE",1.28805834,3.419,92.6,28.10,5631.00,1.1320
9008737,"K02768.01","CONFIRMED",11.8288843,3.337,191,9.10,5653.00,0.8570
9008737,"K02768.02","CONFIRMED",14.7512034,1.25,261.1,8.30,5653.00,0.8570
9008737,"K02768.03","FALSE POSITIVE",11.83271013,6.152,176.3,12.70,5639.00,0.8590
9692128,"K02769.01","FALSE POSITIVE",1.480323978,1.833,166.2,43.40,5996.00,1.0810
10917043,"K02770.01","CANDIDATE",205.385912,8.681,1248.7,24.30,4400.00,0.6240
11456382,"K02771.01","FALSE POSITIVE",0.814280672,2.326,134.9,12.30,6366.00,1.5430
11966253,"K02772.01","FALSE POSITIVE",0.643468999,1.1108,108,19.60,5670.00,0.8430
3130548,"K02773.01","FALSE POSITIVE",0.878855771,1.1014,269.7,25.30,5727.00,0.9370
9593757,"K02774.01","FALSE POSITIVE",2.49432176,2.3269,8043,43.20,5780.00,1.0000
6346809,"K02775.01","CANDIDATE",17.57704569,2.022,670,19.10,5653.00,0.9010
4275117,"K02776.01","FALSE POSITIVE",1.00652785,1.3175,125.9,17.90,6089.00,0.8890
6545051,"K02777.01","FALSE POSITIVE",1.99566293,4.514,197,21.90,5235.00,0.7710
7769819,"K02778.01","CONFIRMED",2.21571296,1.8211,285.1,22.10,5417.00,0.9010
11874577,"K02779.01","CONFIRMED",34.4585495,7.434,431,23.70,6161.00,0.8620
12164564,"K02780.01","CONFIRMED",3.35184041,1.9855,345.3,20.00,6198.00,1.0050
8190354,"K02781.01","FALSE POSITIVE",1.615758517,1.734,41.7,18.00,5622.00,2.0170
10275805,"K02782.01","FALSE POSITIVE",112.645961,7.037,1957.9,23.30,5895.00,0.9910
5709889,"K02783.01","FALSE POSITIVE",0.526887517,0.8971,119.9,20.60,3945.00,0.5190
3119256,"K02784.01","FALSE POSITIVE",4.14244748,2.203,69.9,12.30,6785.00,2.1240
10001368,"K02785.01","CONFIRMED",4.76831033,3.2363,251.8,35.40,6237.00,1.1160
9466429,"K02786.01","CONFIRMED",44.616751,7.831,239.7,28.40,6763.00,1.4240
4365442,"K02787.01","FALSE POSITIVE",1.714410345,3.336,50.4,22.90,6340.00,2.4980
9943435,"K02788.01","FALSE POSITIVE",0.777663575,1.1741,134.3,28.10,5769.00,0.8120
8885643,"K02789.01","CONFIRMED",3.40165617,1.9617,155.9,19.90,6177.00,0.9060
5652893,"K02790.01","CONFIRMED",14.00948631,3.399,169.9,22.60,5153.00,0.7670
11662184,"K02791.01","CONFIRMED",27.5722144,5.256,296.3,20.00,5912.00,1.0900
11127479,"K02792.01","CONFIRMED",2.12821621,3.146,25.9,22.10,5952.00,1.3770
9823519,"K02793.01","CONFIRMED",4.49686066,1.7306,1932.5,37.00,3698.00,0.4440
9823519,"K02793.02","CONFIRMED",1.766789509,1.3345,1009.8,26.70,3698.00,0.4440
5428668,"K02794.01","FALSE POSITIVE",0.703399912,0.823,531.4,32.00,5955.00,0.9100
5041569,"K02795.01","FALSE POSITIVE",2.5355023,7.189,354.6,37.60,6268.00,1.1000
11246161,"K02796.01","CANDIDATE",0.5374094,1.2039,94.2,21.90,5749.00,0.9880
10604521,"K02797.01","CANDIDATE",0.868122253,1.5471,231.3,23.20,6116.00,1.0840
6697756,"K02798.01","CONFIRMED",0.916142298,1.1555,98.5,23.00,4374.00,0.6140
5649833,"K02799.01","FALSE POSITIVE",0.597933473,1.918,106,26.00,6543.00,1.1590
10518399,"K02800.01","FALSE POSITIVE",2.69636494,3.892,109,22.20,5653.00,1.1390
5905822,"K02801.01","CONFIRMED",6.99205021,5.037,33.4,24.40,6057.00,1.4670
5775129,"K02802.01","CONFIRMED",3.84822189,2.013,203.9,17.60,5927.00,1.1930
9898447,"K02803.01","CONFIRMED",2.37752442,2.307,32.1,15.90,5615.00,0.9360
5307568,"K02804.01","FALSE POSITIVE",2.62838097,3.193,89.9,15.30,5884.00,1.0700
11135308,"K02805.01","CONFIRMED",1.877878538,2.39,47.5,20.60,6324.00,1.1150
7047824,"K02806.01","CONFIRMED",24.7543849,3.39,593.3,18.00,4852.00,0.8040
2985587,"K02807.01","CANDIDATE",3.375716723,1.5436,175.7,20.20,6310.00,1.2820
3730335,"K02808.01","FALSE POSITIVE",0.596087893,0.7159,105.1,30.30,6049.00,1.8270
7428316,"K02809.01","FALSE POSITIVE",7.12684695,3.179,206.3,20.70,6050.00,0.8960
10275766,"K02810.01","FALSE POSITIVE",0.661749944,4.112,215.6,34.50,6363.00,1.1980
10275766,"K02810.02","FALSE POSITIVE",354.95118,13.02,421.9,7.00,6392.00,1.2300
6370120,"K02811.01","FALSE POSITIVE",1.35477049,1.618,145.3,14.80,4414.00,0.6890
2442448,"K02812.01","CONFIRMED",76.6139446,10.22,498.7,28.60,6173.00,1.0300
11197853,"K02813.01","CANDIDATE",0.698461304,0.7887,134.4,16.10,4676.00,12.5580
4479633,"K02814.01","FALSE POSITIVE",0.475068516,0.8552,110.1,21.40,6045.00,0.9550
9665922,"K02815.01","FALSE POSITIVE",1.545388842,3.037,52.8,20.60,5782.00,0.7670
11283615,"K02816.01","CONFIRMED",1.289590179,1.3541,286,18.90,5467.00,0.8080
7605093,"K02817.01","CONFIRMED",0.634003002,0.9207,316.9,21.00,5226.00,0.7500
4952341,"K02818.01","FALSE POSITIVE",1.79683793,7.911,223.3,27.90,7592.00,1.7140
4270565,"K02819.01","FALSE POSITIVE",18.0116764,6.006,417.2,23.30,6003.00,0.9320
11963206,"K02820.01","CONFIRMED",3.00912491,2.228,191.4,16.50,5713.00,0.8930
4249611,"K02821.01","CANDIDATE",79.2450351,5.382,1347.3,14.40,5648.00,0.9170
8263545,"K02822.01","CONFIRMED",4.44589508,2.3816,441.4,20.90,5918.00,0.8650
10341917,"K02823.01","FALSE POSITIVE",0.93375241,6.352,518,55.50,5402.00,0.8150
3241604,"K02824.01","FALSE POSITIVE",1.70336496,1.7045,316.7,19.80,5881.00,0.9150
9591070,"K02825.01","FALSE POSITIVE",0.764174368,2.346,100.2,34.50,6321.00,1.1250
8227661,"K02826.01","FALSE POSITIVE",1.85373924,1.816,348.6,18.00,2661.00,0.1160
7428736,"K02827.01","CONFIRMED",7.06321927,2.411,207.2,12.60,5305.00,0.8180
6436029,"K02828.01","CONFIRMED",59.4969009,5.404,1262.1,23.20,4817.00,0.8330
6436029,"K02828.02","CANDIDATE",505.462916,10.127,1724,17.60,4817.00,0.8330
6197215,"K02829.01","CONFIRMED",10.61345333,0.9829,150.2,20.00,5865.00,1.3880
9244508,"K02830.01","CONFIRMED",40.5289885,10.604,360.7,35.30,6443.00,3.0860
9692557,"K02831.01","FALSE POSITIVE",0.571940563,0.9031,54.3,22.80,5827.00,2.2860
9995402,"K02832.01","CONFIRMED",3.57551429,2.364,92.8,16.60,5213.00,0.9170
9109857,"K02833.01","CANDIDATE",1.791877025,1.166,46.1,12.50,6002.00,2.1390
5609593,"K02834.01","CONFIRMED",136.205112,5.568,1209.3,20.00,4648.00,0.6750
5436338,"K02835.01","CONFIRMED",6.30922043,1.3251,691.2,22.50,4380.00,0.5300
11414465,"K02836.01","CONFIRMED",2.94194296,2.056,278,18.20,4901.00,0.7580
11565924,"K02837.01","CONFIRMED",13.32191461,6.213,133.5,24.30,6995.00,2.2740
6607357,"K02838.01","CONFIRMED",7.69994466,4.432,70.9,17.40,5727.00,1.1040
6607357,"K02838.02","CONFIRMED",4.77466043,3.804,54.3,15.50,5727.00,1.1040
6186964,"K02839.01","CONFIRMED",2.164570593,1.2862,525.1,19.80,3941.00,0.5540
6467363,"K02840.01","CANDIDATE",3.67936863,3.47,85.9,18.10,5676.00,0.8480
6467363,"K02840.02","CANDIDATE",7.4464635,4.084,78,12.70,5676.00,0.8480
8758204,"K02841.01","CONFIRMED",159.388788,8.432,1033,17.30,5135.00,0.8740
8733898,"K02842.01","CONFIRMED",1.565412613,0.7572,2754.6,48.60,3464.00,0.3280
8733898,"K02842.02","CONFIRMED",5.14892346,0.9613,2355,25.40,3464.00,0.3280
8733898,"K02842.03","CONFIRMED",3.036208739,0.9324,1820.5,26.00,3464.00,0.3280
8176019,"K02843.01","FALSE POSITIVE",187.51251276,8.05,,,,
4858610,"K02844.01","FALSE POSITIVE",2.72288246,2.408,152.6,15.50,5458.00,0.8720
10591855,"K02845.01","CONFIRMED",1.574090323,1.5796,224.9,17.70,4313.00,0.6500
4832175,"K02846.01","FALSE POSITIVE",0.947738312,1.206,202.2,13.90,4464.00,0.6380
12935144,"K02847.01","FALSE POSITIVE",1.099291188,1.765,282.6,19.80,4878.00,0.8430
7749773,"K02848.01","CONFIRMED",13.7872627,5.747,75.1,23.90,5691.00,1.4580
10064256,"K02849.01","CONFIRMED",5.95958637,2.899,133.1,16.10,5452.00,0.9000
4075015,"K02850.01","FALSE POSITIVE",1.11431205,2.112,160.4,15.50,5776.00,0.8490
6697605,"K02851.01","CONFIRMED",3.42064689,1.767,356.8,13.90,5370.00,0.9660
6697605,"K02851.02","CANDIDATE",1.23935745,1.683,150.9,9.70,5370.00,0.9660
6294819,"K02852.01","CONFIRMED",0.675650404,1.8261,200.7,22.40,5966.00,0.9610
12602314,"K02853.01","CANDIDATE",1.407020118,1.3766,181.9,18.90,5022.00,0.8490
5513866,"K02854.01","FALSE POSITIVE",0.755111225,3.164,168,76.40,5780.00,1.0000
4547603,"K02855.01","CANDIDATE",1.400755743,1.0562,144.4,19.80,5487.00,1.0720
5688910,"K02856.01","CONFIRMED",25.8730914,5.085,694.4,20.10,6036.00,1.0930
6345732,"K02857.01","CONFIRMED",20.2642023,4.664,185.3,19.90,5937.00,1.2910
6345732,"K02857.02","CONFIRMED",7.44136102,4.554,79.7,14.20,5937.00,1.2910
6185496,"K02858.01","FALSE POSITIVE",0.47462889,1.0194,331.3,31.20,4904.00,0.7860
10397751,"K02859.01","CONFIRMED",3.4462125,2.101,83.5,15.60,5374.00,0.7210
10397751,"K02859.02","CONFIRMED",2.005414293,1.934,59.5,13.90,5374.00,0.7210
10397751,"K02859.03","CANDIDATE",4.28886792,2.599,59.3,11.10,5374.00,0.7210
10397751,"K02859.04","CANDIDATE",2.90512019,2.293,61.2,13.20,5374.00,0.7210
10397751,"K02859.05","CANDIDATE",5.43103616,2.469,66.8,10.80,5374.00,0.7210
6606438,"K02860.01","CONFIRMED",103.4269873,5.03,950.1,17.80,6208.00,1.0240
7815931,"K02861.01","FALSE POSITIVE",1.868564038,1.192,176.7,17.20,6065.00,1.0230
6679295,"K02862.01","CANDIDATE",24.5752524,2.258,1003.4,12.10,3678.00,0.5120
3241557,"K02863.01","FALSE POSITIVE",1.703359172,1.914,57.6,13.90,6026.00,0.9040
3957082,"K02864.01","FALSE POSITIVE",3.77881664,5.819,47.1,22.20,6115.00,5.5440
8681833,"K02865.01","CONFIRMED",1.311558909,1.919,141.3,17.20,5926.00,0.9630
4138951,"K02866.01","CONFIRMED",1.291233083,1.855,66,15.90,6384.00,1.0860
9899181,"K02867.01","FALSE POSITIVE",1.332560553,3.315,31.7,26.10,4947.00,0.7140
9899181,"K02867.02","FALSE POSITIVE",18.936061,22.27,24.3,14.00,4947.00,0.7140
8884274,"K02868.01","CONFIRMED",10.65275054,2.684,740.7,17.50,5602.00,0.8170
7767162,"K02869.01","CONFIRMED",3.30040818,4.462,98.8,19.30,6333.00,1.4380
7767162,"K02869.02","CANDIDATE",274.743032,9.137,309,12.20,6277.00,1.2070
4861791,"K02870.01","FALSE POSITIVE",5.62950902,6.542,297.5,14.30,5822.00,0.8980
10793172,"K02871.01","CONFIRMED",12.0999065,3.558,165.5,15.10,5553.00,1.0980
10793172,"K02871.02","CONFIRMED",5.36375016,2.94,114.3,14.40,5553.00,1.0980
10793172,"K02871.03","CANDIDATE",18.0811429,4.44,71.2,5.70,5693.00,0.8560
10793172,"K02871.04","CANDIDATE",7.9788198,2.874,83.8,8.30,5553.00,1.0980
7136729,"K02872.01","FALSE POSITIVE",3.17319407,2.512,135.8,16.20,5369.00,0.7840
6364276,"K02873.01","FALSE POSITIVE",5.24368302,10.873,225.4,36.90,4194.00,0.6290
9149789,"K02874.01","CANDIDATE",0.352515897,1.0525,168.2,38.00,5465.00,0.7660
12170648,"K02875.01","FALSE POSITIVE",0.299697755,0.8473,346.9,53.60,5180.00,0.7820
4367854,"K02876.01","CANDIDATE",5.1952021,2.1552,320.8,17.70,5044.00,0.7380
4367854,"K02876.02","FALSE POSITIVE",0.535224793,3.3402,228.7,48.80,5044.00,0.7380
7019524,"K02877.01","CONFIRMED",5.30873978,3.018,127.5,16.70,5914.00,0.9550
5106313,"K02878.01","CONFIRMED",3.89524296,1.689,189,16.20,5018.00,0.8380
7051984,"K02879.01","CANDIDATE",0.339069751,1.1516,53.2,38.20,5653.00,2.1830
9825174,"K02880.01","CONFIRMED",0.740926358,1.0163,195.5,20.00,5618.00,0.8740
7812455,"K02881.01","FALSE POSITIVE",0.903583394,1.5942,1027.1,151.70,6455.00,1.1010
5642620,"K02882.01","CANDIDATE",75.8580035,5.382,1148.4,16.10,4474.00,0.6140
5642620,"K02882.02","FALSE POSITIVE",0.493393859,1.1319,264.7,20.30,4474.00,0.6140
5209845,"K02883.01","CONFIRMED",11.95401876,2.656,855.9,19.30,4359.00,0.6590
9652649,"K02884.01","FALSE POSITIVE",2.48883033,4.268,51.4,15.10,5615.00,0.8330
11100670,"K02885.01","FALSE POSITIVE",20.2340219,3.674,193.6,11.50,5528.00,0.7100
6129524,"K02886.01","CONFIRMED",0.88184263,1.3117,249.9,21.20,5268.00,0.7760
3859363,"K02887.01","FALSE POSITIVE",1.56859048,11.591,280.6,43.30,6248.00,1.0020
12023078,"K02888.01","FALSE POSITIVE",0.623441939,1.4053,128.1,40.60,5385.00,2.8710
6364162,"K02889.01","FALSE POSITIVE",5.24364571,16.984,270.4,45.60,6197.00,1.0560
7463685,"K02890.01","CONFIRMED",8.98826122,4.96,160.8,14.50,5984.00,0.9060
10068024,"K02891.01","FALSE POSITIVE",2.023126394,1.2771,72.2,19.20,6349.00,1.0590
9636563,"K02892.01","FALSE POSITIVE",10.63609504,3.48,290.6,20.90,5546.00,0.8100
9520443,"K02893.01","FALSE POSITIVE",0.99014722,0.9394,321.1,23.00,5072.00,0.7470
6937402,"K02894.01","CONFIRMED",10.3108232,5.617,204,14.00,5708.00,0.8930
5475641,"K02895.01","FALSE POSITIVE",1.069842837,5.275,540.3,65.20,4999.00,0.7860
2853828,"K02896.01","FALSE POSITIVE",1.077467951,2.1125,75.7,47.40,6329.00,1.5080
2853828,"K02896.02","FALSE POSITIVE",346.36642,14.94,148.2,14.30,6327.00,1.2590
5817986,"K02897.01","FALSE POSITIVE",0.584310213,2.1801,809.4,91.90,5783.00,0.8800
11129258,"K02898.01","CONFIRMED",25.384175,3.576,594,15.80,6137.00,0.9940
4939533,"K02899.01","CANDIDATE",5.77207177,2.605,328.5,13.20,5591.00,0.8600
4846856,"K02900.01","CANDIDATE",46.151253,5.346,649,17.10,5204.00,0.7690
9366886,"K02901.01","FALSE POSITIVE",0.633514386,1.2792,179.1,22.30,4330.00,0.6180
10601465,"K02902.01","FALSE POSITIVE",138.61227705,13.79,,,,
3657176,"K02903.01","FALSE POSITIVE",17.4166143,2.445,314.2,13.10,5946.00,1.0170
3969687,"K02904.01","CONFIRMED",16.3583482,9.858,116.4,30.00,6133.00,1.7650
9369366,"K02905.01","FALSE POSITIVE",36.0054414,3.262,117.5,14.60,7048.00,2.8380
6716545,"K02906.01","CONFIRMED",13.9093544,6.765,86.8,15.60,6052.00,1.4240
6716545,"K02906.02","CANDIDATE",145.881936,11.342,156.9,11.20,6052.00,1.4240
6716545,"K02906.03","CANDIDATE",21.9424316,7.447,72.7,10.70,6052.00,1.4240
2708885,"K02907.01","FALSE POSITIVE",1.146934644,1.7247,256.2,19.70,5423.00,0.8620
6612284,"K02908.01","FALSE POSITIVE",1.245353252,2.152,224.2,20.30,5982.00,0.9600
7461307,"K02909.01","FALSE POSITIVE",0.77359329,1.7603,80.6,21.70,5747.00,0.9070
4483138,"K02910.01","CONFIRMED",15.3626052,3.736,468.3,19.70,5011.00,0.8510
5471202,"K02911.01","FALSE POSITIVE",12.4258343,28.1171,449.4,72.00,6185.00,0.9910
9640439,"K02912.01","FALSE POSITIVE",0.873227249,0.7948,221.8,21.90,6341.00,1.1110
9693006,"K02913.01","CONFIRMED",2.88878583,2.977,40.9,17.20,5696.00,1.3310
6837283,"K02914.01","CANDIDATE",21.1181653,9.734,112.7,26.30,6461.00,2.5660
5613821,"K02915.01","CANDIDATE",5.06092282,2.586,71.6,15.70,5637.00,0.9110
7269881,"K02916.01","FALSE POSITIVE",0.306937807,0.5925,119.2,29.30,5088.00,0.7410
3228945,"K02917.01","FALSE POSITIVE",0.730943372,3.004,134.7,27.00,6143.00,1.0670
7008149,"K02918.01","FALSE POSITIVE",0.515552803,1.7869,1224.1,79.60,5068.00,0.7300
7008149,"K02918.02","FALSE POSITIVE",0.51554111,0.87,,,,
10332213,"K02919.01","CONFIRMED",2.522590567,1.406,210.2,18.50,5591.00,0.8600
7090524,"K02920.01","CONFIRMED",6.73968289,4.183,142,15.40,5511.00,1.1760
6842807,"K02921.01","CANDIDATE",16.6146221,2.706,361.2,10.60,5295.00,0.8000
4381282,"K02922.01","FALSE POSITIVE",0.497581917,1.46,140.6,17.10,5271.00,0.6300
9815053,"K02923.01","CANDIDATE",5.83892993,1.1066,237.4,15.30,5279.00,0.7690
7609553,"K02924.01","CONFIRMED",2.279523364,1.6202,126.8,16.70,5017.00,0.7970
7609553,"K02924.02","CANDIDATE",8.85686712,0.606,319.2,11.90,5017.00,0.7970
6974658,"K02925.01","CANDIDATE",0.716531851,0.655,78.9,17.90,5552.00,1.0300
10122538,"K02926.01","CONFIRMED",12.2854718,2.996,1617.1,23.80,3891.00,0.5640
10122538,"K02926.02","CONFIRMED",5.53609368,2.2942,1223.3,22.60,3891.00,0.5640
10122538,"K02926.03","CONFIRMED",20.9569985,3.493,1917.9,22.70,3891.00,0.5640
10122538,"K02926.04","CONFIRMED",37.6333868,4.49,1661.7,18.60,3891.00,0.5640
10122538,"K02926.05","CANDIDATE",75.731195,4.859,2496,16.30,3891.00,0.5640
5787131,"K02927.01","CANDIDATE",24.4359956,6.254,496.6,17.10,6197.00,1.0350
3230753,"K02928.01","FALSE POSITIVE",17.7337356,5.558,217.3,17.00,5335.00,0.8310
8358012,"K02929.01","FALSE POSITIVE",10.06478627,2.86,285.7,18.60,5438.00,0.8200
4664046,"K02930.01","FALSE POSITIVE",1.12976597,3.096,133.7,14.30,5366.00,0.7150
8611257,"K02931.01","CONFIRMED",99.2532336,7.208,538,20.50,5010.00,0.7150
3861611,"K02932.01","FALSE POSITIVE",3.84933401,2.299,503.9,13.60,5984.00,0.9060
12416987,"K02933.01","CANDIDATE",119.0833042,2.558,2951,18.90,4412.00,0.6230
10964265,"K02934.01","FALSE POSITIVE",0.637487312,1.9626,211.3,25.00,6173.00,1.0830
8259713,"K02935.01","CANDIDATE",27.8813154,6.346,209.2,15.50,6434.00,1.0550
10880507,"K02936.01","CONFIRMED",6.4802138,3.27,142,13.70,5496.00,0.9830
9837578,"K02937.01","FALSE POSITIVE",20.733748565,6.28773,417340,2236.70,5620.00,0.9740
7821010,"K02938.01","FALSE POSITIVE",24.238241803,4.16665,461962,1126.40,6457.00,1.3650
5473556,"K02939.01","FALSE POSITIVE",11.258825027,8.9592,196280,6395.70,6217.00,1.4640
9823564,"K02940.01","FALSE POSITIVE",129.68366098,7.86,,,,
9532424,"K02941.01","FALSE POSITIVE",4.30908594,1.52,160.8,17.00,5754.00,1.0970
4385148,"K02942.01","CANDIDATE",13.84301228,4.077,567.8,17.50,5745.00,0.8370
4385148,"K02942.02","CONFIRMED",24.2758992,4.59,702.2,17.00,5745.00,0.8370
9838468,"K02943.01","CONFIRMED",54.4099612,9.314,193,20.80,5746.00,1.1330
6781548,"K02944.01","FALSE POSITIVE",9.12209336,4.347,906.8,22.20,5899.00,0.9600
8617363,"K02945.01","CONFIRMED",19.94752741,1.756,861.3,16.00,5749.00,0.8640
9642292,"K02946.01","CONFIRMED",15.1408916,4.359,476.8,20.10,5926.00,0.8870
9950316,"K02947.01","FALSE POSITIVE",57.104588,11.5,144.3,9.30,5637.00,0.8210
6356692,"K02948.01","CONFIRMED",11.39169531,5,51,19.00,5557.00,1.2490
6026737,"K02949.01","CANDIDATE",10.1747037,5.179,52.4,11.80,5866.00,1.3390
6026737,"K02949.02","CANDIDATE",3.75030469,3.246,35.5,10.30,5866.00,1.3390
6028860,"K02950.01","FALSE POSITIVE",0.422015793,1.23416,1291.9,304.40,5614.00,0.7770
4991208,"K02951.01","CONFIRMED",2.44358543,1.852,59.1,11.90,5561.00,0.8730
8243283,"K02952.01","FALSE POSITIVE",1.7592691,2.381,140.4,13.50,5784.00,0.9840
6778019,"K02953.01","FALSE POSITIVE",0.945825494,1.8496,104.7,22.10,6116.00,1.0840
4571536,"K02954.01","FALSE POSITIVE",0.676715927,0.63,264.5,14.50,5334.00,0.7330
5108946,"K02955.01","FALSE POSITIVE",0.591280187,1.1656,135,21.60,6246.00,1.0920
8801316,"K02956.01","CONFIRMED",3.93766786,4.655,24.3,16.80,6277.00,2.7410
10904004,"K02957.01","CANDIDATE",4.64490141,2.456,106.4,11.70,4786.00,0.7700
10597693,"K02958.01","CANDIDATE",31.6084371,3.675,331.6,16.20,6341.00,1.0330
7466270,"K02959.01","CANDIDATE",16.1558656,3.798,731.3,17.50,4504.00,0.5300
10876237,"K02960.01","FALSE POSITIVE",1.465943491,1.513,52.3,15.80,6230.00,2.1900
10471515,"K02961.01","CONFIRMED",3.7847507,2.924,33.5,12.20,6017.00,1.2060
4935172,"K02962.01","CANDIDATE",2.17291055,2.139,76.4,13.60,6164.00,1.0450
8760040,"K02963.01","CONFIRMED",18.2206024,5.109,201.8,19.70,5951.00,1.2620
8760040,"K02963.02","CANDIDATE",7.35101287,2.757,115.9,12.80,5951.00,1.2620
10098844,"K02964.01","CONFIRMED",47.4497134,10.675,206.4,16.90,6007.00,1.1260
10098844,"K02964.02","FALSE POSITIVE",35.080928,6.92,100.7,7.60,6007.00,1.1260
8429415,"K02965.01","FALSE POSITIVE",1.352564873,3.469,56.7,34.90,6463.00,1.8230
5014903,"K02966.01","FALSE POSITIVE",7.72768833,2.06,404.8,14.60,5765.00,0.9400
5980783,"K02967.01","CONFIRMED",37.3033197,7.793,551.7,19.50,5646.00,0.8170
8873090,"K02968.01","CANDIDATE",10.16435076,6.017,37.7,18.40,6133.00,2.7100
8560804,"K02969.01","FALSE POSITIVE",31.9729501,9.41,156.3,38.30,6007.00,1.7590
5450893,"K02970.01","CONFIRMED",4.82051088,3.588,40.9,14.80,6046.00,1.3960
4770174,"K02971.01","CANDIDATE",6.09595681,5.502,65.7,18.10,6313.00,1.4670
4770174,"K02971.02","CANDIDATE",31.9533679,8.424,106.1,15.20,6313.00,1.4670
8949925,"K02972.01","CANDIDATE",13.2511214,4.996,266.5,15.20,5850.00,1.2170
8949925,"K02972.02","CANDIDATE",42.0292298,8.499,373.7,14.50,5850.00,1.2170
5091016,"K02973.01","FALSE POSITIVE",5.76556718,3.138,213.3,17.60,6218.00,1.0720
3336283,"K02974.01","FALSE POSITIVE",0.576441813,2.027,60.8,21.20,6459.00,1.0380
6948480,"K02975.01","FALSE POSITIVE",175.329014,6.269,1059.1,16.70,6008.00,0.9300
6438099,"K02976.01","CANDIDATE",21.61313362,1.52,818.1,13.80,5267.00,0.6320
11090556,"K02977.01","CONFIRMED",2.7881793,3.397,55.8,17.70,5758.00,1.3850
11090556,"K02977.02","CONFIRMED",4.13827684,3.449,63.8,16.80,5758.00,1.3850
10686814,"K02978.01","FALSE POSITIVE",2.61846258,3.505,275.3,18.70,4266.00,0.6430
2720514,"K02979.01","FALSE POSITIVE",1.371288853,1.4528,66.2,16.90,6220.00,1.1080
9468551,"K02980.01","CONFIRMED",1.638652525,1.952,166.9,16.40,6119.00,0.9810
9076971,"K02981.01","CONFIRMED",9.06687613,3.381,367.2,14.60,5142.00,0.7890
8360640,"K02982.01","CONFIRMED",4.0223109,0.853,227.8,11.00,5516.00,0.8270
5695904,"K02983.01","FALSE POSITIVE",0.423854275,1.0198,235.3,33.30,3553.00,0.3680
7918652,"K02984.01","CANDIDATE",11.45541896,4.95,68.6,15.80,6231.00,1.3560
8847111,"K02985.01","FALSE POSITIVE",0.575884418,2.0734,272.2,43.20,6290.00,1.0440
4568298,"K02986.01","FALSE POSITIVE",0.562555067,1.7402,198.3,21.70,5793.00,0.8320
4374339,"K02987.01","FALSE POSITIVE",0.993703494,0.7645,67.4,14.50,6854.00,2.7150
1725415,"K02988.01","FALSE POSITIVE",2.43731228,1.89,,,,
6636320,"K02989.01","CONFIRMED",6.33125228,2.688,306.6,16.20,5383.00,0.7590
5520547,"K02990.01","CONFIRMED",11.20058855,4.562,219.9,19.20,6038.00,0.8980
4848424,"K02991.01","FALSE POSITIVE",1.50179931,3.275,100.1,19.10,5024.00,0.7360
8509442,"K02992.01","CANDIDATE",82.6595174,3.48,1270.7,17.10,3952.00,0.5530
11304987,"K02993.01","FALSE POSITIVE",0.692693892,1.2804,1433.7,146.70,5907.00,0.9640
11244137,"K02994.01","CONFIRMED",2.03387483,3.097,73.6,15.70,5282.00,1.8990
3848275,"K02995.01","CONFIRMED",5.19492747,3.167,272.9,16.50,6415.00,1.2240
12021625,"K02996.01","CONFIRMED",15.9314412,2.435,556.7,14.80,5380.00,0.7210
9777256,"K02997.01","FALSE POSITIVE",1.33251589,4.216,140.5,22.20,5701.00,1.0680
4175630,"K02998.01","CONFIRMED",28.227413,5.782,1113.4,25.30,5858.00,0.8490
7433585,"K02999.01","FALSE POSITIVE",0.545544979,1.954,92.6,24.80,6050.00,0.9200
5702939,"K03000.01","FALSE POSITIVE",18.3980827,4.438,145,17.20,5605.00,1.0150
11709423,"K03001.01","FALSE POSITIVE",0.768934934,1.216,846.8,58.90,5390.00,0.7770
3852655,"K03002.01","CONFIRMED",11.62904159,2.97,88,13.70,5721.00,1.1310
11255231,"K03003.01","FALSE POSITIVE",13.6550963,4.117,196.3,14.60,6065.00,0.9620
6103377,"K03004.01","CONFIRMED",20.0708757,6.354,405.7,12.80,5902.00,1.5130
6103377,"K03004.02","CANDIDATE",7.03965141,3.141,268.7,9.80,5902.00,1.5130
3747262,"K03005.01","FALSE POSITIVE",1.312459403,1.459,36.9,13.90,6543.00,2.5070
8758136,"K03006.01","FALSE POSITIVE",0.998212785,2.489,118.8,18.80,6072.00,0.9880
10190075,"K03007.01","CANDIDATE",11.1916199,2.1,166.4,11.90,5646.00,0.9560
9070666,"K03008.01","CONFIRMED",2.99792926,4.398,45.4,16.00,5888.00,1.6450
12405333,"K03009.01","CONFIRMED",0.764863517,1.16,150.2,13.60,5231.00,0.8600
3642335,"K03010.01","CONFIRMED",60.8660974,4.397,714.3,15.40,3808.00,0.5220
3328052,"K03011.01","FALSE POSITIVE",2.11547854,3.665,222.9,21.60,6208.00,1.0240
7109851,"K03012.01","FALSE POSITIVE",1.086486129,0.8383,66,20.20,5911.00,2.0000
11565544,"K03013.01","CANDIDATE",3.76562031,1.288,232.6,14.60,5743.00,0.8530
7347246,"K03014.01","CONFIRMED",86.1160885,6.058,875.2,17.80,6161.00,1.0530
11403530,"K03015.01","CONFIRMED",3.61460332,3.227,43.9,15.40,5799.00,1.3750
10617638,"K03016.01","FALSE POSITIVE",0.710894157,1.0183,122.6,18.90,5862.00,1.0490
12072872,"K03017.01","CANDIDATE",2.46288834,1.724,47.4,11.90,5893.00,0.9670
7906671,"K03018.01","FALSE POSITIVE",45.1178526,3.737,389.2,17.30,5585.00,1.0380
8709688,"K03019.01","CONFIRMED",4.17939037,2.647,172.8,16.10,5633.00,1.1620
8709688,"K03019.02","CANDIDATE",2.012094,2.157,74.8,9.10,5633.00,1.1620
8241079,"K03020.01","CANDIDATE",10.9192653,4.572,91.1,15.00,5745.00,1.9720
3348285,"K03021.01","FALSE POSITIVE",0.803835923,1.397,52.6,12.40,6242.00,1.0470
11618601,"K03022.01","CONFIRMED",2.76263737,1.821,185,14.10,5772.00,0.9010
11618601,"K03022.02","CONFIRMED",5.05368985,2.514,171.5,11.50,5772.00,0.9010
7732285,"K03023.01","FALSE POSITIVE",4.39049637,3.0112,113.5,31.10,6429.00,1.9080
12833566,"K03024.01","FALSE POSITIVE",0.537839241,2.169,23.5,12.40,6456.00,3.0300
9716391,"K03025.01","CONFIRMED",13.1829329,3.594,518,13.80,5382.00,0.8270
6929841,"K03026.01","CONFIRMED",3.51575492,1.381,237.4,15.20,5094.00,0.9010
11137180,"K03027.01","CONFIRMED",6.07032548,1.341,311.6,11.90,5076.00,0.7630
9838804,"K03028.01","FALSE POSITIVE",1.33256952,2.915,163.5,16.50,5547.00,0.8200
9838804,"K03028.02","CANDIDATE",458.16754,6.97,683,5.60,5536.00,0.8160
5903749,"K03029.01","CANDIDATE",18.9763286,2.379,329.8,11.00,5300.00,0.9860
5903749,"K03029.02","CANDIDATE",6.34724702,3.097,159.8,11.10,5300.00,0.9860
5524881,"K03030.01","FALSE POSITIVE",7.19552624,4.095,214.6,15.60,6242.00,1.0930
6949898,"K03031.01","CANDIDATE",7.64809462,2.216,195.9,12.20,5641.00,0.8500
10585738,"K03032.01","CONFIRMED",0.636424848,0.947,217.9,18.10,5343.00,0.8850
7186665,"K03033.01","FALSE POSITIVE",8.55935323,4.303,148.8,20.40,6115.00,0.9190
2973386,"K03034.01","CANDIDATE",31.0209175,2.012,859.5,15.10,3720.00,0.4800
6388770,"K03035.01","FALSE POSITIVE",21.3419702,10.73,,,,
5217891,"K03036.01","FALSE POSITIVE",161.239891,24.472,1075.4,23.00,5514.00,0.8260
6593150,"K03037.01","CANDIDATE",5.4654174,3.209,219.5,14.20,5612.00,0.8290
8051946,"K03038.01","CONFIRMED",1.4951513,3.43,52,14.20,5635.00,1.4520
5445681,"K03039.01","CONFIRMED",20.3504704,7.225,101.8,16.60,5952.00,1.0020
6357290,"K03040.01","CANDIDATE",4.8099878,1.97,288.2,13.60,5988.00,0.9340
4072955,"K03041.01","CANDIDATE",5.08288076,2.515,108,12.50,6217.00,1.0830
8695311,"K03042.01","CANDIDATE",31.0259489,5.692,385.4,12.70,6075.00,0.9690
9834731,"K03043.01","CANDIDATE",3.08942807,3.214,85.3,13.20,6137.00,1.1030
9834731,"K03043.02","CANDIDATE",7.2929891,4.053,72.5,7.10,5959.00,0.8560
9153554,"K03044.01","FALSE POSITIVE",0.373684977,0.9621,456.8,53.80,5970.00,0.9080
5092266,"K03045.01","CONFIRMED",44.8702042,4.199,636.1,16.40,6122.00,0.9960
8161830,"K03046.01","FALSE POSITIVE",1.10118564,5.2,,,,
9301506,"K03047.01","FALSE POSITIVE",0.605223042,0.8986,232.3,20.70,5089.00,0.7570
9714550,"K03048.01","CONFIRMED",4.73292061,1.746,151.6,15.50,5595.00,0.7960
6263593,"K03049.01","CONFIRMED",22.4765952,3.437,481.4,13.30,4563.00,0.5670
5475042,"K03050.01","CANDIDATE",1.242639742,1.763,159.3,16.10,5520.00,0.8180
9959492,"K03051.01","CANDIDATE",11.682369,2.71,234.5,11.20,6089.00,0.8890
9959492,"K03051.02","FALSE POSITIVE",1.33258772,5.187,70.8,16.00,5576.00,1.2890
8827575,"K03052.01","CANDIDATE",10.12956201,3.044,81.3,12.20,5383.00,0.8420
8827575,"K03052.02","CONFIRMED",15.6112238,3.873,113.5,15.70,5383.00,0.8420
2716801,"K03053.01","CONFIRMED",42.5217006,5.723,685.6,14.70,5911.00,0.9140
2716801,"K03053.02","CANDIDATE",9.4767057,3.893,230.5,8.60,5911.00,0.9140
6461850,"K03054.01","FALSE POSITIVE",0.544962596,1.085,247.9,18.30,5257.00,0.6390
7281454,"K03055.01","FALSE POSITIVE",0.566805887,5.2317,1.7,0.80,5000.00,0.5490
7216284,"K03056.01","CONFIRMED",6.69958851,2.831,253.7,13.60,5296.00,0.7990
3234843,"K03057.01","CONFIRMED",29.72722,3.45,1010.2,19.40,5815.00,0.8770
3234843,"K03057.02","CONFIRMED",10.61368712,3.498,559.8,18.90,5815.00,0.8770
8192911,"K03058.01","FALSE POSITIVE",7.53887442,3.147,342.1,13.60,5318.00,0.6670
10554967,"K03059.01","FALSE POSITIVE",0.53633519,1.0547,444.1,29.90,5508.00,0.8400
11019987,"K03060.01","CONFIRMED",6.9131732,4.73,39.1,12.50,6296.00,1.4440
4857058,"K03061.01","CONFIRMED",7.32851947,1.211,277.8,14.00,5135.00,0.8740
4857058,"K03061.02","CANDIDATE",77.915425,8.274,178.8,9.20,5135.00,0.8740
7613246,"K03062.01","FALSE POSITIVE",0.769127296,0.998,114.6,17.00,6024.00,0.8310
10924562,"K03063.01","CONFIRMED",18.6052046,6.829,242.5,13.10,6572.00,1.2380
9899505,"K03064.01","FALSE POSITIVE",1.332562787,6.28,1111.9,125.20,6091.00,0.9670
5040077,"K03065.01","CANDIDATE",0.896382269,1.113,136.4,11.70,5837.00,0.8430
4067925,"K03066.01","CONFIRMED",24.2204192,3.271,806.3,14.00,5165.00,0.7610
4847782,"K03067.01","FALSE POSITIVE",30.9597053,5.42,410.7,13.70,4947.00,0.7140
3230805,"K03068.01","CANDIDATE",3.91679553,2.072,161.3,13.20,4889.00,0.6860
3230805,"K03068.02","CANDIDATE",6.65171459,2.325,151.5,10.00,4889.00,0.6860
4676964,"K03069.01","CANDIDATE",43.1024434,7.124,299.8,14.30,5741.00,1.0970
6072593,"K03070.01","FALSE POSITIVE",5.07538255,1.7,163.1,16.00,5933.00,1.1180
5865654,"K03071.01","CONFIRMED",23.9553986,3.204,228.7,13.90,5011.00,1.7810
3219643,"K03072.01","CANDIDATE",24.3367026,2.539,551.1,13.40,5141.00,0.8060
8546542,"K03073.01","CANDIDATE",7.40985182,1.131,201.1,13.50,5462.00,0.8360
8197560,"K03074.01","FALSE POSITIVE",1.02425556,2.6439,1631.7,40.60,5337.00,0.7640
3328080,"K03075.01","CONFIRMED",4.76559056,2.2,67.5,15.20,5702.00,1.1250
11551715,"K03076.01","FALSE POSITIVE",225.56791218,6.31,,,,
2715695,"K03077.01","CONFIRMED",4.09578199,1.704,405.5,11.90,4791.00,0.7420
2715695,"K03077.02","CANDIDATE",7.55842923,2.91,361.1,10.30,4791.00,0.7420
8430964,"K03078.01","CONFIRMED",2.98618134,2.969,122.9,12.00,6173.00,1.0410
6312171,"K03079.01","FALSE POSITIVE",92.57337995,8.45,,,,
10665043,"K03080.01","FALSE POSITIVE",185.0097245,17.96,,,,
3654719,"K03081.01","FALSE POSITIVE",25.9200092,5.609,331.4,10.90,5517.00,0.7040
10619142,"K03082.01","FALSE POSITIVE",2.04516705,3.625,154.8,16.50,9206.00,2.1570
7106173,"K03083.01","CANDIDATE",10.18318233,3.137,51.5,11.20,5843.00,1.0840
7106173,"K03083.02","CANDIDATE",6.2321233,2.85,31.7,8.50,5843.00,1.0840
7106173,"K03083.03","CANDIDATE",8.2942929,3.976,36.8,10.10,5843.00,1.0840
3324986,"K03084.01","FALSE POSITIVE",1.540411479,1.703,107.1,12.10,5769.00,0.8120
11912932,"K03085.01","FALSE POSITIVE",3.74785358,3.713,98.2,18.80,5706.00,0.8860
10749059,"K03086.01","CANDIDATE",174.731515,8.257,1179.9,16.50,5201.00,0.8970
9119568,"K03087.01","FALSE POSITIVE",5.54867998,4.665,68.9,15.40,5258.00,0.8350
9119568,"K03087.02","FALSE POSITIVE",1.22174063,7.443,32.2,19.40,5258.00,0.8350
9020114,"K03088.01","CONFIRMED",3.48412874,1.422,161.6,13.30,5696.00,0.9210
9020114,"K03088.02","CANDIDATE",67.8766605,2.598,389.2,9.10,6018.00,0.9750
7668416,"K03089.01","CANDIDATE",0.858546796,1.1,106.1,12.20,5269.00,0.8640
6609270,"K03090.01","CONFIRMED",3.82223397,1.924,362.7,15.90,3729.00,0.5140
6609270,"K03090.02","FALSE POSITIVE",15.0367776,3.042,503.5,10.80,3729.00,0.5140
12406807,"K03091.01","CONFIRMED",17.067644,6.026,262.4,13.50,6347.00,0.9960
12406807,"K03091.02","CANDIDATE",7.9069765,4.634,126.1,8.30,6347.00,0.9960
8046689,"K03092.01","FALSE POSITIVE",5.78542702,2.271,256.2,15.40,6555.00,1.1780
5096590,"K03093.01","CONFIRMED",29.6099055,7.433,120.1,14.30,5812.00,1.1220
12352520,"K03094.01","CONFIRMED",4.5770016,0.949,710,18.00,3805.00,0.4970
9650989,"K03095.01","CONFIRMED",3.42390809,1.773,153.1,13.10,5788.00,1.0150
7455981,"K03096.01","CONFIRMED",14.4540329,7.183,79.7,17.20,5559.00,0.7900
7582689,"K03097.01","CONFIRMED",11.9216035,5.009,43.2,15.10,6006.00,1.0820
7582689,"K03097.02","CONFIRMED",6.80257947,4.608,32.7,14.70,6006.00,1.0820
7582689,"K03097.03","CONFIRMED",8.70312154,4.807,32,13.00,6006.00,1.0820
9959589,"K03098.01","FALSE POSITIVE",1.332557603,6.043,225.3,28.10,6091.00,0.9670
5124254,"K03099.01","FALSE POSITIVE",14.0498182,2.907,472,14.50,4228.00,0.6520
7107561,"K03100.01","FALSE POSITIVE",0.812587678,1.1144,62.9,21.70,6143.00,1.8770
11508644,"K03101.01","CONFIRMED",14.2563272,4.796,206.1,14.30,6140.00,1.0270
9605552,"K03102.01","CANDIDATE",9.3210841,1.81,294.2,6.10,3773.00,0.3500
11237332,"K03103.01","FALSE POSITIVE",19.3073774,3.437,31.7,6.60,6131.00,2.1420
11518201,"K03104.01","CANDIDATE",1.236866732,1.242,187.2,14.20,5621.00,0.8790
12168993,"K03105.01","CANDIDATE",4.21223579,7.898,116.4,12.80,5116.00,0.7000
8895758,"K03106.01","CONFIRMED",0.968980781,1.517,118.5,12.80,5866.00,1.0000
10031500,"K03107.01","FALSE POSITIVE",8.589562,9.885,245.4,14.00,5766.00,0.9450
3756264,"K03108.01","CONFIRMED",7.36272124,1.3287,429.3,17.80,5868.00,0.8940
11572193,"K03109.01","CONFIRMED",10.6761592,4.594,151,14.10,6460.00,1.4340
11285870,"K03110.01","CONFIRMED",4.48494315,2.752,134.9,12.40,6217.00,1.0510
8581240,"K03111.01","CANDIDATE",10.76800074,3.494,65.1,14.20,5874.00,1.0960
8581240,"K03111.02","CANDIDATE",4.32848303,2.955,35.5,11.40,5874.00,1.0960
7022573,"K03112.01","CANDIDATE",2.118893997,0.822,311.4,11.30,5504.00,0.7960
7676423,"K03113.01","CONFIRMED",2.46050095,1.861,276.8,16.70,4811.00,0.6340
9288237,"K03114.01","CANDIDATE",7.49133777,6.315,34.5,14.40,6177.00,1.7100
11714231,"K03115.01","CONFIRMED",5.8660127,3.985,183,16.80,6020.00,1.0400
11720424,"K03116.01","CONFIRMED",23.9107056,4.996,294,12.90,6338.00,1.0910
6523351,"K03117.01","CANDIDATE",6.06664931,1.962,65.3,10.90,5569.00,0.8920
10861608,"K03118.01","FALSE POSITIVE",174.95980475,5.23,,,,
5551672,"K03119.01","CANDIDATE",2.184437698,1.0422,1546.8,19.70,3421.00,0.2500
11499192,"K03120.01","CONFIRMED",4.13592927,2.377,156.2,15.20,5886.00,1.1520
10934313,"K03121.01","FALSE POSITIVE",1.926888595,1.235,130,11.70,6268.00,1.1000
12416661,"K03122.01","CONFIRMED",8.05337912,5.382,38.3,14.90,6231.00,2.0620
8197793,"K03123.01","CANDIDATE",15.2311195,3.91,269.1,13.10,5836.00,1.1860
4076976,"K03124.01","FALSE POSITIVE",4.8807805,9.4,79,15.90,4763.00,0.5160
8751796,"K03125.01","CONFIRMED",4.45342418,3.654,46.6,16.30,6256.00,1.2690
7097534,"K03126.01","FALSE POSITIVE",2.21396685,4.374,81.6,19.10,5986.00,0.9300
9907129,"K03127.01","CONFIRMED",9.705693,7.702,140.8,14.20,5808.00,1.3850
7609674,"K03128.01","CANDIDATE",21.2360024,4.019,104.4,15.70,6035.00,2.5590
6964159,"K03129.01","FALSE POSITIVE",25.503628,3.913,204.4,13.30,5815.00,0.8770
10252275,"K03130.01","CONFIRMED",14.8638496,2.705,220.6,12.30,5159.00,0.8000
10252275,"K03130.02","CONFIRMED",5.65245733,2.062,121,11.70,5159.00,0.8000
11455181,"K03131.01","CONFIRMED",10.9294815,5.893,196.9,14.30,5792.00,0.8640
9541295,"K03132.01","CANDIDATE",0.536650319,2.383,41.9,31.00,6020.00,2.0000
7516809,"K03133.01","FALSE POSITIVE",0.241842544,0.7257,203.3,29.30,5834.00,0.7970
6115516,"K03134.01","FALSE POSITIVE",0.865759153,0.8408,191.6,18.70,6249.00,1.0760
9899352,"K03135.01","FALSE POSITIVE",1.332562831,6.24,297.9,37.30,5718.00,0.8630
6945786,"K03136.01","CONFIRMED",2.39161966,1.906,189.2,13.60,4935.00,0.6850
9758032,"K03137.01","CANDIDATE",1.332035996,1.391,136.8,12.60,5376.00,0.7300
6444896,"K03138.01","CONFIRMED",8.68910764,1.1627,1679,9.60,2703.00,0.1180
6444896,"K03138.02","CONFIRMED",19.5352551,1.013,1732,5.90,2703.00,0.1180
5640511,"K03139.01","FALSE POSITIVE",0.63624396,4,,,,
5978170,"K03140.01","CONFIRMED",5.68879083,2.55,241.5,13.80,4234.00,0.6390
5440317,"K03141.01","CONFIRMED",2.31941571,1.591,96.4,11.70,5624.00,1.2480
3752110,"K03142.01","CANDIDATE",27.9430245,6.125,308.6,12.30,6468.00,1.2500
7336093,"K03143.01","FALSE POSITIVE",4.4040248,2.41,,,,
5688790,"K03144.01","CONFIRMED",8.07394097,2.455,1056,16.00,3675.00,0.3980
1717722,"K03145.01","CONFIRMED",4.53702121,1.813,504.4,15.70,4805.00,0.6880
1717722,"K03145.02","CANDIDATE",0.977311489,1.403,250.7,14.80,4805.00,0.6880
10908248,"K03146.01","CONFIRMED",39.859505,7.987,155.5,13.90,5675.00,1.2920
7534267,"K03147.01","CONFIRMED",39.4420781,7.029,172.4,15.20,5430.00,1.9020
10611420,"K03148.01","FALSE POSITIVE",11.50528603,2.098,260.2,11.40,6355.00,1.1080
10196493,"K03149.01","FALSE POSITIVE",9.81101738,2.09,,,,
6504534,"K03152.01","FALSE POSITIVE",28.162612575,3.19576,37749.6,912.70,4936.00,0.7610
6307062,"K03153.01","FALSE POSITIVE",75.378956896,7.70352,539175,1886.60,5420.00,0.7710
5217733,"K03155.01","FALSE POSITIVE",161.2529031,24.3711,94008,576.60,9341.00,1.8700
4150611,"K03156.01","FALSE POSITIVE",0.761119678,1.43,1112,9.70,6911.00,1.5010
4150611,"K03156.02","FALSE POSITIVE",1.434200327,5.968,3097.3,39.10,6911.00,1.5010
4150611,"K03156.03","FALSE POSITIVE",8.653098686,3.9071,60715,262.60,6911.00,1.5010
4150611,"K03156.04","FALSE POSITIVE",94.212787,14.48,55654,112.30,6911.00,1.5010
8738244,"K03157.01","FALSE POSITIVE",0.683082998,4.409,143.3,26.10,8247.00,7.7620
6278762,"K03158.01","CONFIRMED",3.60011712,2.396,50.2,21.60,5051.00,0.7210
6278762,"K03158.02","CONFIRMED",4.54586982,1.756,76.5,24.40,5051.00,0.7210
6278762,"K03158.03","CONFIRMED",6.18943952,2.3316,83.2,26.80,5051.00,0.7210
6278762,"K03158.04","CONFIRMED",7.74347801,2.7878,77.8,24.40,5051.00,0.7210
6278762,"K03158.05","CONFIRMED",9.74048508,1.6993,121.4,25.80,5051.00,0.7210
5200084,"K03159.01","FALSE POSITIVE",2.9039446,10.542,13.1,32.00,7846.00,3.0500
2696703,"K03161.01","FALSE POSITIVE",6.09406648,2.085,3027,19.00,6785.00,1.6660
9752973,"K03162.01","FALSE POSITIVE",0.716709761,0.6969,68.4,21.20,6109.00,1.1730
7116117,"K03163.01","FALSE POSITIVE",0.566801886,5.733,5.9,16.30,7589.00,2.1690
3127911,"K03164.01","FALSE POSITIVE",0.542498653,4.257,54.9,19.80,8711.00,2.9540
9579208,"K03165.01","CANDIDATE",4.11754421,4.362,34.3,22.10,6263.00,1.7260
12255382,"K03167.01","FALSE POSITIVE",0.499664962,1.6123,34.3,31.60,5570.00,0.8550
4450844,"K03168.01","CANDIDATE",56.3479517,8.789,43.6,15.10,5843.00,1.4710
7868092,"K03169.01","FALSE POSITIVE",180.71809,10.85,31.2,8.60,7608.00,1.9910
3337061,"K03172.01","FALSE POSITIVE",6.5583706,3.286,136,18.10,6144.00,1.6060
3337061,"K03172.02","FALSE POSITIVE",6.5588346,3.034,41.2,8.10,5780.00,1.0000
9826171,"K03173.01","FALSE POSITIVE",434.39148,13.02,120.3,10.40,5971.00,0.8680
7115661,"K03174.01","FALSE POSITIVE",0.566800926,4.407,264.5,63.20,5780.00,1.0000
4909707,"K03175.01","FALSE POSITIVE",2.302365255,23.88,62160,468.40,5948.00,1.2290
10991239,"K03178.01","FALSE POSITIVE",0.523629052,3.443,122,61.40,4136.00,44.4480
6153407,"K03179.01","CONFIRMED",5.99078221,1.699,69.9,8.60,5721.00,0.9720
3936658,"K03180.01","FALSE POSITIVE",71.1577054,4.85,,,,
4577484,"K03181.01","FALSE POSITIVE",73.26417,5.54,38.4,3.00,5424.00,2.1100
5090937,"K03182.01","FALSE POSITIVE",8.79991878,41.564,869.1,236.10,8092.00,3.2670
4735826,"K03184.01","CONFIRMED",7.545922037,4.0329,22.2,13.40,5788.00,1.3760
4735826,"K03184.02","CONFIRMED",11.3220104,5.86,17.1,8.10,6003.00,2.1930
4735826,"K03184.03","CANDIDATE",4.02018903,3.616,18.5,14.40,5788.00,1.3760
3240406,"K03185.01","FALSE POSITIVE",0.934181579,3.943,12.1,19.80,7624.00,2.1520
5005618,"K03186.01","FALSE POSITIVE",681.9363102,7.94066,186528,5388.30,6095.00,1.0350
4663658,"K03187.01","FALSE POSITIVE",0.705891195,5.281,15,32.90,10346.00,2.4490
7457278,"K03188.01","FALSE POSITIVE",12.607591424,29.1267,79.5,41.60,6047.00,1.0020
5985713,"K03190.01","CANDIDATE",8.95294046,2.995,44,13.00,6047.00,1.2070
10467815,"K03191.01","FALSE POSITIVE",377.88909,9.259,92.8,11.60,9030.00,3.2180
10467815,"K03191.02","FALSE POSITIVE",371.17573,8.2,133.7,12.10,9030.00,3.2180
10847721,"K03192.01","FALSE POSITIVE",199.21638,9.23,62.5,10.60,8914.00,2.8670
7430876,"K03193.01","FALSE POSITIVE",32.6122381,2.886,1321.4,19.60,5780.00,1.0000
12004971,"K03194.01","FALSE POSITIVE",10.81315417,1.275,80.3,16.60,6380.00,1.4600
10118942,"K03195.01","FALSE POSITIVE",121.70747,1.37,98.2,6.90,6362.00,2.2700
9002538,"K03196.01","CANDIDATE",4.96061094,2.864,20.4,12.50,6117.00,1.2980
9002538,"K03196.02","CANDIDATE",6.88297756,2.065,30.4,13.20,6117.00,1.2980
8443527,"K03197.01","CANDIDATE",22.599501,4.38,76.9,2.90,6335.00,1.0870
9471539,"K03198.01","FALSE POSITIVE",273.528359,22.346,408.5,32.10,7682.00,2.7830
5482603,"K03199.01","FALSE POSITIVE",3.88258905,2.741,57.8,13.20,5780.00,1.0000
11153259,"K03200.01","FALSE POSITIVE",1.94468659,18.22,455.5,17.10,7894.00,3.5210
2305819,"K03201.01","FALSE POSITIVE",135.57186,9.94,41.2,5.70,6070.00,1.2770
4262040,"K03202.01","CANDIDATE",92.461135,14.344,122.4,20.70,5132.00,2.6480
3122872,"K03203.01","CANDIDATE",96.81647,10.227,164.7,25.90,6404.00,2.4670
11456279,"K03204.01","FALSE POSITIVE",0.572937573,2.576,80.8,32.00,7338.00,1.5930
9959494,"K03205.01","FALSE POSITIVE",1.332568744,3.755,24.1,29.10,6620.00,1.0810
5612697,"K03206.01","CANDIDATE",15.1516409,5.105,191.5,11.40,5780.00,1.0000
9518710,"K03207.01","CANDIDATE",0.954388314,6.26,57.2,56.30,7056.00,2.7850
10155029,"K03208.01","CANDIDATE",2.131660527,1.8585,32.2,15.70,5849.00,0.9970
7017274,"K03209.01","CANDIDATE",11.91256675,6.126,123.1,27.80,6337.00,2.3350
7017274,"K03209.02","CANDIDATE",6.77067637,5.982,65.8,19.60,6337.00,2.3350
10284575,"K03210.01","FALSE POSITIVE",173.06929,12.84,576.7,19.90,7296.00,1.8180
7293937,"K03211.01","FALSE POSITIVE",1.366964704,2.3181,59.7,3.30,5780.00,1.0000
4927734,"K03212.01","FALSE POSITIVE",3.0001191,6.61,7.7,7.30,8431.00,2.4850
5398002,"K03213.01","FALSE POSITIVE",14.15849823,46.356,347.3,225.10,8753.00,3.7460
7983117,"K03214.01","CONFIRMED",11.49500229,7.602,51.4,22.90,6033.00,1.7880
7983117,"K03214.02","CANDIDATE",25.0901574,8.273,37.7,12.10,6033.00,1.7880
3342952,"K03215.01","FALSE POSITIVE",1.039046871,1.689,24.4,9.30,5689.00,0.9760
10338279,"K03216.01","FALSE POSITIVE",5.660274452,0.9077,414.1,26.40,5615.00,0.8420
2573108,"K03217.01","FALSE POSITIVE",5.09506,5.73,23.6,7.60,6700.00,4.1460
10191036,"K03218.01","FALSE POSITIVE",1.21374652,3.371,28.9,17.40,6238.00,1.0490
7985733,"K03219.01","FALSE POSITIVE",0.544561598,1.6053,35.2,31.10,3715.00,80.5290
11189311,"K03220.01","CONFIRMED",81.4160138,14.175,762.3,54.30,6352.00,1.4010
6956136,"K03221.01","FALSE POSITIVE",53.912783631,44.0504,216.7,56.40,6085.00,2.0200
10338624,"K03222.01","FALSE POSITIVE",0.607538435,5.549,34.9,30.40,7076.00,1.6910
5556726,"K03223.01","FALSE POSITIVE",0.962825082,2.8464,118.1,40.70,4898.00,4.9280
10384298,"K03224.01","CANDIDATE",3.43861067,1.264,46.8,9.50,5383.00,1.4010
3109550,"K03225.01","CANDIDATE",4.8754765,1.902,39.6,8.80,5513.00,1.2860
5544450,"K03226.01","FALSE POSITIVE",4.29388808,3.618,110.6,17.90,6615.00,1.5740
5544450,"K03226.02","CANDIDATE",6.93650854,3.674,88.7,11.30,6615.00,1.5740
8975368,"K03227.01","FALSE POSITIVE",2.42649862,2.014,29.2,15.20,6033.00,1.3160
5307990,"K03228.01","FALSE POSITIVE",0.98762513,1.127,28.6,14.80,9456.00,2.0220
9291039,"K03230.01","FALSE POSITIVE",8.80854183,34.7564,174.7,137.30,6017.00,1.2100
9291039,"K03230.02","FALSE POSITIVE",3.796383639,8.6711,31.1,24.50,6017.00,1.2100
10489539,"K03231.01","FALSE POSITIVE",19.7639874,12.319,51.3,13.50,6195.00,1.6170
9569711,"K03232.01","CONFIRMED",6.05919881,1.365,154.2,11.70,5734.00,0.9620
2142501,"K03233.01","FALSE POSITIVE",113.0707574,9.03,,,,
10057494,"K03234.01","CONFIRMED",2.41810158,2.144,46.8,13.40,6258.00,1.2390
2713018,"K03235.01","FALSE POSITIVE",66.713573,4.487,63.9,6.70,6745.00,1.1820
7902003,"K03236.01","CANDIDATE",7.13044117,2.566,31.9,10.50,6312.00,2.0740
6587796,"K03237.01","CONFIRMED",33.4203001,5.307,436.6,8.90,5731.00,1.0660
9489953,"K03238.01","FALSE POSITIVE",58.3437362,22.482,1266.8,75.00,5896.00,3.0060
5305240,"K03239.01","FALSE POSITIVE",1.070982122,1.255,43.4,9.00,5717.00,1.4330
6206559,"K03240.01","FALSE POSITIVE",1.245331397,2.566,38.1,26.50,6106.00,2.4770
9532117,"K03241.01","FALSE POSITIVE",8.21429932,3.099,70.7,19.70,6277.00,1.8690
6928906,"K03242.01","FALSE POSITIVE",1.54945486,6.698,21.8,20.90,7382.00,2.8040
9821151,"K03243.01","FALSE POSITIVE",8.42943991,2.441,89.1,19.70,6353.00,1.1320
6850665,"K03244.01","FALSE POSITIVE",214.715417,34.146,5211.2,161.30,5022.00,5.8260
8073705,"K03245.01","CONFIRMED",10.60052083,4.509,60.9,17.40,6035.00,1.3030
9885417,"K03246.01","CONFIRMED",0.689967868,1.1688,122.9,28.70,4872.00,0.7260
3336476,"K03247.01","FALSE POSITIVE",1.89132292,5.607,16,14.80,8482.00,2.1060
10917433,"K03248.01","CANDIDATE",6.91261536,2.359,34.4,12.00,5761.00,1.0440
9083564,"K03249.01","FALSE POSITIVE",0.918420801,3.533,56.7,40.30,6210.00,1.4340
7335713,"K03250.01","FALSE POSITIVE",0.573709256,1.4932,131.2,37.50,5261.00,5.7690
8413968,"K03251.01","FALSE POSITIVE",135.223193,8.989,56.3,8.90,6181.00,1.2270
5653072,"K03252.01","FALSE POSITIVE",3.22452656,5.156,57.5,24.30,3857.00,34.6740
2707985,"K03253.01","FALSE POSITIVE",1.89127438,4.491,32.3,24.60,7919.00,3.4600
9899141,"K03254.01","FALSE POSITIVE",1.33256944,3.89,20.6,18.80,5655.00,0.9980
8183288,"K03255.01","CONFIRMED",66.6504521,5.744,536.9,27.10,4550.00,0.6790
11305996,"K03256.01","FALSE POSITIVE",55.7002642,4.285,332.7,10.80,4267.00,0.6700
10420301,"K03257.01","FALSE POSITIVE",45.4333769,6.351,905.8,18.10,4371.00,0.5590
4366323,"K03258.01","CANDIDATE",40.3511707,3.97,533.5,11.30,5665.00,0.8200
2853029,"K03259.01","CANDIDATE",72.9332762,3.829,770.4,11.30,5316.00,0.9020
12156174,"K03260.01","CONFIRMED",56.6746666,5.516,883.1,22.70,5541.00,1.2950
12055539,"K03261.01","CONFIRMED",12.27057043,3.002,295.5,18.70,6075.00,0.9690
12056139,"K03262.01","CONFIRMED",13.2274753,6.356,229.8,16.40,6269.00,1.1550
11853130,"K03263.01","CANDIDATE",76.87935893,2.3819,21272,131.00,3638.00,0.4360
9345933,"K03264.01","CANDIDATE",13.0151826,3.613,331.6,11.90,4794.00,0.6430
10030778,"K03265.01","FALSE POSITIVE",29.47316279,6.4327,12568.5,179.30,5838.00,0.8970
8826007,"K03266.01","CONFIRMED",54.5091549,5.125,622.2,17.00,4406.00,0.6030
8620402,"K03267.01","CONFIRMED",14.1959621,3.605,196.2,14.10,6214.00,1.0760
8379021,"K03268.01","FALSE POSITIVE",11.52482874,1.724,577.6,16.20,5592.00,0.8920
8104030,"K03269.01","FALSE POSITIVE",46.84008579,3.8198,6287.9,147.90,6006.00,1.0550
6612327,"K03270.01","FALSE POSITIVE",21.993112,8.616,1015.7,37.30,5205.00,0.7470
7285757,"K03271.01","CONFIRMED",19.5489666,1.78,523.8,12.60,5549.00,0.7320
7285757,"K03271.02","CANDIDATE",7.41834569,2.462,234,11.20,5549.00,0.7320
4948730,"K03272.01","FALSE POSITIVE",23.0295222,7.96,548.2,27.70,5877.00,0.9590
5211922,"K03273.01","FALSE POSITIVE",27.6853358,4.661,1660.7,49.30,5216.00,0.6390
5280587,"K03274.01","CONFIRMED",35.6225528,4.845,651.1,9.60,5799.00,0.8780
5303346,"K03275.01","FALSE POSITIVE",37.32483952,6.9676,4989.2,155.60,5306.00,0.7900
3858879,"K03276.01","FALSE POSITIVE",25.951984,20.585,2340.2,131.40,5889.00,1.0460
3120904,"K03277.01","CONFIRMED",42.9136635,5.227,160.6,18.20,6049.00,2.4830
3342467,"K03278.01","FALSE POSITIVE",88.1804682,5.033,1138.6,17.50,5497.00,0.8390
3544640,"K03279.01","CONFIRMED",30.8278245,4.214,641.3,13.90,5982.00,0.9600
10653179,"K03280.01","CONFIRMED",47.1607932,4.003,723.2,13.60,5936.00,0.9650
11177676,"K03281.01","CONFIRMED",47.0320478,5.892,367.8,13.70,5370.00,1.0550
12066569,"K03282.01","CONFIRMED",49.2768448,3.787,1132.9,17.80,3899.00,0.5290
9008103,"K03283.01","FALSE POSITIVE",195.7093855,10.78,,,,
9008103,"K03283.02","CANDIDATE",20.5718107,3.399,379,13.00,4922.00,0.7080
9008103,"K03283.03","CANDIDATE",87.707513,2.184,578,7.10,4944.00,0.7210
6497146,"K03284.01","CONFIRMED",35.2330694,3.674,352.8,14.50,3749.00,0.5240
8625813,"K03285.01","FALSE POSITIVE",45.3965379,3.826,1001.6,15.30,4266.00,0.6430
8016691,"K03286.01","CONFIRMED",18.1373788,3.844,310.8,11.30,4257.00,0.6020
6584273,"K03287.01","CONFIRMED",51.1104797,7.712,330,21.90,5968.00,0.8810
5768816,"K03288.01","CONFIRMED",47.9869119,5.342,859.3,25.70,5641.00,0.9810
5360974,"K03289.01","FALSE POSITIVE",29.8042694,3.107,1046.5,17.90,5223.00,0.8270
4936990,"K03290.01","FALSE POSITIVE",10.31453308,3.6641,2004.1,71.60,6335.00,0.8370
6233483,"K03291.01","FALSE POSITIVE",15.8733803,7.4672,4094.1,136.50,6161.00,1.0540
5392871,"K03292.01","FALSE POSITIVE",42.3991752,7.251,484,36.90,6133.00,1.1210
3858851,"K03293.01","FALSE POSITIVE",25.95198823,14.602,5103.3,125.00,6363.00,1.0350
3858917,"K03294.01","FALSE POSITIVE",25.9522401,20.813,2896.9,90.50,5659.00,0.9040
4466356,"K03295.01","FALSE POSITIVE",14.12809896,2.326,263.1,20.30,6072.00,0.9880
9447166,"K03296.01","CONFIRMED",62.869463,6.842,341.7,16.20,4762.00,0.7810
9643043,"K03297.01","FALSE POSITIVE",84.8062818,9.0006,9936,121.60,5735.00,0.8530
8151055,"K03298.01","CONFIRMED",29.9632816,2.6,893.2,17.70,4463.00,0.6380
7177555,"K03299.01","FALSE POSITIVE",17.99643716,4.164,36923,123.50,4438.00,0.6660
7889486,"K03300.01","FALSE POSITIVE",24.2382519,2.703,465.5,11.30,5763.00,0.9040
7889486,"K03300.02","FALSE POSITIVE",24.2416103,5.137,323.4,10.80,5763.00,0.9040
8301878,"K03301.01","CANDIDATE",20.7106368,2.693,142.5,11.00,5631.00,0.9010
8233802,"K03302.01","FALSE POSITIVE",69.3788597,3.807,530.4,16.80,5806.00,0.8740
7510820,"K03303.01","CONFIRMED",29.3493852,4.313,659.2,20.30,4987.00,0.7220
9307105,"K03304.01","FALSE POSITIVE",13.5437884,5.7076,6608.7,114.40,5463.00,0.7940
6880517,"K03305.01","CONFIRMED",65.6491001,7.298,983.9,20.50,5436.00,0.8190
6615511,"K03306.01","CONFIRMED",25.1593389,5.198,358.1,13.10,5973.00,0.9350
6131130,"K03307.01","CANDIDATE",10.5071781,2.68,271.8,11.10,5290.00,0.8650
3632089,"K03308.01","CONFIRMED",31.7787564,8.093,262,25.90,5638.00,0.9280
3632089,"K03308.02","CONFIRMED",5.32784157,4.696,87.2,15.90,5638.00,0.9280
5563300,"K03309.01","CANDIDATE",71.05457555,1.9162,4853.2,95.90,5290.00,0.8650
12253769,"K03310.01","CANDIDATE",20.5512722,4.639,191.2,20.00,5401.00,0.9180
12735830,"K03311.01","CONFIRMED",31.827649,1.639,520,16.40,4774.00,1.9540
11905409,"K03312.01","CANDIDATE",18.0939004,3.294,467.3,11.60,5904.00,0.8670
9571186,"K03313.01","CANDIDATE",34.9524256,1.717,677,15.80,4921.00,0.7790
9838060,"K03314.01","FALSE POSITIVE",23.81578356,3.7591,4856.7,71.00,5561.00,0.8180
8554701,"K03315.01","CONFIRMED",31.1748311,3.79,200.2,17.00,6086.00,0.9210
9031209,"K03316.01","CONFIRMED",47.0568476,5.2232,1531.2,38.00,5288.00,0.7400
7130418,"K03317.01","FALSE POSITIVE",15.52861675,2.131,500,17.30,5750.00,0.8820
8331612,"K03318.01","CONFIRMED",13.8353959,4.961,818,10.30,6020.00,1.0570
8331612,"K03318.02","CANDIDATE",25.6970688,3.739,835,6.40,6020.00,1.0570
5965819,"K03319.01","CONFIRMED",19.5906103,6.745,297,24.90,5794.00,1.4960
5965819,"K03319.02","CONFIRMED",8.23983041,5.619,251,29.40,5794.00,1.4960
5965819,"K03319.03","CONFIRMED",3.54553077,4.143,119.2,18.10,5794.00,1.4960
6690171,"K03320.01","CANDIDATE",85.0624157,4.6964,41901,495.30,5223.00,0.8750
6859801,"K03321.01","FALSE POSITIVE",10.882416555,5.4674,16629.5,265.20,4946.00,0.7150
7767733,"K03322.01","FALSE POSITIVE",25.19830439,5.1942,73834.2,1669.40,5955.00,0.8830
5193659,"K03323.01","CANDIDATE",14.3196417,3.781,215.5,12.50,5562.00,1.3730
4271474,"K03324.01","CONFIRMED",21.8634638,3.542,871,9.90,5383.00,0.7890
5130983,"K03325.01","FALSE POSITIVE",86.4392931,6.534,1175.1,20.50,6208.00,1.0240
11093538,"K03326.01","FALSE POSITIVE",14.77820911,5.395,10774,123.10,6258.00,1.0460
11044779,"K03327.01","FALSE POSITIVE",15.60862948,6.6957,34356,186.00,5569.00,0.8290
4634135,"K03328.01","FALSE POSITIVE",63.9005941,8.2789,17097,110.80,5204.00,0.6340
6955671,"K03329.01","CANDIDATE",12.6878176,4.262,293,13.50,6258.00,1.0460
4736644,"K03330.01","CONFIRMED",16.2951259,3.678,197.9,13.00,4915.00,0.8120
5876805,"K03331.01","FALSE POSITIVE",18.173045009,10.9113,69911.3,1820.50,5799.00,0.8600
5818068,"K03332.01","FALSE POSITIVE",14.12678065,5.9303,7647.4,127.10,5656.00,0.7840
12208887,"K03333.01","FALSE POSITIVE",53.501860974,5.25334,456778,1363.90,5436.00,0.7480
11147814,"K03334.01","FALSE POSITIVE",95.178317934,3.60125,128575,2279.10,4523.00,0.6530
10922659,"K03335.01","CONFIRMED",31.2543238,5.662,438,14.70,6246.00,1.0920
8892720,"K03336.01","FALSE POSITIVE",61.4911479,9.745,58702.9,1421.70,5830.00,0.8760
7692093,"K03337.01","CANDIDATE",11.16622885,3.389,353.9,13.60,5552.00,0.8360
7692093,"K03337.02","FALSE POSITIVE",91.172033,6.676,368.5,7.30,5552.00,0.8360
8263752,"K03338.01","FALSE POSITIVE",10.99381963,3.7889,1685.8,102.90,6553.00,1.1570
8263752,"K03338.02","FALSE POSITIVE",10.9938087,5.0403,1456.9,100.40,6553.00,1.1570
7772914,"K03339.01","CANDIDATE",23.1334494,3.602,456.3,21.60,5712.00,0.9320
3529290,"K03340.01","CANDIDATE",8.9539656,4.898,70.4,12.20,6168.00,0.9470
3529290,"K03340.02","CANDIDATE",13.7281373,5.304,106.6,15.40,6168.00,0.9470
5621333,"K03341.01","CANDIDATE",27.0965146,8.42,208.4,16.40,5775.00,1.3520
5621333,"K03341.02","CANDIDATE",11.5474983,6.684,115.5,12.30,5775.00,1.3520
5392897,"K03342.01","FALSE POSITIVE",42.39930429,18.3609,205992,2261.90,6153.00,0.9620
3236705,"K03343.01","CANDIDATE",83.2664103,2.813,620,10.90,5538.00,1.1800
11810124,"K03344.01","CONFIRMED",11.6044881,3.409,267.6,14.50,5533.00,1.1660
11810124,"K03344.02","CONFIRMED",3.63898953,2.252,209.6,16.00,5533.00,1.1660
11810124,"K03344.03","CANDIDATE",208.54335,9.851,614.6,10.40,5533.00,1.1660
11303322,"K03345.01","CONFIRMED",38.1303324,6.53,180.4,11.60,6370.00,1.1060
11241912,"K03346.01","CONFIRMED",14.42735088,4.857,117,21.50,5929.00,1.0400
8824737,"K03347.01","CONFIRMED",12.90235874,2.446,354.4,15.70,5530.00,0.7880
9349757,"K03348.01","CONFIRMED",36.4337867,4.388,406.8,16.20,5566.00,1.0990
9349757,"K03348.02","CANDIDATE",17.7189786,4.102,176.8,9.70,5566.00,1.0990
8636333,"K03349.01","CONFIRMED",82.175197,8.664,546.4,20.80,6247.00,0.9540
7136958,"K03350.01","FALSE POSITIVE",29.015852933,7.19844,71432.1,1268.80,5783.00,0.9410
1995732,"K03351.01","FALSE POSITIVE",77.36241476,12.1317,96585.8,1246.30,5359.00,0.7900
8081239,"K03352.01","CONFIRMED",10.35857039,2.577,273.7,15.10,5893.00,1.0200
7091432,"K03353.01","CONFIRMED",11.55532445,3.499,250,16.10,5149.00,0.8030
9845909,"K03354.01","CANDIDATE",11.5706005,3.073,211.9,9.60,5718.00,0.9000
9221528,"K03355.01","CANDIDATE",16.2953228,4.882,229.1,12.90,6187.00,1.0130
6368230,"K03356.01","CONFIRMED",26.0841212,6.141,259.7,13.80,6083.00,0.8350
7115291,"K03357.01","FALSE POSITIVE",52.802767576,5.6184,52110.3,1238.80,5835.00,0.9010
4263529,"K03358.01","CANDIDATE",10.10404351,1.0022,1322.4,39.50,5530.00,0.8310
10711551,"K03359.01","FALSE POSITIVE",10.692230094,5.46939,376651,2402.00,6022.00,0.9410
7866921,"K03360.01","FALSE POSITIVE",91.4999978,19.5818,65496,1018.40,5263.00,0.7740
6619815,"K03361.01","CONFIRMED",65.9407869,7.776,580.4,19.80,5982.00,0.9600
3098197,"K03362.01","FALSE POSITIVE",30.47639859,17.9728,130569,236.20,5913.00,0.7870
11651712,"K03363.01","CONFIRMED",14.53260546,2.4212,328.9,29.00,6003.00,0.9320
11081512,"K03364.01","FALSE POSITIVE",15.7397651,3.297,287.7,11.20,4733.00,0.7230
11455428,"K03365.01","CONFIRMED",22.1270885,4.472,418.2,12.60,5312.00,1.4450
10484409,"K03366.01","FALSE POSITIVE",10.6784787,2.307,201,9.40,5459.00,0.7970
10935993,"K03367.01","CANDIDATE",25.3736543,2.619,372.9,10.60,6195.00,0.9660
5257082,"K03368.01","CANDIDATE",10.08535311,1.75,222.5,10.70,5947.00,0.9450
5796185,"K03369.01","FALSE POSITIVE",42.559265547,3.36626,207990,950.00,5764.00,0.8630
11657614,"K03370.01","CANDIDATE",24.352541,2.782,349.1,5.80,4891.00,0.8050
11657614,"K03370.02","CONFIRMED",5.94228603,2.169,250,7.50,4891.00,0.8050
11125797,"K03371.01","CANDIDATE",58.1263775,4.018,271.5,13.80,5413.00,0.8200
11125797,"K03371.02","CONFIRMED",12.25384348,2.373,147.7,12.30,5413.00,0.8200
9785921,"K03372.01","CONFIRMED",26.7575866,5.858,455.3,17.70,6215.00,1.0520
9785921,"K03372.02","FALSE POSITIVE",73.506021,5.734,485.6,11.30,6215.00,1.0520
3102000,"K03373.01","FALSE POSITIVE",57.0599992,7.463,66168,751.50,5931.00,0.8630
6705026,"K03374.01","CONFIRMED",9.5084871,4.372,97.9,13.30,6144.00,1.6680
6705026,"K03374.02","CANDIDATE",34.1086562,6.405,133.8,11.70,6144.00,1.6680
6779726,"K03375.01","CONFIRMED",47.0563327,4.807,762,12.10,5889.00,0.9240
3098843,"K03376.01","FALSE POSITIVE",29.9756697,2.987,258,12.00,5893.00,0.9860
3098843,"K03376.02","FALSE POSITIVE",179.85022331,2.95,,,,
5553959,"K03377.01","CANDIDATE",10.0100312,1.35,375.8,12.40,4338.00,0.5080
4376629,"K03378.01","FALSE POSITIVE",27.6775212,2.513,293.9,12.30,5797.00,0.8280
2995392,"K03379.01","CONFIRMED",30.4544418,6.896,472.1,17.30,6283.00,0.9840
3120308,"K03380.01","FALSE POSITIVE",10.26558924,3.879,254.6,18.80,5774.00,0.9800
3958301,"K03381.01","FALSE POSITIVE",35.2340413,11.874,465.5,14.70,6295.00,1.0140
3958301,"K03381.02","FALSE POSITIVE",387.56519,13.28,1083,11.80,6289.00,1.0200
9991621,"K03382.01","FALSE POSITIVE",18.9257333,6.149,188.5,16.20,5455.00,0.9090
8078502,"K03383.01","CONFIRMED",37.8862977,5.218,672.2,14.40,5513.00,0.8180
8644365,"K03384.01","CANDIDATE",10.54841329,1.872,102.9,11.70,6047.00,1.0920
8644365,"K03384.02","CONFIRMED",19.9158863,6.191,143.2,28.30,6047.00,1.0920
9489947,"K03385.01","FALSE POSITIVE",54.061328105,4.48223,79684,1012.20,5786.00,1.1120
6960487,"K03386.01","FALSE POSITIVE",34.525990182,4.47294,67161.4,1008.10,6123.00,1.0490
6309264,"K03387.01","FALSE POSITIVE",14.2821417,2.068,224.9,8.70,5374.00,0.7260
3858988,"K03388.01","FALSE POSITIVE",25.9518795,21.569,1312.3,63.70,5753.00,1.0780
3848966,"K03389.01","CANDIDATE",29.7681831,9.425,159.9,13.20,5640.00,2.9160
10798605,"K03390.01","FALSE POSITIVE",56.048096688,4.04427,53725.8,1003.70,5222.00,0.7800
9452897,"K03391.01","CANDIDATE",36.7662364,3.305,579.5,12.60,4342.00,0.5400
9714123,"K03392.01","FALSE POSITIVE",50.35545898,5.51863,107138,1219.40,5936.00,0.9650
9085563,"K03393.01","CONFIRMED",54.6493679,7.962,432.5,15.10,5751.00,1.2820
7748487,"K03394.01","CANDIDATE",15.5764061,5.382,257.1,14.10,6214.00,1.0760
3219037,"K03395.01","CANDIDATE",10.00506974,3.481,143.3,11.40,5912.00,0.9240
3219037,"K03395.02","CANDIDATE",5.0395851,4.556,70.1,9.60,5912.00,0.9240
5710069,"K03396.01","CANDIDATE",36.2580749,5.917,380.3,12.50,5818.00,0.8480
6200810,"K03397.01","CANDIDATE",35.8754482,3.972,366.7,12.60,6559.00,1.2180
3561464,"K03398.01","CONFIRMED",7.31945294,4.881,166.8,16.30,5745.00,3.9550
3561464,"K03398.02","CONFIRMED",35.8007112,8.219,417.4,25.00,5745.00,3.9550
3561464,"K03398.03","CANDIDATE",4.32710579,3.872,84.1,9.50,5745.00,3.9550
6359802,"K03399.01","FALSE POSITIVE",14.15402615,4.115,21653,23.90,4352.00,0.6610
9328641,"K03400.01","FALSE POSITIVE",33.3239576,37.217,2012.1,173.70,5192.00,0.5550
9966219,"K03401.01","CANDIDATE",17.9559673,6.237,137,11.90,5641.00,1.1950
9966219,"K03401.02","CANDIDATE",326.6708,10.84,386.4,10.80,5896.00,1.0720
3757778,"K03402.01","FALSE POSITIVE",36.514374043,6.48255,111620,1701.10,5811.00,1.0000
11754430,"K03403.01","CONFIRMED",39.818832,10.757,199.1,29.40,5710.00,1.5240
11754430,"K03403.02","CONFIRMED",6.15828666,6.329,57.7,16.40,5710.00,1.5240
8409295,"K03404.01","CONFIRMED",82.292865,7.048,371.1,13.00,5626.00,0.9570
8211605,"K03405.01","FALSE POSITIVE",20.9794338,3.762,2388.2,32.20,5182.00,0.6660
11098573,"K03406.01","FALSE POSITIVE",15.6937855,5.149,367.7,14.20,5868.00,1.0370
7131760,"K03407.01","CONFIRMED",92.436978,6.432,955.2,17.80,5595.00,0.7410
11922778,"K03408.01","CANDIDATE",65.427645,9.404,319,15.60,6014.00,0.9260
9468382,"K03409.01","FALSE POSITIVE",11.08260553,6.23,601.2,51.30,5125.00,2.1960
9285265,"K03410.01","CONFIRMED",16.5860329,7.043,231.3,14.60,5626.00,1.3890
9285265,"K03410.02","CONFIRMED",61.569765,9.75,298.3,10.90,5626.00,1.3890
6025124,"K03411.01","CANDIDATE",26.83771808,1.6162,8512,101.40,6194.00,1.0690
5780930,"K03412.01","CONFIRMED",16.7525077,3.174,338.3,18.20,4807.00,1.8020
4164393,"K03413.01","FALSE POSITIVE",49.612757516,7.07603,130460,2070.30,6241.00,1.0310
6023859,"K03414.01","FALSE POSITIVE",27.009807384,1.96698,67898,541.30,3900.00,0.5340
3433668,"K03415.01","CONFIRMED",15.0219784,5.068,96.9,7.40,5831.00,1.3820
2849140,"K03416.01","CANDIDATE",11.8237228,8.518,212.7,14.20,5559.00,0.8030
7503885,"K03417.01","CONFIRMED",91.078624,10.304,738.6,20.80,5915.00,1.0080
3629330,"K03418.01","CONFIRMED",85.272459,13.31,767.8,18.90,5922.00,1.0570
11519134,"K03419.01","FALSE POSITIVE",58.5850357,3.5939,75468,656.50,6379.00,1.9940
7289338,"K03420.01","CANDIDATE",5.77451117,3.752,156.3,11.20,5821.00,1.4920
7289338,"K03420.02","CANDIDATE",12.5014905,3.882,220.1,10.80,5821.00,1.4920
5004909,"K03421.01","CANDIDATE",40.6511021,11.282,136.4,17.30,6297.00,1.3690
5898983,"K03422.01","CANDIDATE",40.1454757,5.2,310.8,5.20,7852.00,7.1620
3745559,"K03423.01","CONFIRMED",30.2541186,2.134,576.3,12.30,6277.00,1.1610
8356054,"K03424.01","FALSE POSITIVE",17.081202417,7.20617,134143,1524.80,5431.00,0.7080
9117416,"K03425.01","CONFIRMED",20.034708,6.49,124.4,22.90,6120.00,2.0000
9117416,"K03425.02","CONFIRMED",3.15722086,3.762,49.7,17.40,6120.00,2.0000
9117416,"K03425.03","CANDIDATE",7.64370363,2.738,70.9,13.20,6120.00,2.0000
5900235,"K03426.01","CANDIDATE",58.7701045,6.995,224.4,13.20,6158.00,1.0130
9907505,"K03427.01","FALSE POSITIVE",39.206808648,6.24701,186978,1274.30,5945.00,0.8610
9027909,"K03428.01","CONFIRMED",64.6589166,7.71,235.4,13.90,5821.00,1.3950
9230021,"K03429.01","CANDIDATE",15.8283833,3.643,227.5,9.80,5596.00,1.1450
9230021,"K03429.02","CONFIRMED",8.74192361,4.235,295.7,18.50,5596.00,1.1450
9230021,"K03429.03","FALSE POSITIVE",26.936878,4.969,246.9,8.80,5878.00,0.9980
9230021,"K03429.04","CANDIDATE",44.433726,6.118,239.6,8.00,5596.00,1.1450
7697103,"K03430.01","CANDIDATE",13.9248005,5.016,195.2,11.20,5271.00,0.6480
9267996,"K03431.01","CANDIDATE",19.6001405,8.613,282,19.70,6003.00,0.9320
8738775,"K03432.01","CONFIRMED",48.0506878,7.999,274.5,15.10,5332.00,1.4530
7093401,"K03433.01","CANDIDATE",34.08429351,1.3521,3746,28.70,5252.00,0.9220
8628665,"K03434.01","CANDIDATE",10.2856373,3.043,134.9,10.40,5841.00,1.0600
3945802,"K03435.01","FALSE POSITIVE",24.2157996,4.359,322.2,13.60,5659.00,0.8850
6265665,"K03436.01","CONFIRMED",44.2018402,4.949,235.6,18.60,5002.00,0.7530
4645174,"K03437.01","CONFIRMED",15.0330623,6.326,132.2,14.90,5849.00,1.6010
4645174,"K03437.02","CANDIDATE",34.7496038,4.548,227.1,11.40,5849.00,1.6010
6599975,"K03438.01","CONFIRMED",14.5565618,4.554,103.8,17.10,6065.00,1.0610
4282191,"K03439.01","CONFIRMED",41.7084063,8.567,330,24.30,6434.00,1.1380
3559860,"K03440.01","CONFIRMED",33.0257179,6.032,507.1,12.20,5819.00,0.9900
3559860,"K03440.02","CANDIDATE",58.940569,4.769,570.3,9.20,5819.00,0.9900
10651945,"K03441.01","FALSE POSITIVE",25.366990665,5.9556,150581,2206.50,6208.00,1.0240
9837586,"K03442.01","FALSE POSITIVE",20.73376301,5.8043,104599,97.30,5780.00,1.0000
7288306,"K03443.01","CONFIRMED",96.169569,7.496,894.5,20.00,5340.00,0.7020
5384713,"K03444.01","CANDIDATE",12.67143692,2.498,215.8,13.70,3705.00,0.5290
5384713,"K03444.02","CANDIDATE",60.32668824,1.6864,3146.7,57.00,3705.00,0.5290
5384713,"K03444.03","CANDIDATE",2.63595435,1.309,93.7,9.20,3705.00,0.5290
5384713,"K03444.04","CANDIDATE",14.1502311,1.503,208.1,9.30,3705.00,0.5290
11860395,"K03445.01","CONFIRMED",82.303914,15.404,737,22.30,5602.00,1.4250
2852528,"K03446.01","FALSE POSITIVE",11.9615433,3.129,424.5,12.40,6142.00,1.0460
5353137,"K03447.01","FALSE POSITIVE",31.5073649,7.362,330.5,15.40,3554.00,0.3700
3348216,"K03448.01","CANDIDATE",32.510844,3.254,361.9,12.60,6074.00,1.3580
10798838,"K03449.01","FALSE POSITIVE",62.127677128,5.25005,37430.2,990.30,5344.00,0.8070
8560940,"K03450.01","FALSE POSITIVE",31.9730649,8.872,158.6,15.60,5811.00,0.8110
10793576,"K03451.01","CANDIDATE",10.90752977,2.764,186,11.80,6414.00,1.1470
7021177,"K03452.01","FALSE POSITIVE",18.64532882,3.63893,433815,1256.80,5931.00,0.8450
4932689,"K03453.01","FALSE POSITIVE",18.1118457,6.309,328.7,10.80,6434.00,1.1380
7122259,"K03454.01","FALSE POSITIVE",20.882125422,8.03365,233450,3506.50,6335.00,1.0720
6947668,"K03455.01","CANDIDATE",14.0545718,4.066,274.3,11.60,5783.00,0.8800
6364582,"K03456.01","CONFIRMED",30.8609783,4.216,128.9,17.80,5627.00,0.8330
6364582,"K03456.02","CANDIDATE",486.12702,9.495,120.6,8.10,6008.00,1.0620
9834257,"K03457.01","FALSE POSITIVE",15.65134872,4.1553,3104,81.60,6552.00,3.2890
6118370,"K03458.01","CONFIRMED",14.0328775,6.684,210.9,11.80,6063.00,1.0010
2717158,"K03459.01","CONFIRMED",13.2226149,4.337,261.7,12.60,5931.00,0.8630
9664276,"K03460.01","CANDIDATE",62.596544,11.477,223.1,15.50,5934.00,1.5090
2437112,"K03461.01","FALSE POSITIVE",18.79852,4.795,487.4,11.20,4808.00,0.7150
2437112,"K03461.02","FALSE POSITIVE",3.18740907,6.19,137.5,9.20,4808.00,0.7150
9967009,"K03462.01","CANDIDATE",12.4326997,7.81,240.3,11.50,5480.00,1.2290
9967009,"K03462.02","CANDIDATE",30.9902997,9.454,321.5,10.70,5480.00,1.2290
5294945,"K03463.01","CANDIDATE",32.5474295,6.945,157.1,11.30,6068.00,1.0610
11874338,"K03464.01","FALSE POSITIVE",15.9750417,3.549,643.5,37.50,5220.00,3.4560
9763612,"K03465.01","CONFIRMED",16.0505464,3.171,94.4,14.60,5428.00,0.8530
9468384,"K03466.01","FALSE POSITIVE",11.082622625,6.62584,268725,1725.60,5831.00,0.9220
7121885,"K03467.01","FALSE POSITIVE",33.93754213,11.1677,32990.3,1112.00,6220.00,1.0660
5213404,"K03468.01","CONFIRMED",20.7057153,9.678,115.9,13.50,5668.00,2.4370
4844470,"K03469.01","CANDIDATE",60.532988,7.086,467.5,23.80,5631.00,0.8470
9995771,"K03470.01","CANDIDATE",15.0617835,6.31,196.6,12.10,5806.00,1.1580
9995771,"K03470.02","CONFIRMED",25.4337864,6.514,302,14.30,5806.00,1.1580
11875511,"K03471.01","FALSE POSITIVE",67.451045,8.9387,7062.8,205.40,4847.00,2.1910
9536108,"K03472.01","CANDIDATE",10.43003118,2.029,120,10.60,6277.00,1.0310
8905246,"K03473.01","CANDIDATE",27.63714708,1.7277,735.5,27.40,5214.00,2.4270
5213230,"K03474.01","CONFIRMED",52.6095103,8.202,203.7,15.30,5881.00,1.2940
6145201,"K03475.01","FALSE POSITIVE",22.7832776,4.194,120.2,18.20,6517.00,1.1590
5986209,"K03476.01","FALSE POSITIVE",23.737952838,8.50818,95883.6,1221.20,5559.00,1.0000
9226339,"K03477.01","FALSE POSITIVE",21.4618453,5.675,122.2,13.40,5806.00,1.2130
7742408,"K03478.01","CONFIRMED",33.4969115,4.833,163.5,13.20,4928.00,1.6880
6525209,"K03479.01","FALSE POSITIVE",75.13194883,20.8729,122372,3625.50,5365.00,0.7290
6525209,"K03479.02","FALSE POSITIVE",1.71029474,2.946,158.9,14.50,5365.00,0.7290
9843517,"K03480.01","CANDIDATE",11.9378354,4.652,246,9.60,5469.00,0.7380
8812045,"K03481.01","CANDIDATE",32.715906,10.79,135.7,13.10,5527.00,3.1920
7288444,"K03482.01","CONFIRMED",15.3317719,5.467,179.2,13.30,5726.00,1.2850
3101923,"K03483.01","CANDIDATE",82.331756,8.664,283.2,11.90,5997.00,1.2420
10881457,"K03484.01","CONFIRMED",84.704139,10.393,655.7,17.00,6085.00,1.6340
5471289,"K03485.01","FALSE POSITIVE",12.42592675,29.1701,410.3,63.70,5952.00,0.9710
8121328,"K03486.01","CANDIDATE",19.0689513,12.462,169.3,19.10,5418.00,0.8890
9783760,"K03487.01","FALSE POSITIVE",89.7398137,3.26371,81096,296.00,5777.00,0.7470
6021655,"K03488.01","FALSE POSITIVE",63.571688,6.01,591,5.40,5504.00,0.8190
9528430,"K03489.01","FALSE POSITIVE",90.08255562,19.7301,43252.2,3571.60,6523.00,2.3430
8882847,"K03490.01","FALSE POSITIVE",42.2011587,8.479,178.1,15.90,6200.00,1.4490
12164634,"K03491.01","FALSE POSITIVE",89.3313828,11.919,2177.6,169.50,6860.00,1.4670
5193077,"K03492.01","FALSE POSITIVE",22.2941485,3.188,100.9,13.60,5915.00,1.3920
8880123,"K03493.01","CONFIRMED",46.7162336,7.259,345.5,15.40,5856.00,1.0920
8231667,"K03494.01","CONFIRMED",42.8774169,1.991,1068.8,14.80,5256.00,0.8320
9474756,"K03495.01","CANDIDATE",17.6062701,6.134,146.2,10.40,5808.00,1.1590
9474756,"K03495.02","CANDIDATE",6.685438,5.09,89.2,9.70,5808.00,1.1590
7517261,"K03496.01","CONFIRMED",23.2385587,8.432,161.2,15.50,6602.00,1.6850
7517261,"K03496.02","CANDIDATE",8.5433774,6.149,75.1,10.30,6602.00,1.6850
8424002,"K03497.01","CONFIRMED",20.35971899,2.1521,345.7,26.80,3419.00,0.3440
8635938,"K03498.01","FALSE POSITIVE",43.798566,6.401,290.4,26.10,5611.00,2.2270
5471688,"K03499.01","FALSE POSITIVE",12.4281308,6.79,131.4,9.40,5940.00,0.7290
5471688,"K03499.02","FALSE POSITIVE",0.96283264,2.947,96.3,16.40,5955.00,0.7330
6058816,"K03500.01","CONFIRMED",73.7502765,13.309,233.1,33.90,6056.00,2.4810
6058816,"K03500.02","CANDIDATE",4.7482669,4.947,35.6,12.10,6056.00,2.4810
6286161,"K03501.01","FALSE POSITIVE",14.541781166,9.1151,143645,768.90,5997.00,1.1480
5385471,"K03502.01","FALSE POSITIVE",12.4261177,28.5357,1230.4,89.90,5713.00,0.8510
6368175,"K03503.01","CONFIRMED",21.1876185,3.69,71.7,8.50,6355.00,0.8490
6368175,"K03503.02","CONFIRMED",31.8245304,4.17,79,7.70,6338.00,0.8470
5471158,"K03504.01","FALSE POSITIVE",12.42560404,23.9402,458.9,40.80,5713.00,0.8930
5471158,"K03504.02","CANDIDATE",140.24408749,5.43,,,,
4847843,"K03505.01","FALSE POSITIVE",30.9604688,14.992,460.9,27.10,5367.00,3.5580
8719419,"K03506.01","FALSE POSITIVE",12.62530918,3.163,39413,32.50,6878.00,1.8440
8308682,"K03507.01","FALSE POSITIVE",338.20075,15.23,678.2,11.10,5381.00,0.8110
6697817,"K03508.01","CANDIDATE",190.800788,8.082,287.6,13.00,5993.00,0.9860
3439096,"K03509.01","FALSE POSITIVE",2.97601892,5.5,306.1,35.30,5140.00,7.7460
9028474,"K03510.01","FALSE POSITIVE",124.93576738,7.5608,240899,332.80,5887.00,0.9410
3644542,"K03511.01","FALSE POSITIVE",119.67980316,32.1928,299046,5357.70,8275.00,3.2510
6182849,"K03512.01","FALSE POSITIVE",6.399107136,5.21981,376769,4322.40,6133.00,0.9350
9851142,"K03513.01","FALSE POSITIVE",8.480304281,7.46159,83114.6,5219.50,7059.00,2.2100
7117003,"K03514.01","FALSE POSITIVE",428.32173928,40.5992,316995,4594.80,5662.00,0.8060
3240159,"K03515.01","FALSE POSITIVE",82.137609997,6.11904,210772,3583.10,6395.00,2.0120
9658118,"K03516.01","FALSE POSITIVE",24.0612744,19.9438,440146,1161.10,6461.00,1.1380
7132542,"K03517.01","FALSE POSITIVE",66.36099916,20.0614,416737,1866.70,5583.00,0.8570
8589754,"K03518.01","FALSE POSITIVE",8.939461148,6.19136,357832,2427.50,6461.00,2.2250
3757590,"K03520.01","FALSE POSITIVE",135.58607679,5.54241,363134,6788.80,6401.00,1.3010
5456023,"K03521.01","FALSE POSITIVE",131.97827736,7.14981,345935,3766.30,4916.00,2.1820
12021387,"K03522.01","FALSE POSITIVE",241.07074582,9.88863,70291.7,4257.40,9414.00,2.7770
8044608,"K03523.01","FALSE POSITIVE",106.17593813,10.4168,164738,7056.80,6038.00,1.1410
8760135,"K03524.01","FALSE POSITIVE",184.6467208,18.9869,410274,1113.20,5713.00,1.0230
4073707,"K03525.01","FALSE POSITIVE",6.282033445,8.3777,181787,1178.00,6074.00,0.9760
10292238,"K03526.01","FALSE POSITIVE",143.1188694,16.8109,255714,1638.00,5713.00,0.8510
8733497,"K03527.01","FALSE POSITIVE",76.81985465,5.16249,229165,2314.50,5654.00,0.7740
4255422,"K03528.01","FALSE POSITIVE",165.40574995,13.6363,66402,4958.60,6061.00,2.1850
9837544,"K03529.01","FALSE POSITIVE",71.661915163,6.33708,323613,1804.10,5075.00,0.8240
7877824,"K03530.01","FALSE POSITIVE",9.44942685,6.40303,488997,1246.30,5754.00,0.9050
6947164,"K03531.01","FALSE POSITIVE",70.58284717,8.81169,150931,2424.00,5973.00,0.9040
10748621,"K03532.01","FALSE POSITIVE",286.1755875,16.1025,328544,765.30,5904.00,0.9460
4824268,"K03533.01","FALSE POSITIVE",152.15144795,26.8612,151815,2163.40,6217.00,0.9890
6431670,"K03534.01","FALSE POSITIVE",29.911334059,7.26916,354377,1349.80,5303.00,0.7040
7376500,"K03535.01","FALSE POSITIVE",5.877122485,4.71655,362900,1210.80,5702.00,1.8210
7987086,"K03536.01","FALSE POSITIVE",156.51657398,12.2259,113337,2016.10,6002.00,1.0840
7374746,"K03537.01","FALSE POSITIVE",1.366946478,3.37701,158643,796.50,5353.00,0.7570
8668810,"K03538.01","FALSE POSITIVE",313.09275066,14.3447,445612,1952.30,5067.00,0.6730
8868907,"K03539.01","FALSE POSITIVE",157.32263943,21.9232,153932,1386.80,6109.00,0.9890
3865298,"K03540.01","FALSE POSITIVE",9.53040216,5.95809,321541,185.60,5501.00,0.9120
8868364,"K03541.01","FALSE POSITIVE",421.42848194,8.60447,96654.3,3162.00,6235.00,1.7080
3964545,"K03542.01","FALSE POSITIVE",3.012476415,3.31903,198402,2060.30,6015.00,1.0880
9656397,"K03543.01","FALSE POSITIVE",204.74104758,20.5357,333804,2000.20,6517.00,1.4400
3735629,"K03544.01","FALSE POSITIVE",4.664186517,4.0639,555376,445.70,5062.00,3.5790
8244173,"K03545.01","FALSE POSITIVE",1.092066399,2.97608,401890,1160.60,4556.00,0.5760
7287391,"K03546.01","FALSE POSITIVE",4.286103033,2.6422,173359,397.10,4206.00,0.5910
6756202,"K03547.01","FALSE POSITIVE",290.7778719,12.0525,225767,1836.80,5207.00,0.7340
10215869,"K03548.01","FALSE POSITIVE",5.017239915,4.36126,144642,970.90,6519.00,1.0790
2307206,"K03549.01","FALSE POSITIVE",204.0329342,17.5623,411374,884.90,5553.00,0.8060
7025540,"K03550.01","FALSE POSITIVE",2.148219541,2.94091,457844,619.80,4694.00,0.6720
7620844,"K03551.01","FALSE POSITIVE",58.621578824,8.52961,142951,1887.70,5232.00,0.7250
6233466,"K03552.01","FALSE POSITIVE",15.873380595,8.0429,208362,978.20,5622.00,1.8950
11249624,"K03553.01","FALSE POSITIVE",65.583665567,5.01216,242398,1649.50,5516.00,0.6660
6426592,"K03554.01","FALSE POSITIVE",394.67816267,6.05443,253376,1500.70,5780.00,0.8300
8491745,"K03555.01","FALSE POSITIVE",111.31980522,23.0078,62704.9,3433.70,5022.00,2.5800
3970117,"K03556.01","FALSE POSITIVE",110.29512684,16.5339,176336,2084.30,5753.00,0.8950
5534965,"K03557.01","FALSE POSITIVE",243.82122131,10.9312,56799.3,2804.30,6370.00,1.3160
9965206,"K03558.01","FALSE POSITIVE",16.227548674,5.08666,192688,1870.00,5297.00,0.7950
4247023,"K03559.01","FALSE POSITIVE",47.189437,11.555,370871,804.00,5458.00,0.9720
4848423,"K03560.01","FALSE POSITIVE",1.501760172,5.85519,387905,2624.00,6327.00,1.2900
11403216,"K03561.01","FALSE POSITIVE",4.05325447,4.0116,110916,446.10,6022.00,1.0390
9948002,"K03562.01","FALSE POSITIVE",101.26336282,17.8951,72792.5,3573.10,6309.00,1.0620
5264304,"K03563.01","FALSE POSITIVE",120.58167178,8.2904,192896,1184.80,5294.00,0.6730
10960995,"K03564.01","FALSE POSITIVE",1.558544209,3.3727,225588,421.60,4868.00,0.7080
9592575,"K03565.01","FALSE POSITIVE",2.63757408,5.9626,169658,1471.60,5639.00,0.9530
7898576,"K03566.01","FALSE POSITIVE",8.64636188,8.73607,218072,2441.70,6444.00,1.1340
11671429,"K03567.01","FALSE POSITIVE",112.46358893,31.8273,242411,1374.00,7426.00,2.4630
9773869,"K03568.01","FALSE POSITIVE",15.65129028,6.7631,398641,359.70,6137.00,1.1030
6707942,"K03569.01","FALSE POSITIVE",9.014220178,2.76441,34085.6,1109.20,4842.00,0.7300
5023948,"K03570.01","FALSE POSITIVE",1.824653341,4.25512,176739,1833.70,6413.00,0.9410
5113053,"K03571.01","FALSE POSITIVE",3.185090259,4.80188,423276,1909.20,6516.00,1.2790
4743508,"K03572.01","FALSE POSITIVE",2.086076372,2.4032,58858,159.30,6124.00,1.1190
10068919,"K03573.01","FALSE POSITIVE",43.56225858,3.6873,51325,163.60,6411.00,1.2160
7353970,"K03574.01","FALSE POSITIVE",198.443477,9.9776,39943,464.20,5420.00,0.8680
12316447,"K03575.01","FALSE POSITIVE",17.907664726,5.58652,265411,1731.40,6173.00,1.0410
10491554,"K03576.01","FALSE POSITIVE",22.77196484,8.3476,325446,305.20,6049.00,1.5570
9785454,"K03577.01","FALSE POSITIVE",184.52015392,15.3564,49269,1759.10,5341.00,0.7760
10464666,"K03578.01","FALSE POSITIVE",131.73630485,5.28476,58381.2,1241.00,5102.00,1.6690
5024292,"K03579.01","FALSE POSITIVE",4.301031137,5.65214,204153,1526.20,6386.00,1.5480
4659255,"K03580.01","FALSE POSITIVE",198.01379181,9.72673,142501,1411.30,5359.00,0.7080
8263746,"K03581.01","FALSE POSITIVE",10.9938268,5.0746,419208,469.50,4856.00,0.7430
3428468,"K03582.01","FALSE POSITIVE",114.90862419,7.66397,196112,1179.70,4412.00,0.7370
5130740,"K03583.01","FALSE POSITIVE",210.30644361,6.68665,46455.4,1081.70,7591.00,2.0170
9892471,"K03584.01","FALSE POSITIVE",8.268081087,3.47103,71479.3,1320.50,5749.00,0.9220
2019076,"K03585.01","FALSE POSITIVE",3.564614021,3.44204,94342,728.80,5891.00,0.8920
7376490,"K03586.01","FALSE POSITIVE",5.877122413,3.7369,15647.1,287.60,5778.00,1.0430
11968513,"K03587.01","FALSE POSITIVE",1.036592635,2.40749,124498,444.70,4884.00,8.7470
9656543,"K03588.01","FALSE POSITIVE",2.544594443,3.21373,348777,608.90,5503.00,1.6160
10751515,"K03589.01","FALSE POSITIVE",56.40651043,18.4332,102294,1597.30,5011.00,0.6470
3348093,"K03590.01","FALSE POSITIVE",7.964400574,4.4761,190903,879.20,4478.00,0.7150
6182846,"K03591.01","FALSE POSITIVE",6.399101307,4.7439,83326,154.40,6233.00,0.9880
9851126,"K03592.01","FALSE POSITIVE",8.480303653,7.48907,81427.9,301.40,5385.00,0.7870
3442054,"K03593.01","FALSE POSITIVE",117.6813778,12.7591,45362,2426.90,6429.00,2.0790
4079530,"K03594.01","FALSE POSITIVE",17.72722648,4.1376,147144,922.10,6021.00,0.8950
10677186,"K03595.01","FALSE POSITIVE",100.40132734,9.7436,53781.9,1331.00,5903.00,1.1000
9025914,"K03596.01","FALSE POSITIVE",11.320287875,4.82219,243413,1539.90,6153.00,1.1270
9366988,"K03597.01","FALSE POSITIVE",1.219034103,2.4494,95697,319.10,5914.00,1.2710
2437149,"K03598.01","FALSE POSITIVE",18.79862195,7.4782,380204,551.30,5334.00,0.7960
9715925,"K03599.01","FALSE POSITIVE",6.30828538,2.48633,113526,559.20,5069.00,0.7800
9529733,"K03600.01","FALSE POSITIVE",4.80912667,7.9331,134093,1033.20,6462.00,1.1660
9613070,"K03601.01","FALSE POSITIVE",2.33211505,2.96723,105949,997.80,6384.00,1.0940
10845188,"K03602.01","FALSE POSITIVE",249.36211832,8.3559,35830.4,846.10,5940.00,1.0200
5730394,"K03603.01","FALSE POSITIVE",5.519188936,7.1351,217073,2270.60,5324.00,0.8970
6956216,"K03604.01","FALSE POSITIVE",4.818863794,6.2625,65936.5,2048.70,6313.00,1.9350
6137704,"K03605.01","FALSE POSITIVE",178.26802035,5.86461,45753.9,961.40,5126.00,0.6960
10275074,"K03606.01","FALSE POSITIVE",2.181555909,4.41739,85406.9,1548.20,6584.00,1.2460
9110346,"K03607.01","FALSE POSITIVE",0.895276162,3.0518,319082,932.10,5242.00,2.5500
10259301,"K03608.01","FALSE POSITIVE",244.83274973,4.37001,40206,733.50,6105.00,0.9930
6233903,"K03609.01","FALSE POSITIVE",2.995357359,6.57901,172404,1467.60,5949.00,1.9400
7212066,"K03610.01","FALSE POSITIVE",3.840485025,2.8592,31353,259.40,5731.00,0.8230
7212066,"K03610.02","FALSE POSITIVE",1.92027188,2.65,,,,
6675060,"K03611.01","FALSE POSITIVE",10.443341795,3.94077,145294,842.10,6137.00,1.0050
10518735,"K03612.01","FALSE POSITIVE",19.515013291,4.59379,256442,1018.80,5349.00,0.8510
6546508,"K03613.01","FALSE POSITIVE",3.053578643,3.22884,52879.9,661.40,5414.00,0.7140
9886224,"K03614.01","FALSE POSITIVE",2.992662857,2.5258,113705,296.80,4927.00,1.8370
3735634,"K03615.01","FALSE POSITIVE",4.664188563,3.773,11360.5,272.60,5699.00,1.2150
6058875,"K03616.01","FALSE POSITIVE",0.56493412,2.57621,252639,1361.50,4748.00,0.5340
10735564,"K03617.01","FALSE POSITIVE",1.674984844,4.92134,234579,858.80,8285.00,2.4510
9636559,"K03618.01","FALSE POSITIVE",10.636305846,5.17212,216063,1419.00,6781.00,1.3450
8095110,"K03619.01","FALSE POSITIVE",2.1032389,6.4774,24852.5,625.10,5546.00,0.7860
11499263,"K03620.01","FALSE POSITIVE",46.698200933,3.57049,54592.5,879.00,5772.00,0.7560
9775253,"K03621.01","FALSE POSITIVE",4.39451798,2.9527,223616,249.50,3695.00,0.4830
6677267,"K03622.01","FALSE POSITIVE",3.125821128,2.2163,5025.4,245.20,6137.00,2.8520
7732791,"K03623.01","FALSE POSITIVE",1.032068851,2.1344,121993,140.00,4387.00,0.7110
8177798,"K03624.01","FALSE POSITIVE",1.450205839,3.6373,25883.7,419.00,7564.00,1.8930
10489521,"K03625.01","FALSE POSITIVE",3.224486463,4.61686,403734,1905.10,6389.00,1.1600
12643582,"K03626.01","FALSE POSITIVE",44.14579777,4.088,224228,434.90,5876.00,0.8960
10091110,"K03627.01","FALSE POSITIVE",4.218512654,3.62939,23416.8,699.90,6185.00,0.9910
10091110,"K03627.02","FALSE POSITIVE",8.529991199,3.9954,20083.7,389.80,6185.00,0.9910
3542574,"K03628.01","FALSE POSITIVE",3.47140045,1.55,,,,
3544694,"K03629.01","FALSE POSITIVE",1.922862476,3.4594,101272,362.10,6408.00,1.3030
10259029,"K03630.01","FALSE POSITIVE",7.061149921,3.33515,131257,631.50,5585.00,0.7980
8299947,"K03631.01","FALSE POSITIVE",2.682767439,4.58143,394412,508.40,5780.00,1.0000
3335813,"K03632.01","FALSE POSITIVE",3.711012492,3.3394,7559.8,257.40,6141.00,1.1170
11858741,"K03633.01","FALSE POSITIVE",1.780982447,3.4297,357695,324.00,5780.00,1.0000
6363494,"K03634.01","FALSE POSITIVE",1.815632406,3.35773,61573.6,1413.90,9954.00,2.4080
3327992,"K03635.01","FALSE POSITIVE",2.115511511,8.5116,25805,153.30,4188.00,0.6610
5649206,"K03636.01","FALSE POSITIVE",2.446736567,5.0201,415859,1037.30,5780.00,1.0000
5193384,"K03637.01","FALSE POSITIVE",21.3779536,24.872,255244,101.90,4905.00,3.4840
5181804,"K03638.01","FALSE POSITIVE",4.350460215,2.5276,50424,247.20,6585.00,1.4160
10491544,"K03639.01","FALSE POSITIVE",22.77194512,10.1995,30246,208.60,5073.00,4.6100
8052474,"K03640.01","FALSE POSITIVE",245.4382021,14.502,11311.6,844.70,5637.00,0.9900
3534118,"K03641.01","FALSE POSITIVE",178.4129899,2.9298,37510,535.10,6078.00,1.1480
3534118,"K03641.02","FALSE POSITIVE",178.44973004,12.86,,,,
2441161,"K03642.01","FALSE POSITIVE",2.192004364,3.075,99583,298.70,5306.00,0.6870
3231120,"K03643.01","FALSE POSITIVE",3.900109346,3.9037,126194,448.00,5791.00,0.9690
12216706,"K03644.01","FALSE POSITIVE",1.471060209,4.3708,148439,563.00,8749.00,2.9110
12216706,"K03644.02","FALSE POSITIVE",0.73553763,2,,,,
5816806,"K03645.01","FALSE POSITIVE",4.45543346,5.116,245681,508.60,5780.00,1.0000
6531496,"K03646.01","FALSE POSITIVE",14.323889947,4.83729,69071.6,834.30,5853.00,0.8950
6531496,"K03646.02","FALSE POSITIVE",0.512869432,4.015,2313,133.90,5853.00,0.8950
9661869,"K03647.01","FALSE POSITIVE",20.427232317,3.46429,121813,526.60,6167.00,1.1210
3097352,"K03648.01","FALSE POSITIVE",4.029803201,4.4301,191073,352.30,6024.00,1.0780
6066379,"K03649.01","FALSE POSITIVE",1.303858554,4.36797,126636,904.00,6282.00,1.3430
6227560,"K03650.01","FALSE POSITIVE",2.401751509,2.0835,25044,83.10,4577.00,0.5570
5866104,"K03651.01","FALSE POSITIVE",36.97709537,5.2063,217145,204.90,5780.00,1.0000
8256044,"K03652.01","FALSE POSITIVE",16.371883638,3.44467,65927,639.80,5642.00,1.4150
8780968,"K03653.01","FALSE POSITIVE",2.617284592,9.5545,231450,1215.20,5510.00,2.6490
6960446,"K03654.01","FALSE POSITIVE",10.14873521,5.603,116125,250.90,6366.00,1.2960
8264097,"K03655.01","FALSE POSITIVE",2.897436854,3.2833,289807,274.20,5780.00,1.0000
6312521,"K03656.01","FALSE POSITIVE",3.01551943,3.1713,159584,367.30,5299.00,2.7610
4579321,"K03657.01","FALSE POSITIVE",2.112395777,2.7714,262602,243.20,5780.00,1.0000
1575690,"K03658.01","FALSE POSITIVE",2.252417903,1.9767,32296,129.50,3979.00,0.5440
4386047,"K03659.01","FALSE POSITIVE",2.900613144,3.7357,165475,617.70,5977.00,0.9310
5103998,"K03660.01","FALSE POSITIVE",174.7697122,2.3569,68139,100.40,5704.00,0.8040
7910148,"K03661.01","FALSE POSITIVE",4.252082243,2.7543,8290.5,254.80,5802.00,0.7940
12459731,"K03662.01","FALSE POSITIVE",14.180228311,4.5344,172737,472.30,6289.00,1.1420
12735740,"K03663.01","CONFIRMED",282.5253558,10.7965,9746.4,696.00,5725.00,0.9130
4678875,"K03664.01","FALSE POSITIVE",1.87887673,6.60887,824392,3176.90,6569.00,1.2350
7812175,"K03665.01","FALSE POSITIVE",17.79391159,4.3194,93395,247.00,5780.00,1.0000
7708193,"K03666.01","FALSE POSITIVE",7.942583252,7.0612,88327,855.40,5516.00,2.1780
11200767,"K03667.01","FALSE POSITIVE",2.489549075,2.4345,2829.7,160.60,6184.00,1.4060
8589731,"K03668.01","FALSE POSITIVE",4.469731089,5.257,3159.6,286.70,5758.00,2.3180
4356766,"K03669.01","FALSE POSITIVE",1.731803197,5.6803,44612,221.10,5761.00,1.0290
2167890,"K03670.01","FALSE POSITIVE",2.64830047,2.6395,12668,79.80,4839.00,9.2780
10383696,"K03671.01","FALSE POSITIVE",8.487871809,4.19829,118814,483.90,5553.00,0.8550
9777090,"K03672.01","FALSE POSITIVE",5.50817321,3.6845,226850,268.70,5051.00,0.6440
11455484,"K03673.01","FALSE POSITIVE",6.142812722,6.0751,96593,316.10,5780.00,1.0000
2446623,"K03674.01","FALSE POSITIVE",175.06586091,4.5181,45134,320.60,6021.00,0.8190
9596089,"K03675.01","FALSE POSITIVE",20.8392148,2.3321,177508,197.60,5378.00,0.8120
5738506,"K03676.01","FALSE POSITIVE",9.50158045,5.0701,443400,314.90,5780.00,1.0000
3340313,"K03677.01","FALSE POSITIVE",30.5528701,5.3367,63521,510.80,6441.00,1.1650
4150804,"K03678.01","CONFIRMED",160.88451966,10.8771,7590.4,526.10,5650.00,1.0440
5021174,"K03679.01","FALSE POSITIVE",4.04506346,3.22222,360177,483.90,5780.00,1.0000
9025971,"K03680.01","CONFIRMED",141.2415405,6.7645,12990.5,380.90,5705.00,1.0170
2581316,"K03681.01","CONFIRMED",217.83184293,21.306,9148.7,1244.40,6259.00,1.1670
2581316,"K03681.02","CONFIRMED",10.51421162,3.877,85.4,21.60,6259.00,1.1670
8621353,"K03682.01","FALSE POSITIVE",11.344347453,5.9738,258242,437.20,5780.00,1.0000
10795103,"K03683.01","CONFIRMED",214.3120439,16.2938,4523.4,562.80,6471.00,1.3570
9394601,"K03684.01","FALSE POSITIVE",0.876826336,3.6097,138366,1338.10,6344.00,0.9620
8494410,"K03685.01","FALSE POSITIVE",208.86909724,4.5707,21306.7,413.80,5914.00,0.9870
8494410,"K03685.02","CONFIRMED",7.2593226,6.1394,247.5,40.10,5914.00,0.9870
9719636,"K03686.01","FALSE POSITIVE",3.351573993,2.8758,54546,192.40,5984.00,1.0330
2452440,"K03687.01","FALSE POSITIVE",8.097050622,5.6736,65620,404.90,5753.00,0.8940
5020034,"K03688.01","FALSE POSITIVE",2.119107262,7.5384,124646,347.30,6381.00,1.4230
7017372,"K03689.01","CANDIDATE",5.24088367,3.3656,8531.2,385.70,6452.00,1.3050
9715939,"K03690.01","FALSE POSITIVE",12.893018017,3.30029,16032.8,453.00,6387.00,1.4080
4751083,"K03691.01","FALSE POSITIVE",4.532416322,3.2864,34953,175.60,6306.00,1.2810
4751083,"K03691.02","FALSE POSITIVE",2.26631937,3.16,,,,
5903301,"K03692.01","FALSE POSITIVE",1.160153553,2.16452,12302.5,552.80,6200.00,1.3820
7695087,"K03693.01","FALSE POSITIVE",4.032760214,2.7194,10803.4,150.90,4969.00,9.4330
6200709,"K03694.01","FALSE POSITIVE",3.723552982,3.5632,40143,145.70,6063.00,0.8900
8043052,"K03695.01","FALSE POSITIVE",2.244600029,1.9204,8611,42.60,5256.00,0.8020
5435816,"K03696.01","FALSE POSITIVE",181.8521773,5.7725,27559,293.80,6063.00,1.0120
8559589,"K03697.01","FALSE POSITIVE",223.1127475,8.9683,11538.8,224.50,6211.00,1.0560
4372765,"K03698.01","FALSE POSITIVE",15.64064161,6.4524,273309,206.30,6517.00,1.3740
2438490,"K03699.01","FALSE POSITIVE",3.31577795,4.2349,94567,124.60,5528.00,0.8490
3838496,"K03700.01","FALSE POSITIVE",2.990252395,7.8462,216437,541.70,5780.00,1.0000
6470521,"K03701.01","FALSE POSITIVE",2.08043378,7.708,6861.2,289.10,6377.00,1.1190
2449090,"K03702.01","FALSE POSITIVE",4.944046127,4.50334,112503,537.20,5780.00,1.0000
5652260,"K03703.01","FALSE POSITIVE",4.464565251,4.0221,74112,286.40,5743.00,0.8530
2569494,"K03704.01","FALSE POSITIVE",1.523298835,5.9083,195071,174.40,5311.00,0.8660
6470516,"K03705.01","FALSE POSITIVE",2.080431782,7.4997,894203,1585.20,8344.00,2.1150
7770471,"K03706.01","FALSE POSITIVE",1.157804607,4.66082,605713,1837.90,6510.00,1.4250
5130380,"K03707.01","FALSE POSITIVE",19.979098,10.5638,38418,449.10,5907.00,1.1260
6314173,"K03708.01","FALSE POSITIVE",1.433262401,6.2205,428557,599.80,7311.00,1.9590
2576107,"K03709.01","FALSE POSITIVE",205.5833309,6.0353,24872,216.10,6328.00,0.9150
9532421,"K03710.01","FALSE POSITIVE",4.309067482,2.21,23647,82.00,4897.00,0.7890
5653849,"K03711.01","FALSE POSITIVE",111.0396205,25.751,9356.2,201.90,5470.00,0.7770
2437060,"K03712.01","FALSE POSITIVE",3.187087241,7.2897,129093,197.00,4599.00,23.6730
8127648,"K03713.01","FALSE POSITIVE",1.023470248,2.3804,129526,262.20,5780.00,1.0000
11564013,"K03714.01","FALSE POSITIVE",0.875267982,1.6038,11701,44.90,5821.00,0.8980
4937143,"K03715.01","FALSE POSITIVE",9.84883968,5.7425,22012,236.60,6938.00,1.3100
8719324,"K03716.01","FALSE POSITIVE",10.23335969,7.55,,,,
8719324,"K03716.02","FALSE POSITIVE",10.23273611,1.55,,,,
11241814,"K03717.01","FALSE POSITIVE",227.6625222,5.5072,13894.8,227.50,6124.00,1.0070
5036537,"K03718.01","FALSE POSITIVE",1.06100873,2.6715,6367.1,174.90,5080.00,0.9470
9837083,"K03719.01","FALSE POSITIVE",0.623393802,1.40392,30192.2,867.80,4330.00,0.6390
10735331,"K03720.01","FALSE POSITIVE",213.3990406,6.5043,13929.5,370.90,6960.00,1.8300
7763269,"K03721.01","FALSE POSITIVE",6.40802979,2.9288,7784.1,108.20,6261.00,1.1940
8365739,"K03722.01","CANDIDATE",2.38920105,3.15,,,,
5471606,"K03723.01","FALSE POSITIVE",0.962835804,4.9844,14328.4,209.20,3982.00,32.2440
11200405,"K03724.01","FALSE POSITIVE",4.639602084,3.4636,25079,131.00,6078.00,1.1940
3459199,"K03725.01","FALSE POSITIVE",1.570518376,3.2035,2213.2,76.70,5314.00,11.8200
6973796,"K03726.01","FALSE POSITIVE",115.9943364,2.4136,37571,102.40,4530.00,0.7350
12023089,"K03727.01","FALSE POSITIVE",0.623441636,1.46001,19340.5,164.70,5319.00,0.6540
7515679,"K03728.01","CONFIRMED",5.546083089,2.717,2211,56.40,7358.00,4.0370
9674592,"K03729.01","FALSE POSITIVE",6.87366398,7.0845,9766.9,143.20,5662.00,0.8050
9674592,"K03729.02","FALSE POSITIVE",6.87366412,4.85,,,,
10879213,"K03730.01","FALSE POSITIVE",0.668483494,2.4129,722770,334.30,5780.00,1.0000
5650314,"K03731.01","FALSE POSITIVE",1.070272827,4.2844,9886.5,284.00,4628.00,0.6530
8302302,"K03732.01","FALSE POSITIVE",1.135930136,4.5036,27247.4,551.70,6247.00,0.9540
9655858,"K03733.01","FALSE POSITIVE",31.43284649,5.3541,178874,154.00,5780.00,1.0000
10275880,"K03734.01","FALSE POSITIVE",9.72675447,19.6214,6641.6,366.40,6327.00,2.4330
2166200,"K03735.01","FALSE POSITIVE",8.096939227,2.8833,142891,177.90,6572.00,1.4180
3547315,"K03736.01","FALSE POSITIVE",0.64234865,2.1184,39597,231.70,5441.00,0.7910
6933781,"K03737.01","FALSE POSITIVE",130.4194187,4.165,2290.9,90.40,5770.00,1.6850
5478083,"K03738.01","FALSE POSITIVE",15.85231085,4.8707,437862,252.40,5780.00,1.0000
10857342,"K03739.01","FALSE POSITIVE",2.415925551,9.7769,560970,1598.30,8796.00,3.2780
5215700,"K03740.01","FALSE POSITIVE",0.656201038,4.17901,174860,2065.80,6025.00,0.9990
8780959,"K03741.01","FALSE POSITIVE",2.617280959,9.661,3089.9,262.40,6432.00,1.3450
8780959,"K03741.02","CANDIDATE",18.577903,20.11,99.8,6.60,6432.00,1.3450
8780959,"K03741.03","CONFIRMED",5.1117547,3.281,267.8,12.10,6432.00,1.3450
8780959,"K03741.04","CONFIRMED",9.6310258,5.255,297.2,12.70,6432.00,1.3450
5565486,"K03742.01","FALSE POSITIVE",1.412524016,5.74859,175776,1475.40,6690.00,1.1740
4935914,"K03743.01","FALSE POSITIVE",3.486318703,2.7904,60135,190.70,5780.00,1.0000
11303811,"K03744.01","FALSE POSITIVE",1.705780649,1.6271,15498,31.80,4970.00,0.5910
2437783,"K03745.01","FALSE POSITIVE",7.45306683,4.7617,46552,84.30,5780.00,1.0000
12062660,"K03746.01","FALSE POSITIVE",2.929299629,7.102,83918,374.60,5780.00,1.0000
9777087,"K03747.01","FALSE POSITIVE",5.50811352,2.9516,40380,100.50,5188.00,0.6240
9777087,"K03747.02","FALSE POSITIVE",19.226055,2.949,3266,10.10,5193.00,0.6210
4247807,"K03748.01","FALSE POSITIVE",2.050435466,8.0122,7765.3,445.80,5440.00,0.8250
4247807,"K03748.02","FALSE POSITIVE",2.02487934,1.621,145.8,7.70,5440.00,0.8250
11547869,"K03749.01","CANDIDATE",10.72725536,1.7541,56197,160.50,3324.00,0.2680
7700590,"K03750.01","FALSE POSITIVE",1.507101452,5.2005,15847,273.50,5884.00,0.8760
9053086,"K03751.01","FALSE POSITIVE",1.274841686,3.5903,50253,353.00,6211.00,1.2810
6314185,"K03752.01","FALSE POSITIVE",1.433262145,5.6316,1849.5,159.30,5977.00,1.0680
8620561,"K03753.01","FALSE POSITIVE",0.782046543,1.9874,340464,534.00,4768.00,0.5910
8937019,"K03754.01","FALSE POSITIVE",5.663604992,1.4283,163385,169.40,5780.00,1.0000
9896435,"K03755.01","FALSE POSITIVE",18.076610347,3.1396,65280,380.60,4848.00,0.7640
10352938,"K03756.01","FALSE POSITIVE",6.47173281,7.1964,6472.7,94.50,6318.00,1.6850
6863161,"K03757.01","FALSE POSITIVE",1.98663794,4.7585,63156,193.00,9191.00,2.6190
7840035,"K03758.01","FALSE POSITIVE",13.54208867,4.9406,28869,137.60,5496.00,0.9270
8543279,"K03759.01","FALSE POSITIVE",7.549303633,2.3665,10222.9,177.00,5402.00,0.8150
8047283,"K03760.01","FALSE POSITIVE",0.77544539,1.8764,6791.4,205.10,5861.00,0.8650
8308347,"K03761.01","CANDIDATE",164.950399,30.86,24493,65.70,5001.00,0.6640
11518142,"K03762.01","CONFIRMED",240.7990472,16.666,5022.9,170.10,5758.00,1.3850
3114667,"K03763.01","FALSE POSITIVE",0.888584158,2.25012,412710,691.20,4324.00,0.6160
3344427,"K03764.01","FALSE POSITIVE",1.303570451,2.28163,332340,573.20,4884.00,3.5840
12109845,"K03765.01","FALSE POSITIVE",0.865959015,1.9058,291274,620.80,4561.00,0.4690
3954227,"K03766.01","FALSE POSITIVE",0.594276199,2.0188,220745,285.20,4756.00,0.6670
8323764,"K03767.01","CANDIDATE",6.714247798,3.3304,32213,145.90,5159.00,0.8000
5360082,"K03768.01","FALSE POSITIVE",11.35501209,14.557,19675,221.40,4594.00,0.5670
6543683,"K03769.01","FALSE POSITIVE",1.195515251,5.0834,8054.4,309.10,6040.00,1.1550
5008245,"K03770.01","CANDIDATE",2.60720833,2.6452,3149.7,185.30,6366.00,1.2360
10555365,"K03771.01","FALSE POSITIVE",5.80184753,3.9551,22143,118.10,5687.00,0.9210
5481426,"K03772.01","FALSE POSITIVE",2.38404983,3.2849,312732,195.30,5780.00,1.0000
10268903,"K03773.01","FALSE POSITIVE",1.103978,0.74,,,,
6205481,"K03774.01","FALSE POSITIVE",3.72277264,15.869,1114.6,58.10,5333.00,0.6880
7220320,"K03775.01","FALSE POSITIVE",0.752158047,2.42733,37878.8,510.00,5770.00,2.2210
9291378,"K03776.01","FALSE POSITIVE",3.796488133,11.0659,3007.6,193.40,6137.00,1.0180
4075067,"K03777.01","CANDIDATE",17.7476059,5.066,877,7.60,8992.00,4.8320
12405950,"K03778.01","FALSE POSITIVE",3.539631353,1.5372,1229.7,163.50,7021.00,2.6290
5206233,"K03779.01","FALSE POSITIVE",6.195861785,2.6078,3509.8,83.50,5608.00,0.8130
6775985,"K03780.01","FALSE POSITIVE",27.961084,3.8741,6268.2,106.00,6770.00,1.3610
3324644,"K03781.01","FALSE POSITIVE",2.882424694,25.91,67298,416.20,4705.00,8.0580
11357192,"K03782.01","FALSE POSITIVE",186.5168116,3.1968,5752.4,126.90,5018.00,2.9900
9533489,"K03783.01","FALSE POSITIVE",197.1455327,2.1145,5664,56.80,7214.00,1.9350
5688997,"K03784.01","FALSE POSITIVE",23.8706941,3.4812,6386.3,114.80,6022.00,1.1660
4073730,"K03785.01","FALSE POSITIVE",6.2820426,7.941,1413,103.30,6635.00,3.7980
2854948,"K03786.01","FALSE POSITIVE",0.97430309,2.1088,34976,224.00,5688.00,0.7860
7813039,"K03787.01","CANDIDATE",141.73403059,1.5851,7736.4,157.40,5606.00,0.9180
9405541,"K03788.01","FALSE POSITIVE",5.55260695,4.1178,727.6,60.70,3306.00,116.9650
8906045,"K03789.01","FALSE POSITIVE",2.347479696,26.25,81996,261.10,5891.00,1.1380
7296094,"K03790.01","FALSE POSITIVE",0.890745373,1.9215,120034,239.60,5780.00,1.0000
5437945,"K03791.01","CONFIRMED",440.7843755,21.693,2579,181.00,6340.00,1.3930
5437945,"K03791.02","CONFIRMED",220.142913,19.528,1796.4,121.20,6340.00,1.3930
12009347,"K03792.01","FALSE POSITIVE",2.723858181,1.4313,5497,23.80,4416.00,0.7330
4037163,"K03793.01","FALSE POSITIVE",0.635441862,1.9827,147609,317.10,5780.00,1.0000
12557548,"K03794.01","CONFIRMED",0.65355361,1.63,4595.9,217.40,4550.00,0.6600
3338660,"K03795.01","FALSE POSITIVE",1.873380717,10.1083,538716,1513.70,5992.00,1.1710
3338674,"K03796.01","FALSE POSITIVE",1.87337894,9.1328,5444,223.10,4740.00,5.7210
5546277,"K03797.01","FALSE POSITIVE",7.50023955,2.916,273.2,29.00,5849.00,0.9190
5475736,"K03798.01","FALSE POSITIVE",2.991885335,7.4319,1356.9,160.20,5750.00,0.8390
9049673,"K03799.01","FALSE POSITIVE",1.327471395,5.2334,5673.8,218.70,5232.00,0.7770
9593759,"K03800.01","FALSE POSITIVE",1.247156944,2.6779,134761,92.40,4770.00,9.6700
8827930,"K03801.01","CANDIDATE",288.3128666,5.419,11181,96.80,5672.00,1.2200
5020044,"K03802.01","FALSE POSITIVE",2.119100054,8.2163,1651.1,195.70,6292.00,1.0780
6286155,"K03803.01","FALSE POSITIVE",14.5417471,5.6067,1088.6,71.20,5032.00,5.9220
7831363,"K03804.01","FALSE POSITIVE",2.81753381,2.1551,3836,39.30,6313.00,1.0980
4663185,"K03805.01","FALSE POSITIVE",56.6993107,7.0706,5824.7,76.30,4727.00,13.5470
5305471,"K03806.01","FALSE POSITIVE",161.252247,23.467,2185.9,84.10,5555.00,0.8110
10581918,"K03807.01","FALSE POSITIVE",1.801863222,7.2492,262582,463.40,7479.00,2.3240
3851949,"K03808.01","FALSE POSITIVE",54.77145968,37.1871,7224.8,751.10,5145.00,3.8660
9097892,"K03809.01","FALSE POSITIVE",1.674690886,2.0179,527.4,118.60,6397.00,1.1570
5769943,"K03810.01","CANDIDATE",1.013774136,1.2774,33878,166.80,3644.00,0.3890
4638237,"K03811.01","CANDIDATE",290.1401717,2.1583,4836,69.10,5631.00,1.2630
6148271,"K03812.01","FALSE POSITIVE",1.78526527,6.2233,1733.1,123.10,6505.00,1.2280
5386904,"K03813.01","FALSE POSITIVE",4.8591441,3.8588,2183.6,81.60,6586.00,1.2070
2997178,"K03814.01","FALSE POSITIVE",5.95077813,5.6,761.8,71.90,5122.00,9.8280
6507433,"K03815.01","CANDIDATE",4.7425521,1.11,3583,10.90,6161.00,1.0530
7877818,"K03816.01","FALSE POSITIVE",9.44942628,6.3064,1211.9,81.10,5092.00,2.6640
5636642,"K03817.01","FALSE POSITIVE",0.933489066,1.41864,14259,374.50,5758.00,1.0840
6515722,"K03818.01","FALSE POSITIVE",1.908525084,4.169,218.9,26.90,9174.00,2.4710
5560831,"K03819.01","FALSE POSITIVE",0.867721348,4.8783,97653,587.90,5510.00,1.2760
5305404,"K03820.01","FALSE POSITIVE",161.252567,23.626,2911.5,94.70,5985.00,0.8110
5956776,"K03821.01","FALSE POSITIVE",0.569115097,3.5028,585597,229.60,7174.00,1.7050
8883727,"K03822.01","FALSE POSITIVE",2.529073751,1.8827,1572.9,73.40,5465.00,0.7660
4820550,"K03823.01","CANDIDATE",202.1168173,4.683,2701.2,56.30,5536.00,0.9170
6516874,"K03824.01","FALSE POSITIVE",0.916326699,3.1427,96384,251.60,6046.00,0.9720
5467113,"K03825.01","FALSE POSITIVE",2.845746618,13.0719,557741,829.10,5641.00,1.7760
8240123,"K03826.01","FALSE POSITIVE",2.30120705,25.08,1688.1,132.50,5641.00,0.8500
5114623,"K03827.01","FALSE POSITIVE",337.377514,12.136,6110,60.00,6029.00,0.9980
5114623,"K03827.02","FALSE POSITIVE",389.28075044,12.52,,,,
10031907,"K03828.01","FALSE POSITIVE",8.58965725,8.9793,1161.5,107.80,5697.00,0.8920
4474637,"K03829.01","FALSE POSITIVE",3.886730304,16.1723,372425,280.60,5780.00,1.0000
10676927,"K03830.01","FALSE POSITIVE",1.031100362,2.9759,129157,178.50,5666.00,0.7520
5649836,"K03831.01","FALSE POSITIVE",0.597933142,3.47133,284383,1490.30,5780.00,1.0000
7620660,"K03832.01","FALSE POSITIVE",5.36652724,8.367,3122.5,50.70,5858.00,0.8490
8435232,"K03833.01","FALSE POSITIVE",49.5740154,63.196,8772.9,200.60,4040.00,0.5270
3836399,"K03834.01","FALSE POSITIVE",1.540392098,3.7271,1022,87.20,4911.00,0.7240
2581554,"K03835.01","CONFIRMED",47.1484324,3.1347,1113.8,54.50,4975.00,0.7340
7612691,"K03836.01","FALSE POSITIVE",3.46724809,11.01,1317.3,107.00,4969.00,0.5430
9761573,"K03837.01","FALSE POSITIVE",7.4413445,2.8754,2234,66.40,6540.00,1.1830
8042789,"K03838.01","FALSE POSITIVE",4.618309224,3.6752,1191,68.50,5452.00,0.8150
10095484,"K03839.01","FALSE POSITIVE",0.677761275,3.7085,877.9,120.80,5699.00,0.8530
5467102,"K03840.01","FALSE POSITIVE",2.845739012,11.9327,24391.8,488.60,5982.00,0.9600
8651551,"K03841.01","FALSE POSITIVE",1.527491117,7.9136,33546,298.60,4273.00,0.5950
9532637,"K03842.01","FALSE POSITIVE",0.61496383,1.93053,358049,806.50,4509.00,0.6630
5305451,"K03843.01","FALSE POSITIVE",161.253747,25.322,2598.4,54.70,5570.00,0.8030
7174349,"K03844.01","FALSE POSITIVE",2.974163938,1.7423,90282,88.60,5780.00,1.0000
11824218,"K03845.01","FALSE POSITIVE",15.84131693,1.8156,2617.7,38.20,4993.00,19.6950
7983756,"K03846.01","FALSE POSITIVE",5.24078259,5.238,592.6,58.10,6192.00,0.9170
7289165,"K03847.01","FALSE POSITIVE",5.26641416,2.4404,223.8,37.80,6338.00,1.6020
12784167,"K03848.01","CONFIRMED",1.847892736,1.8904,323.3,53.30,5763.00,0.8420
8949316,"K03849.01","FALSE POSITIVE",0.604358764,1.0423,38731,236.80,3569.00,0.4270
8912730,"K03850.01","FALSE POSITIVE",11.3775281,12.918,1651.3,38.20,6943.00,1.6600
9784230,"K03851.01","FALSE POSITIVE",0.7981968,2.22035,257616,453.90,5780.00,1.0000
4949524,"K03852.01","FALSE POSITIVE",1.233076007,12.506,1392.4,129.30,5602.00,0.8170
2697935,"K03853.01","FALSE POSITIVE",21.5135234,77.983,1583.8,171.50,5088.00,3.3180
3550434,"K03854.01","FALSE POSITIVE",1.1910489,1.3738,1391.1,46.10,5089.00,0.6930
2558370,"K03855.01","FALSE POSITIVE",0.546248198,2.1081,114528,263.10,5780.00,1.0000
5397166,"K03856.01","FALSE POSITIVE",1.811966339,3.792,408.1,36.30,5904.00,3.3480
11825057,"K03857.01","FALSE POSITIVE",0.532087933,3.45028,510366,1069.50,5780.00,1.0000
12306699,"K03858.01","FALSE POSITIVE",3.204222652,2.7952,898.4,45.50,5139.00,0.7410
9692336,"K03859.01","FALSE POSITIVE",0.687898282,3.96401,293505,1571.60,5780.00,1.0000
9641008,"K03860.01","FALSE POSITIVE",2.178154774,3.5302,662.6,89.20,5515.00,0.7120
8588377,"K03861.01","FALSE POSITIVE",0.99466172,1.576,1370.5,21.50,5750.00,1.0210
3644601,"K03862.01","FALSE POSITIVE",359.00688,32.16,2015.8,35.30,5715.00,0.8340
3644601,"K03862.02","FALSE POSITIVE",119.686505,29.33,842.7,27.10,5715.00,0.8340
8459354,"K03863.01","FALSE POSITIVE",53.556625,16.18,3963,22.10,7643.00,3.6180
4164922,"K03864.01","CONFIRMED",1.210693626,1.434,159.1,41.60,5014.00,0.7560
4164922,"K03864.02","CANDIDATE",18.2572722,3.434,157.5,17.30,5014.00,0.7560
5535890,"K03865.01","FALSE POSITIVE",3.255189932,2.7117,119.2,38.30,5807.00,1.2560
5215980,"K03866.01","FALSE POSITIVE",2.531140101,20.399,11786.5,304.20,5325.00,0.7500
9353742,"K03867.01","CONFIRMED",0.938750221,1.3568,280.7,47.40,5497.00,0.8860
9178185,"K03868.01","FALSE POSITIVE",2.992704682,1.2585,361.1,39.90,5908.00,3.9150
6290382,"K03869.01","FALSE POSITIVE",6.12810722,2.824,2336,17.50,7245.00,1.6670
8258160,"K03870.01","FALSE POSITIVE",23.6270348,11.481,8433,78.40,5305.00,0.8570
9752982,"K03871.01","FALSE POSITIVE",0.716709897,0.7466,932.5,47.60,5173.00,2.7420
4666008,"K03872.01","FALSE POSITIVE",2.248063246,5.1297,631.7,87.90,6325.00,1.1120
8430105,"K03873.01","FALSE POSITIVE",63.3278636,47.0744,11515,619.60,4919.00,5.1980
11560037,"K03874.01","FALSE POSITIVE",1.466535757,0.8222,1346.4,86.10,5888.00,1.0200
11911561,"K03875.01","FALSE POSITIVE",8.870415578,1.2864,873.1,43.80,6022.00,1.5140
3440118,"K03876.01","CONFIRMED",19.57783279,1.9857,432.6,37.20,5620.00,0.8840
9159265,"K03877.01","FALSE POSITIVE",3.04476607,9.568,272.6,67.00,5627.00,0.8180
4472818,"K03878.01","CONFIRMED",70.9672087,6.9623,784.7,69.30,5818.00,0.9860
4472818,"K03878.02","CANDIDATE",15.3573445,1.634,117.1,9.60,5818.00,0.9860
5560830,"K03879.01","FALSE POSITIVE",0.867719291,6.323,2651.8,157.10,6220.00,1.0560
4147444,"K03880.01","CANDIDATE",1.803697292,1.5922,69.7,25.80,6438.00,1.1660
8211824,"K03881.01","FALSE POSITIVE",0.84112187,2.0431,75070,89.70,5048.00,0.7070
5980800,"K03882.01","FALSE POSITIVE",0.828326025,1.42721,10718,164.50,5400.00,0.9780
9592850,"K03883.01","FALSE POSITIVE",1.219324537,4.7501,379055,241.00,5455.00,0.8970
4579313,"K03884.01","FALSE POSITIVE",2.112405306,2.5845,489,42.20,5562.00,0.7560
11614528,"K03885.01","FALSE POSITIVE",1.870990236,1.8432,642.6,37.40,6384.00,1.0860
8848288,"K03886.01","FALSE POSITIVE",5.56648691,10.931,694.9,103.60,4694.00,12.7010
5308419,"K03887.01","FALSE POSITIVE",1.241483276,2.195,141,32.00,6140.00,1.0530
8260198,"K03888.01","FALSE POSITIVE",0.955297055,1.7405,846.1,67.30,5319.00,0.7340
10733174,"K03889.01","FALSE POSITIVE",280.476576,32.24,651.2,38.70,5869.00,0.8920
8564976,"K03890.01","FALSE POSITIVE",152.8255989,22.688,2173.5,98.90,4991.00,7.5060
8765560,"K03891.01","CANDIDATE",47.1096306,5.741,752.2,35.10,5258.00,2.7800
11760860,"K03892.01","CONFIRMED",2.41660149,1.9699,83.6,33.70,5705.00,1.0260
3728432,"K03893.01","CONFIRMED",3.90863457,1.7704,867.2,36.60,4518.00,0.6530
5473535,"K03894.01","FALSE POSITIVE",1.673662758,2.3135,316.4,33.40,6444.00,1.0530
12106934,"K03895.01","FALSE POSITIVE",5.93717724,5.355,25450,56.30,5780.00,1.0000
6222898,"K03896.01","FALSE POSITIVE",3.89043062,6.596,195.4,14.40,5646.00,0.8960
3955866,"K03897.01","FALSE POSITIVE",16.8282542,39.098,655.3,78.30,5575.00,0.9720
9161118,"K03898.01","FALSE POSITIVE",1.306723495,6.606,12456.6,311.70,4651.00,0.6570
3556229,"K03899.01","FALSE POSITIVE",0.7967202,4.25304,167719,716.60,5780.00,1.0000
11911580,"K03900.01","FALSE POSITIVE",359.102042,16.949,1102.9,26.50,6355.00,1.1080
9480535,"K03901.01","CONFIRMED",160.130899,13.775,1183,32.40,6092.00,1.7590
10583225,"K03902.01","FALSE POSITIVE",2.69634575,3.785,185.2,35.40,5418.00,1.0510
5215251,"K03903.01","FALSE POSITIVE",2.553924603,9.835,1680.1,100.50,5993.00,0.9860
5480736,"K03904.01","FALSE POSITIVE",8.56751264,5.449,347.9,17.90,6212.00,1.0540
8487748,"K03905.01","FALSE POSITIVE",1.061934313,3.194,607,70.00,4304.00,0.5660
9892856,"K03906.01","FALSE POSITIVE",2.406574511,3.4382,738,63.90,6167.00,1.1070
7137213,"K03907.01","FALSE POSITIVE",28.64338839,1.2246,624.3,23.10,6507.00,1.7670
10363115,"K03908.01","CONFIRMED",59.3627946,13.972,233.6,51.50,5786.00,1.4710
5966810,"K03909.01","CANDIDATE",247.891041,18.363,956.6,34.60,6121.00,1.5360
10491062,"K03910.01","FALSE POSITIVE",2.199076661,6.11,777.4,56.20,5310.00,0.7910
9761615,"K03911.01","CONFIRMED",1.79110997,2.0917,167.5,24.30,6040.00,0.9990
4058881,"K03912.01","FALSE POSITIVE",7.77241144,5.272,286.9,18.90,6014.00,0.9930
10281221,"K03913.01","CANDIDATE",0.582895412,1.0528,587.5,87.00,6263.00,1.0090
5471496,"K03914.01","FALSE POSITIVE",12.42618005,28.1949,1522.8,113.10,4624.00,0.6840
4544620,"K03915.01","FALSE POSITIVE",2.189090653,5.2094,1027.1,78.30,5401.00,0.7770
5784777,"K03916.01","CONFIRMED",5.33905606,1.6415,755.5,28.90,5057.00,0.7040
11466960,"K03917.01","FALSE POSITIVE",0.695954898,1.469,318.1,8.50,6737.00,1.4250
3124420,"K03918.01","FALSE POSITIVE",0.948951607,4.3809,458463,437.10,5780.00,1.0000
4649440,"K03919.01","FALSE POSITIVE",19.37070781,2.2466,653.2,38.40,5321.00,4.3350
2437488,"K03920.01","FALSE POSITIVE",14.46993942,7.455,1235.3,41.90,4735.00,9.0430
10083623,"K03921.01","FALSE POSITIVE",1.278555003,1.4247,1478,93.80,5636.00,0.8270
7024530,"K03922.01","FALSE POSITIVE",66.1539783,5.896,6951,57.70,6077.00,0.9990
5015459,"K03923.01","FALSE POSITIVE",158.3226379,2.1881,4863,34.50,4340.00,0.5720
1433980,"K03924.01","FALSE POSITIVE",1.592634161,8.9488,155156,1207.60,6574.00,1.7680
10788461,"K03925.01","CONFIRMED",9.2075634,3.365,1243.1,43.40,5678.00,1.3030
10788461,"K03925.02","CONFIRMED",2.5903958,2.088,330.9,18.30,5678.00,1.3030
10788461,"K03925.03","CONFIRMED",5.3235335,2.714,342.4,14.60,5678.00,1.3030
11667548,"K03926.01","FALSE POSITIVE",0.831741499,2.297,1231.1,110.90,6343.00,1.1400
8868649,"K03927.01","FALSE POSITIVE",4.44737112,19.45,224.4,93.00,5472.00,0.9810
4242692,"K03928.01","CONFIRMED",1.138548215,2.1482,66.2,31.50,6520.00,1.7130
8781480,"K03929.01","FALSE POSITIVE",121.0598037,3.112,1563,16.60,3942.00,60.6880
11607176,"K03930.01","FALSE POSITIVE",3.28274272,8.9,292.8,68.20,5741.00,0.8200
10661718,"K03931.01","FALSE POSITIVE",1.231361934,5.433,471,94.70,6095.00,1.0160
6137681,"K03932.01","FALSE POSITIVE",356.535835,5.467,3113,25.70,5385.00,0.7500
11244682,"K03933.01","CONFIRMED",3.490785878,1.4513,336.8,32.70,5496.00,0.7250
9655419,"K03934.01","FALSE POSITIVE",1.92149487,1.891,1006,11.60,6831.00,2.2470
5895158,"K03935.01","CONFIRMED",1.093665854,1.4399,218.4,33.50,5845.00,0.8740
4947556,"K03936.01","CANDIDATE",141.608555,7.685,1263.1,43.30,5083.00,0.8440
4947556,"K03936.02","CONFIRMED",13.0267964,0.785,356.6,11.40,5083.00,0.8440
7362696,"K03937.01","FALSE POSITIVE",4.93129874,1.8626,676.1,31.70,5457.00,0.7790
3865595,"K03938.01","FALSE POSITIVE",5.59187448,1.6782,236.4,31.90,3915.00,58.3250
9593528,"K03939.01","FALSE POSITIVE",1.88665445,1.343,2098,15.80,6296.00,1.2490
5195945,"K03940.01","FALSE POSITIVE",14.53682228,3.195,1032.3,40.80,4946.00,5.8550
8552587,"K03941.01","FALSE POSITIVE",1.061935973,3.3177,337.9,101.20,6274.00,1.0620
6019872,"K03942.01","FALSE POSITIVE",1.485898163,2.446,224.6,32.80,5088.00,0.7270
7679812,"K03943.01","CONFIRMED",38.5763483,19.861,282.1,76.30,6167.00,1.2210
4864734,"K03944.01","FALSE POSITIVE",1.845610523,2.337,374.1,33.30,5974.00,2.9780
3121340,"K03945.01","FALSE POSITIVE",0.723947772,2.125,242.7,17.70,5160.00,2.8970
8636434,"K03946.01","CONFIRMED",308.544422,18.503,586.8,56.80,6325.00,1.3490
5952366,"K03947.01","FALSE POSITIVE",0.905679492,2.1164,2299,59.30,5780.00,1.0000
5952366,"K03947.02","FALSE POSITIVE",22.735911,42.435,2311,69.40,5780.00,1.0000
6045250,"K03948.01","FALSE POSITIVE",0.909310626,3.4411,12126.6,454.00,6370.00,1.1060
5598595,"K03949.01","FALSE POSITIVE",0.648774274,2.643,231,26.10,5026.00,0.7290
4544572,"K03950.01","FALSE POSITIVE",2.189092892,5.1128,1871.5,150.70,6106.00,0.9660
5738634,"K03951.01","FALSE POSITIVE",2.40435335,4.07,70.6,27.10,6103.00,3.3580
10152836,"K03952.01","FALSE POSITIVE",220.9290121,7.335,2456.5,70.40,5893.00,0.9410
10651816,"K03953.01","FALSE POSITIVE",3.1877519,14.836,452.3,83.20,5532.00,0.8960
8030339,"K03954.01","FALSE POSITIVE",0.65244373,1.471,610.7,41.80,5638.00,0.8830
8030339,"K03954.02","CONFIRMED",5.71668787,1.97,431.7,11.80,5638.00,0.8830
9899414,"K03955.01","FALSE POSITIVE",1.332564704,5.9775,1049.5,124.00,6046.00,0.9720
5471059,"K03956.01","FALSE POSITIVE",2.636899795,0.9105,426.2,27.60,5524.00,0.8470
5471059,"K03956.02","FALSE POSITIVE",12.4249559,16.332,110.4,17.60,5524.00,0.8470
7458309,"K03957.01","FALSE POSITIVE",0.660629055,5.894,231.6,103.30,6024.00,0.8490
7777372,"K03958.01","FALSE POSITIVE",0.885123683,3.3865,113.3,42.00,5979.00,0.9980
9282769,"K03959.01","FALSE POSITIVE",1.332567005,6.3373,401.3,110.60,6388.00,1.2230
7777416,"K03960.01","FALSE POSITIVE",2.54557259,5.636,529,36.00,5718.00,0.8630
7597005,"K03961.01","FALSE POSITIVE",0.704541784,1.0726,275.2,38.40,6063.00,1.0120
5479717,"K03962.01","FALSE POSITIVE",0.697996932,4.3323,9094.6,244.10,5176.00,0.6950
3764714,"K03963.01","FALSE POSITIVE",6.63449721,22.982,919.1,160.10,6487.00,2.8170
9957351,"K03964.01","FALSE POSITIVE",0.991105114,2.2137,286389,273.80,4769.00,0.5780
5385575,"K03965.01","FALSE POSITIVE",12.425580393,57.2012,1131,58.80,4594.00,0.7430
3732035,"K03966.01","CONFIRMED",138.944022,10.611,530.2,28.00,6014.00,1.1150
5385697,"K03967.01","FALSE POSITIVE",12.4260454,27.7691,582.1,55.70,5645.00,0.8170
5385697,"K03967.02","FALSE POSITIVE",12.4260002,30.1966,468.6,47.80,5645.00,0.8170
8823833,"K03968.01","FALSE POSITIVE",1.50650136,3.1126,66.9,41.90,5607.00,0.9480
5475494,"K03969.01","FALSE POSITIVE",0.73619448,1.1148,247.3,27.20,6355.00,1.0900
9412445,"K03970.01","FALSE POSITIVE",10.18670759,7.498,261.2,35.50,3995.00,0.5550
7866914,"K03971.01","FALSE POSITIVE",365.994154,13.071,698.5,23.80,6074.00,0.9650
6057684,"K03972.01","FALSE POSITIVE",0.54028956,3.619,293.5,58.40,5997.00,0.9930
11568224,"K03973.01","FALSE POSITIVE",0.882131829,6.8106,3620.9,70.60,6168.00,0.9110
7938883,"K03974.01","FALSE POSITIVE",0.489682339,1.7495,431674,628.20,3898.00,0.5300
9280239,"K03975.01","CONFIRMED",364.751562,13.057,1481.5,25.50,4386.00,0.6300
4544571,"K03976.01","FALSE POSITIVE",2.189098506,5.1498,2533.7,194.90,5681.00,0.8590
3245661,"K03977.01","FALSE POSITIVE",0.7088055,3.6789,17575,195.60,5989.00,0.9080
10090219,"K03978.01","FALSE POSITIVE",2.28612573,12.408,301.6,45.30,6063.00,1.0120
9899217,"K03979.01","FALSE POSITIVE",1.33254971,4.69,158.3,35.30,6150.00,1.0040
6750902,"K03980.01","FALSE POSITIVE",0.469334634,0.8864,340.4,49.10,5888.00,1.0080
5895588,"K03981.01","FALSE POSITIVE",0.849277809,3.137,690.8,17.10,5743.00,0.8530
5303557,"K03982.01","FALSE POSITIVE",2.399081606,4.384,6071.6,89.90,5780.00,1.0000
10227863,"K03983.01","FALSE POSITIVE",5.14072621,27.24,145.6,44.50,5751.00,1.0350
8036287,"K03984.01","CONFIRMED",1.44445234,0.9753,200.7,20.90,5305.00,1.4490
9602562,"K03985.01","FALSE POSITIVE",3.55653637,8.7,202.5,23.10,5950.00,1.1140
10668665,"K03986.01","FALSE POSITIVE",9.60853601,3.672,584.4,19.30,6377.00,1.1580
10407020,"K03987.01","FALSE POSITIVE",0.933747751,3.9236,76.6,49.50,6985.00,2.1870
5385491,"K03988.01","FALSE POSITIVE",12.425484,28.0218,117.2,43.00,5478.00,1.0170
5551504,"K03989.01","FALSE POSITIVE",1.204529346,1.62,86.9,11.10,5340.00,1.5040
6421503,"K03990.01","FALSE POSITIVE",2.15839583,8.09,352.2,38.90,5272.00,0.6620
10352333,"K03991.01","CANDIDATE",1.570592397,0.623,214.4,29.70,5519.00,0.9210
3228988,"K03992.01","FALSE POSITIVE",0.73094701,4.223,227.7,31.20,5767.00,0.8370
2970804,"K03993.01","FALSE POSITIVE",0.686994057,3.5252,2797.1,136.60,5780.00,1.0000
7552701,"K03994.01","FALSE POSITIVE",1.324247867,1.4759,83.3,26.50,6557.00,1.4060
7418173,"K03995.01","FALSE POSITIVE",0.780632043,1.4109,736.5,141.00,5354.00,2.1800
3228804,"K03996.01","FALSE POSITIVE",0.730947169,4.396,248,49.10,5514.00,0.8260
2442359,"K03997.01","FALSE POSITIVE",0.552834211,1.2887,145.7,30.00,5132.00,2.6480
7707742,"K03998.01","FALSE POSITIVE",0.758354475,4.56811,581782,1560.50,7131.00,1.8300
2010191,"K03999.01","FALSE POSITIVE",3.43525124,4.509,152.2,6.30,5854.00,1.7420
5471675,"K04000.01","FALSE POSITIVE",0.962828092,4.411,63,22.70,6552.00,3.4400
5471675,"K04000.02","FALSE POSITIVE",12.427135,12.81,32.5,4.20,6561.00,1.8210
9851943,"K04001.01","FALSE POSITIVE",1.081935491,5.136,202.9,33.90,4938.00,0.7180
5773121,"K04002.01","CONFIRMED",0.524175803,0.7648,236.8,22.40,5278.00,0.8150
2708420,"K04003.01","FALSE POSITIVE",1.89129881,5.294,82,29.80,5806.00,0.8930
4814502,"K04004.01","CONFIRMED",4.94330596,2.9334,126.2,27.70,5661.00,1.0080
8142787,"K04005.01","CONFIRMED",178.139072,9.654,678.8,20.30,5431.00,0.8790
5471690,"K04006.01","FALSE POSITIVE",12.4247333,16.828,40.5,19.30,6632.00,2.1930
5471690,"K04006.02","FALSE POSITIVE",0.962815183,2.581,20.7,12.10,6638.00,2.4450
8376848,"K04007.01","CANDIDATE",11.4927112,7.764,291.5,18.70,6198.00,1.0050
5350447,"K04008.01","FALSE POSITIVE",70.7511986,6.198,858.1,24.10,5771.00,0.9360
8934103,"K04009.01","CONFIRMED",175.13892,10.767,634.5,17.90,5497.00,1.2410
8934103,"K04009.02","CANDIDATE",77.792718,6.08,287.9,9.10,5497.00,1.2410
5288577,"K04010.01","FALSE POSITIVE",1.72853003,3.819,99.1,24.00,6701.00,2.2370
11969988,"K04011.01","FALSE POSITIVE",2.19068738,4.41,66.3,44.10,6208.00,1.9750
8483258,"K04012.01","FALSE POSITIVE",372.16478,11.288,2074,23.50,6194.00,1.1290
4832225,"K04013.01","FALSE POSITIVE",0.947730124,1.1171,152.5,18.00,9464.00,2.1840
9009953,"K04014.01","CONFIRMED",234.240739,12.925,464.1,27.70,5814.00,1.2480
8282846,"K04015.01","CONFIRMED",133.303247,7.342,1017.5,20.60,5064.00,0.8640
5938970,"K04016.01","CONFIRMED",125.4132302,2.3241,1345,22.60,4641.00,0.7470
8381693,"K04017.01","FALSE POSITIVE",21.5702917,40.4,148.7,41.00,6070.00,1.6280
4929299,"K04018.01","FALSE POSITIVE",0.868723418,1.4617,197.1,23.80,5761.00,1.0460
10075409,"K04019.01","FALSE POSITIVE",360.33012,15.16,1022,12.20,5054.00,0.7400
7038096,"K04020.01","FALSE POSITIVE",0.566803149,1.643,246,52.60,6147.00,1.0960
11967788,"K04021.01","CANDIDATE",7.23531329,3.338,112.2,14.00,6422.00,1.4210
11967788,"K04021.02","CANDIDATE",4.93211932,3.144,50.5,7.50,6422.00,1.4210
7733731,"K04022.01","CANDIDATE",4.85819429,5.356,76.3,25.20,6109.00,2.3260
6862332,"K04023.01","FALSE POSITIVE",119.0192648,8.1,1977,31.10,5754.00,0.9050
10714072,"K04024.01","CONFIRMED",8.40693068,1.866,167.1,6.80,5365.00,1.5330
10992011,"K04025.01","FALSE POSITIVE",0.974479091,1.866,221.2,25.30,5043.00,0.8190
4067110,"K04026.01","FALSE POSITIVE",0.735146413,5.053,275.4,78.00,6611.00,7.4350
8694309,"K04027.01","FALSE POSITIVE",0.827351796,2.1885,44.7,30.60,5609.00,1.3100
7818447,"K04028.01","FALSE POSITIVE",0.618952198,2.8244,8324.1,259.30,2661.00,0.1160
11569475,"K04029.01","FALSE POSITIVE",1.31723412,7.284,422.7,78.40,6740.00,12.0800
9551430,"K04030.01","FALSE POSITIVE",7.7553808,22.321,839.6,55.90,5607.00,0.7660
9551430,"K04030.02","CANDIDATE",163.51489847,3.08,,,,
3228986,"K04031.01","FALSE POSITIVE",0.730949487,2.367,87.3,15.80,6238.00,1.1910
7100673,"K04032.01","CONFIRMED",3.95116635,2.566,60.9,20.40,5574.00,1.0650
7100673,"K04032.02","CONFIRMED",2.89223998,2.521,44.3,17.30,5574.00,1.0650
7100673,"K04032.03","CONFIRMED",5.99273265,2.6502,69.8,19.20,5574.00,1.0650
7100673,"K04032.04","CONFIRMED",5.10110666,2.657,65.1,19.50,5574.00,1.0650
7100673,"K04032.05","CANDIDATE",7.23524221,2.685,60,15.20,5574.00,1.0650
4138557,"K04033.01","FALSE POSITIVE",0.991552822,1.135,607.2,17.30,5908.00,1.8620
10089911,"K04034.01","CONFIRMED",6.96704926,3.73,213.7,18.60,6303.00,3.5300
10089911,"K04034.02","CANDIDATE",11.6089351,2.957,199.6,8.70,6303.00,3.5300
3247404,"K04035.01","FALSE POSITIVE",8.8109721,4.822,24048,26.00,5780.00,1.0000
11415243,"K04036.01","CONFIRMED",168.81133,6.582,614.4,15.30,4798.00,0.7070
8264402,"K04037.01","CANDIDATE",215.956008,10.425,392.7,23.30,6163.00,1.3130
7773179,"K04038.01","FALSE POSITIVE",2.15681538,5.115,106.5,22.60,6084.00,0.9830
11145831,"K04039.01","FALSE POSITIVE",1.387838134,2.252,136.8,20.40,6273.00,1.0440
11444952,"K04040.01","FALSE POSITIVE",0.678349364,3.092,486,12.00,5569.00,0.8290
8647295,"K04041.01","FALSE POSITIVE",1.022028468,8.866,1344.5,184.50,5445.00,0.8550
3444098,"K04042.01","FALSE POSITIVE",0.72359699,1.326,495.6,14.80,8855.00,2.8580
5112567,"K04043.01","FALSE POSITIVE",1.6156052,14.55,1582,253.10,6770.00,1.6230
5201115,"K04044.01","FALSE POSITIVE",1.728521892,3.361,92.2,30.20,5872.00,1.1570
2708203,"K04045.01","FALSE POSITIVE",1.89125855,5.415,67.9,24.80,6569.00,0.9270
4150496,"K04046.01","FALSE POSITIVE",8.65312868,3.376,508.6,22.60,5880.00,0.8930
4150496,"K04046.02","FALSE POSITIVE",94.22498,22.445,346.3,15.50,5880.00,0.8930
9655005,"K04047.01","FALSE POSITIVE",1.39862757,9.625,45.5,59.60,7872.00,3.3670
10272389,"K04048.01","FALSE POSITIVE",4.56447463,6.415,208.4,42.60,5270.00,0.7700
4679687,"K04049.01","FALSE POSITIVE",1.027904857,1.6381,2381.2,117.80,5432.00,0.8720
7968683,"K04050.01","FALSE POSITIVE",367.95566,21.877,1414.1,13.70,4723.00,0.6960
10360722,"K04051.01","CONFIRMED",163.692336,6.853,1138,21.00,4999.00,0.8430
9091755,"K04052.01","FALSE POSITIVE",1.106529843,6.258,319.5,69.20,5932.00,0.7980
1718958,"K04053.01","CONFIRMED",1.41975831,1.429,60.9,8.10,5925.00,1.0350
6428794,"K04054.01","CONFIRMED",169.135056,8.931,640.7,24.50,5171.00,0.8010
3228825,"K04055.01","FALSE POSITIVE",0.73095491,2.206,29.6,7.50,6454.00,1.5870
4673628,"K04056.01","CONFIRMED",3.951383138,1.0582,405.7,23.90,5570.00,0.8990
3757407,"K04057.01","FALSE POSITIVE",9.089151782,3.1886,110.1,7.10,6729.00,4.0990
4769931,"K04058.01","FALSE POSITIVE",1.87886973,3.876,181.9,23.90,5448.00,0.7340
9220612,"K04059.01","FALSE POSITIVE",0.979161676,2.942,160.2,20.20,5390.00,0.7800
9086154,"K04060.01","CANDIDATE",225.26213,14.459,389.2,24.60,5799.00,1.1910
6806695,"K04061.01","FALSE POSITIVE",0.855922327,1.514,130.9,21.10,5437.00,0.7590
11858979,"K04062.01","FALSE POSITIVE",3.05933906,1.7332,1169.2,37.70,6238.00,1.1160
5900390,"K04063.01","FALSE POSITIVE",0.624677585,2.411,37.3,31.00,9653.00,1.9960
5444334,"K04064.01","FALSE POSITIVE",0.759763198,3.083,202.5,30.80,5520.00,0.8180
10139620,"K04065.01","FALSE POSITIVE",372.37369,12.33,666.1,15.60,6109.00,1.0290
8686373,"K04066.01","CONFIRMED",126.55719,8.079,366.4,24.80,6501.00,1.8540
5530112,"K04067.01","CONFIRMED",9.6887216,2,655.5,18.10,6457.00,1.1960
6226908,"K04068.01","CONFIRMED",19.597317,4.508,1014.1,23.70,5569.00,1.0190
5906694,"K04069.01","CONFIRMED",13.06243545,3.244,464.3,21.40,4522.00,0.6550
10186945,"K04070.01","FALSE POSITIVE",0.793663156,0.8244,186.2,23.70,5077.00,0.8250
2708286,"K04071.01","FALSE POSITIVE",1.89131005,5.687,155.6,18.70,5706.00,1.1200
6755944,"K04072.01","CONFIRMED",0.692978457,1.1366,61,20.90,6105.00,2.3040
10419797,"K04073.01","FALSE POSITIVE",87.140633,18.11,,,,
6515335,"K04074.01","FALSE POSITIVE",185.53285,31.46,877,19.90,5817.00,0.8700
7777471,"K04075.01","FALSE POSITIVE",0.885131111,3.377,93.2,23.40,5904.00,0.8670
9455677,"K04076.01","CONFIRMED",124.827797,6.479,647.5,17.10,5349.00,1.0320
7690855,"K04077.01","FALSE POSITIVE",0.786260569,4.556,877.1,246.00,4223.00,0.5570
5649837,"K04078.01","FALSE POSITIVE",0.597934463,3.1225,515,72.20,6052.00,0.8630
10141938,"K04079.01","FALSE POSITIVE",360.76458,21.22,383.7,10.00,5513.00,0.7240
5036480,"K04080.01","FALSE POSITIVE",1.061002863,1.962,142.4,15.70,5767.00,0.8810
10275077,"K04081.01","FALSE POSITIVE",363.35755,19.85,395.3,13.90,5086.00,1.7830
6592832,"K04082.01","FALSE POSITIVE",0.924821319,2.594,122.4,24.30,6135.00,0.9740
8524346,"K04083.01","FALSE POSITIVE",4.4697452,5.33,241.5,33.80,6102.00,1.1250
3937814,"K04084.01","CONFIRMED",214.881456,9.581,759.2,16.10,5323.00,0.9950
3937814,"K04084.02","CANDIDATE",10.72900793,0.696,404.3,10.10,5375.00,0.8760
3937814,"K04084.03","CANDIDATE",8.19619768,2.109,197.4,9.30,5323.00,0.9950
5041847,"K04085.01","FALSE POSITIVE",0.914468919,2.695,3426.3,189.00,5762.00,0.9890
3836558,"K04086.01","FALSE POSITIVE",1.54039744,1.787,127.6,7.00,5649.00,0.8840
6106282,"K04087.01","CONFIRMED",101.1107014,8.029,878.1,24.10,4133.00,0.5610
4946584,"K04088.01","FALSE POSITIVE",0.907943645,1.9144,1028.9,53.70,6434.00,1.1660
11972872,"K04089.01","FALSE POSITIVE",0.531106622,3.0293,5133.6,286.20,4978.00,0.7620
9899233,"K04090.01","FALSE POSITIVE",1.332547503,4.521,130.3,25.50,6077.00,0.9990
3103227,"K04091.01","CONFIRMED",225.585245,11.166,754.9,18.60,5929.00,1.3630
4850961,"K04092.01","CONFIRMED",24.4972683,5.43,449.1,19.50,6392.00,1.1620
8521059,"K04093.01","FALSE POSITIVE",0.535578808,1.7973,193.6,38.30,6610.00,1.3130
8128247,"K04094.01","FALSE POSITIVE",3.57017774,4.473,79.6,8.90,3812.00,69.0010
6276994,"K04095.01","FALSE POSITIVE",1.10601182,2.577,52.9,15.50,6241.00,1.0310
9674564,"K04096.01","FALSE POSITIVE",6.873655305,3.5415,181.3,3.40,5668.00,0.9120
5688683,"K04097.01","CONFIRMED",2.790643481,0.6871,202,20.20,4353.00,0.6030
5688683,"K04097.02","CANDIDATE",4.44902309,1.373,88.9,10.40,4353.00,0.6030
8222627,"K04098.01","CANDIDATE",1.121733366,1.032,84.3,13.60,5023.00,2.5710
8951205,"K04099.01","CONFIRMED",4.95060632,1.719,309.5,17.40,5431.00,0.7170
5700900,"K04100.01","FALSE POSITIVE",379.08202,33.87,1609.1,23.20,5982.00,0.9600
7026477,"K04101.01","FALSE POSITIVE",366.31509,12.41,336,13.00,6705.00,1.5240
2708278,"K04102.01","FALSE POSITIVE",1.89124187,4.415,105.8,20.80,5285.00,0.9270
3747817,"K04103.01","CONFIRMED",184.77271,9.568,951.4,21.00,5273.00,0.8010
3747817,"K04103.02","CANDIDATE",14.2378417,4.86,193,10.50,5273.00,0.8010
8483366,"K04104.01","FALSE POSITIVE",392.49728,10.53,1062,14.50,5737.00,0.8720
7758018,"K04105.01","CANDIDATE",363.41165,14.79,961.7,17.40,6025.00,0.9990
11017094,"K04106.01","FALSE POSITIVE",0.708563091,6.347,414.5,90.80,5271.00,0.6480
5956633,"K04107.01","FALSE POSITIVE",366.24282,15.76,733.7,18.20,5713.00,0.8930
9899065,"K04108.01","FALSE POSITIVE",1.33256418,4.701,162.3,20.70,5157.00,0.6200
7907808,"K04109.01","CANDIDATE",0.655939788,1.318,73,18.70,4968.00,1.7550
5471792,"K04110.01","FALSE POSITIVE",12.4258833,24.83,93.6,34.40,5611.00,1.6320
2708343,"K04111.01","FALSE POSITIVE",1.8913182,4.374,202.3,17.60,4476.00,0.6330
3348090,"K04112.01","FALSE POSITIVE",2.43585046,2.088,60.5,14.90,6501.00,3.2470
9282762,"K04113.01","FALSE POSITIVE",1.33255441,3.828,106.7,15.10,6099.00,1.0280
3117046,"K04114.01","FALSE POSITIVE",359.1015,11.461,496.5,12.90,6373.00,1.0470
6311520,"K04115.01","FALSE POSITIVE",0.941840589,5.06,388.3,23.00,6419.00,1.1420
5092655,"K04116.01","FALSE POSITIVE",0.783258387,2.2926,328.5,28.50,5067.00,0.7150
3955817,"K04117.01","CONFIRMED",4.24263096,2.582,187.6,15.90,5072.00,0.8250
10661778,"K04118.01","FALSE POSITIVE",1.231363214,5.8101,4774.7,112.70,5780.00,1.0000
5513857,"K04119.01","FALSE POSITIVE",0.755101928,3.044,119.8,18.10,5465.00,0.8190
9700449,"K04120.01","CANDIDATE",110.461746,12.46,331.2,15.80,6321.00,1.0580
6349881,"K04121.01","CONFIRMED",198.088873,7.955,1027.7,18.00,5275.00,0.9690
9851970,"K04122.01","FALSE POSITIVE",1.08193721,4.788,115.3,14.40,4965.00,0.7360
6140059,"K04123.01","CANDIDATE",44.6226725,12.974,131.9,20.60,6198.00,1.2390
5726910,"K04124.01","FALSE POSITIVE",2.43142974,2.713,146.6,10.70,5750.00,0.9650
9099950,"K04125.01","FALSE POSITIVE",1.111362442,6.24,133.9,36.80,6486.00,2.3080
9272070,"K04126.01","CONFIRMED",8.10503551,4.459,209.9,16.50,6201.00,0.9890
5088400,"K04127.01","CONFIRMED",8.82715783,2.019,368.6,11.10,5550.00,0.8780
4669402,"K04128.01","FALSE POSITIVE",143.196381,10.424,618.1,17.40,6007.00,1.0600
11970988,"K04129.01","CANDIDATE",2.31482311,2.127,58.6,14.20,5240.00,0.9230
10858803,"K04130.01","FALSE POSITIVE",0.952374508,3.006,204.8,33.00,4754.00,0.8210
6129694,"K04131.01","FALSE POSITIVE",0.936751792,5.658,26.4,23.00,7843.00,2.9090
6129694,"K04131.02","FALSE POSITIVE",241.0122,1.19,216.1,4.10,7843.00,2.9090
5957181,"K04132.01","FALSE POSITIVE",393.34331,9.481,1750,21.20,3994.00,0.5540
7601918,"K04133.01","FALSE POSITIVE",0.621361411,1.0628,45,24.60,6234.00,1.6600
6119877,"K04134.01","FALSE POSITIVE",250.23760741,16.58,,,,
5386264,"K04135.01","FALSE POSITIVE",12.435190544,3.8305,71.9,4.80,4756.00,0.6200
7256914,"K04136.01","CANDIDATE",2.41750021,4.33,58.2,15.20,5575.00,1.3080
7256914,"K04136.02","CANDIDATE",4.03357434,5.886,66.2,15.50,5575.00,1.3080
3542222,"K04137.01","FALSE POSITIVE",0.504426087,1.6276,614.5,81.70,6043.00,0.9010
4636565,"K04138.01","FALSE POSITIVE",2.81401302,5.801,55.7,33.80,5541.00,1.9670
9956082,"K04139.01","CONFIRMED",3.74031708,2.394,165.6,15.60,6260.00,1.0630
7761585,"K04140.01","FALSE POSITIVE",205.30627,7.86,671,6.40,6045.00,0.9550
3241248,"K04141.01","FALSE POSITIVE",0.978046982,2.6137,838.8,105.20,5100.00,4.5690
9716302,"K04142.01","FALSE POSITIVE",1.332566763,4.001,384.9,18.20,5134.00,0.7520
10294509,"K04143.01","FALSE POSITIVE",1.85447373,2.665,306.8,18.90,5341.00,0.7430
3112129,"K04144.01","CANDIDATE",0.487656278,1.0129,109.8,25.10,5957.00,0.9370
3103212,"K04145.01","CANDIDATE",3.25424652,5.378,82.1,18.30,5692.00,1.0040
10000941,"K04146.01","CONFIRMED",3.50472344,1.9464,90.7,18.40,5115.00,0.8540
10000941,"K04146.02","CANDIDATE",2.5738437,1.92,46.6,10.90,5115.00,0.8540
8029197,"K04147.01","FALSE POSITIVE",2.15292788,3.043,41.4,21.50,5851.00,1.5550
12257886,"K04148.01","FALSE POSITIVE",2.61585431,6.519,169.8,26.90,6131.00,0.9450
10875007,"K04149.01","CANDIDATE",9.54699216,5.063,143,17.40,6274.00,1.2320
10875007,"K04149.02","CANDIDATE",14.708641,5.394,130.6,12.80,6274.00,1.2320
11465651,"K04150.01","CONFIRMED",31.3351094,6.071,264.9,16.70,6404.00,1.1420
5217574,"K04151.01","FALSE POSITIVE",0.89486317,2.657,172,16.10,5764.00,0.8630
7199060,"K04152.01","CANDIDATE",64.1862264,8.485,507.3,18.60,6951.00,2.7580
8439323,"K04153.01","CONFIRMED",4.62602867,0.643,346.9,14.70,5834.00,0.7970
5551228,"K04154.01","FALSE POSITIVE",368.71479,16.46,1210,10.90,5716.00,0.8720
5551228,"K04154.02","FALSE POSITIVE",122.906853,15.97,819.7,19.90,5692.00,0.8660
5471271,"K04155.01","FALSE POSITIVE",12.422216754,6.5533,54.5,11.00,6231.00,1.0840
5881120,"K04156.01","CONFIRMED",4.85018974,5.676,64.5,15.80,6032.00,0.9730
4548098,"K04157.01","CONFIRMED",3.82315697,2.388,47.2,8.90,6202.00,1.1220
4548098,"K04157.02","CANDIDATE",5.215752,1.13,46.8,5.10,6202.00,1.1220
5306383,"K04158.01","FALSE POSITIVE",0.842336445,1.519,80.1,8.80,5765.00,0.9980
6607644,"K04159.01","CONFIRMED",0.971915957,1.6023,73.7,16.70,5196.00,0.8890
7610663,"K04160.01","CONFIRMED",3.03196812,1.723,81.5,15.80,5755.00,0.9930
5565707,"K04161.01","FALSE POSITIVE",1.2940561,0.97,51.2,6.40,6635.00,7.1460
1293031,"K04162.01","FALSE POSITIVE",0.53936593,5.434,145,57.60,6341.00,5.3020
6463499,"K04163.01","FALSE POSITIVE",94.446856,7.502,436.4,20.00,5780.00,2.4780
8254882,"K04164.01","FALSE POSITIVE",0.92565941,1.488,30,11.20,6058.00,1.6120
6042031,"K04165.01","FALSE POSITIVE",0.537110149,1.7976,92,41.10,5395.00,2.5370
4078311,"K04166.01","CONFIRMED",9.84262076,1.6018,626.4,16.80,5585.00,0.9720
5475735,"K04167.01","FALSE POSITIVE",2.99194823,4.39,99.6,18.20,5269.00,0.7270
9402583,"K04168.01","FALSE POSITIVE",0.536544193,2.918,159.5,25.30,5041.00,0.7280
7838675,"K04169.01","CONFIRMED",1.005205893,1.63,97.5,15.00,5718.00,0.8630
8700537,"K04170.01","FALSE POSITIVE",43.796785,18.84,256.3,21.20,6109.00,0.9410
10858785,"K04171.01","FALSE POSITIVE",0.952371227,3.926,352.5,42.60,6086.00,0.9210
9640907,"K04172.01","FALSE POSITIVE",1.089088292,1.8599,141.7,1.80,6194.00,1.0690
9490653,"K04173.01","FALSE POSITIVE",1.227986164,1.551,150.5,14.80,5746.00,0.9310
3328027,"K04174.01","FALSE POSITIVE",2.11548883,4.008,169.5,17.60,5952.00,0.9710
9640931,"K04175.01","FALSE POSITIVE",2.17815196,2.445,245,17.90,5357.00,0.7000
5125196,"K04176.01","FALSE POSITIVE",342.315407,12.476,719.7,13.30,6425.00,1.1640
9640962,"K04177.01","FALSE POSITIVE",1.089077224,2.705,152.7,18.70,5118.00,0.8300
5197233,"K04178.01","CANDIDATE",7.016016,3.8,169,6.30,6642.00,1.1360
10936786,"K04179.01","FALSE POSITIVE",0.569961046,1.446,44.2,18.90,5814.00,1.5490
6938264,"K04180.01","FALSE POSITIVE",1.121634781,1.155,71.5,14.80,4518.00,0.7200
9899315,"K04181.01","FALSE POSITIVE",1.33256979,3.293,104.2,18.40,6089.00,0.9500
9899315,"K04181.02","FALSE POSITIVE",164.689421,1.847,521,4.60,6089.00,0.9500
9541089,"K04182.01","FALSE POSITIVE",0.536650896,4.702,273.2,117.80,5819.00,0.8810
10858737,"K04183.01","FALSE POSITIVE",0.952378454,3.892,43.8,17.40,6963.00,1.3750
6752002,"K04184.01","CONFIRMED",6.08003714,1.308,184,17.70,4991.00,0.8040
7257966,"K04185.01","CONFIRMED",3.035206175,0.6182,696.9,19.10,5505.00,0.8730
9406892,"K04186.01","FALSE POSITIVE",2.21316437,3.874,116.1,27.90,5921.00,0.8300
3124598,"K04187.01","FALSE POSITIVE",7.07162308,2.587,123,16.90,6313.00,1.2590
6879171,"K04188.01","CONFIRMED",6.96352699,3.192,68.1,17.40,6040.00,1.6860
9897364,"K04189.01","CONFIRMED",64.2729088,12.136,1213.9,27.40,6341.00,1.2990
12505503,"K04190.01","CONFIRMED",3.4327371,4.001,63.2,15.30,5757.00,0.8810
3548639,"K04191.01","FALSE POSITIVE",13.8452726,2.555,93.2,10.40,6845.00,2.3240
9828127,"K04192.01","CONFIRMED",18.0541469,4.587,283.1,19.30,5505.00,0.9090
9828127,"K04192.02","CANDIDATE",32.0273169,5.144,161.7,8.80,5505.00,0.9090
9092496,"K04193.01","FALSE POSITIVE",94.180473,7.345,1104.4,15.60,6997.00,1.0000
5644412,"K04194.01","CONFIRMED",1.538185321,1.683,277.2,15.20,5107.00,0.7230
9959545,"K04195.01","FALSE POSITIVE",1.332567643,4.284,56.7,24.00,5687.00,0.7900
8179190,"K04196.01","FALSE POSITIVE",0.662457501,1.527,64.1,13.50,6425.00,2.1600
9777724,"K04197.01","FALSE POSITIVE",1.33258458,3.222,127,14.40,6384.00,1.0860
9072639,"K04198.01","CANDIDATE",1.182862515,2.928,22.3,16.50,6017.00,2.6390
5340878,"K04199.01","CONFIRMED",0.539915033,1.1466,97,17.60,5102.00,0.8370
10273903,"K04200.01","FALSE POSITIVE",372.54353,21.83,1106,11.90,5561.00,0.8360
6119921,"K04201.01","FALSE POSITIVE",245.01902,8.56,375.9,10.10,6167.00,1.0100
5084171,"K04202.01","CONFIRMED",153.979362,9.028,792.5,16.10,5858.00,0.9030
3834317,"K04203.01","FALSE POSITIVE",2.18079098,12.13,83.2,69.30,6911.00,3.3390
10593535,"K04204.01","CONFIRMED",20.9254083,6.783,109,15.50,5821.00,1.2100
3450040,"K04205.01","CANDIDATE",1.166960319,1.6823,97.8,17.90,5632.00,0.9040
8487805,"K04206.01","FALSE POSITIVE",0.530959357,2.417,84.4,22.00,5325.00,0.7500
9456281,"K04207.01","CANDIDATE",0.701944362,0.641,210.8,17.10,4236.00,0.5390
5129453,"K04208.01","CANDIDATE",3.05772668,1.819,311,13.70,4483.00,0.7310
7918478,"K04209.01","CANDIDATE",9.9092109,2.552,942,6.40,5396.00,0.7020
11390109,"K04210.01","FALSE POSITIVE",398.40957,11.486,880.3,11.00,6251.00,1.1190
5078025,"K04211.01","FALSE POSITIVE",0.696286519,3.194,120.8,19.70,5904.00,0.8670
5078025,"K04211.02","FALSE POSITIVE",0.696290095,3.839,120.5,19.40,5904.00,0.8670
1724719,"K04212.01","CONFIRMED",5.79179934,3.474,118.5,17.70,6174.00,1.3180
1724719,"K04212.02","CANDIDATE",10.0989634,6.428,57,8.90,6174.00,1.3180
5632701,"K04213.01","FALSE POSITIVE",3.67515329,7.083,56,16.70,5968.00,0.8810
10549924,"K04214.01","FALSE POSITIVE",0.715825886,1.212,40.6,11.00,5640.00,0.9090
9366617,"K04215.01","CONFIRMED",26.5487294,7.968,142,15.30,5456.00,2.1540
6187341,"K04216.01","FALSE POSITIVE",0.492291661,0.894,1107.6,62.00,4971.00,0.7180
5702637,"K04217.01","FALSE POSITIVE",1.0388961,4.755,600.8,14.70,7043.00,1.4500
8309169,"K04218.01","FALSE POSITIVE",293.76887,4.68,462,4.00,6074.00,0.8470
4678919,"K04219.01","FALSE POSITIVE",1.87885327,3.302,120.9,12.10,5851.00,0.8630
5563080,"K04220.01","FALSE POSITIVE",0.785473311,1.3911,339.6,57.00,5356.00,0.8710
6364067,"K04221.01","FALSE POSITIVE",5.2438982,7.881,162.2,18.70,5804.00,0.9270
9183378,"K04222.01","CONFIRMED",3.38557445,1.879,121.9,13.10,5718.00,1.4800
11188254,"K04223.01","FALSE POSITIVE",2.754024,4.15,172.2,13.80,6419.00,1.1880
1724513,"K04224.01","FALSE POSITIVE",1.975208831,1.513,76.3,15.10,6401.00,1.7440
9535876,"K04225.01","FALSE POSITIVE",0.960843605,3.22,141.7,25.50,5708.00,1.1290
9491832,"K04226.01","CANDIDATE",49.564693,8.54,113.5,15.00,5907.00,1.4420
7816665,"K04227.01","FALSE POSITIVE",4.29258258,3.069,369.6,16.10,6137.00,0.9630
9535881,"K04228.01","FALSE POSITIVE",0.960842633,2.6441,2022.9,176.10,7381.00,1.5970
11616596,"K04229.01","FALSE POSITIVE",14.5893928,15.54,,,,
9872831,"K04230.01","CONFIRMED",5.49548533,2.461,85.8,14.20,6157.00,1.3920
6383595,"K04231.01","FALSE POSITIVE",24.9097436,3.856,150.2,9.70,6596.00,1.7570
11509504,"K04232.01","CONFIRMED",2.61576515,2.777,120.4,15.10,6088.00,0.9580
6599949,"K04233.01","FALSE POSITIVE",409.2452,13.06,531.2,12.80,5910.00,0.9110
11611275,"K04234.01","CONFIRMED",6.94245216,3.491,160.8,14.70,6108.00,1.0300
10794974,"K04235.01","CANDIDATE",66.6434565,2.385,277.3,14.80,5751.00,1.1640
2449101,"K04236.01","FALSE POSITIVE",0.739761008,7.589,292.1,34.70,3417.00,0.3500
7259249,"K04237.01","FALSE POSITIVE",0.950735805,1.1434,175.1,17.10,6039.00,1.0050
8678691,"K04238.01","FALSE POSITIVE",369.819993,20.232,1599,42.10,4806.00,0.8390
9640924,"K04239.01","FALSE POSITIVE",2.17815935,1.839,116.3,14.10,6258.00,1.0980
9593773,"K04240.01","FALSE POSITIVE",3.1339356,4.477,203.7,21.40,6137.00,1.0180
9285568,"K04241.01","CONFIRMED",2.55315031,1.849,185.3,15.40,5970.00,0.9080
9514372,"K04242.01","CANDIDATE",145.786556,4.891,378,13.90,5578.00,0.9500
9777757,"K04243.01","FALSE POSITIVE",1.33254212,3.848,37.4,10.60,6613.00,2.2370
5097454,"K04244.01","FALSE POSITIVE",1.288066288,6.4616,10082.6,230.70,5233.00,0.6390
12737015,"K04245.01","CANDIDATE",24.6683831,8.556,109.2,15.30,6059.00,1.5540
5177859,"K04246.01","CONFIRMED",6.98472143,2.724,90.7,11.70,5839.00,1.2270
5177859,"K04246.02","CANDIDATE",8.75630628,2.852,81.9,9.80,5839.00,1.2270
8482059,"K04247.01","CANDIDATE",349.41047,15.02,652.8,17.70,5878.00,0.9450
4568117,"K04248.01","FALSE POSITIVE",0.562563871,1.591,34.6,16.40,6577.00,1.1450
3650049,"K04249.01","FALSE POSITIVE",397.73699,11.76,1131.5,15.30,5313.00,0.7680
9641076,"K04250.01","FALSE POSITIVE",2.17818699,2.686,115.8,15.40,5584.00,0.9320
8741470,"K04251.01","CANDIDATE",6.23968392,0.668,155.9,9.00,5751.00,1.1430
10525049,"K04252.01","CONFIRMED",15.5714121,2.294,173.5,13.00,3872.00,0.5570
9202434,"K04253.01","CANDIDATE",173.2578372,2.027,687,13.50,6392.00,1.1620
8487645,"K04254.01","FALSE POSITIVE",0.530967987,1.812,26.9,24.10,8473.00,2.0520
10407482,"K04255.01","CONFIRMED",6.30558387,2.619,193.1,9.50,4934.00,1.7560
5817613,"K04256.01","FALSE POSITIVE",4.2058608,7.39,182,13.30,5590.00,0.8390
7901016,"K04257.01","CANDIDATE",41.6757509,10.848,142,22.60,5745.00,1.7630
7115925,"K04258.01","FALSE POSITIVE",0.566801617,2.75,24.9,26.40,6287.00,1.6930
5785279,"K04259.01","CANDIDATE",0.909127736,1.431,98.7,13.90,5486.00,0.9960
7429287,"K04260.01","FALSE POSITIVE",371.63327,14.92,107,15.20,5802.00,1.5900
7429287,"K04260.02","FALSE POSITIVE",101.889228,2.71,80.9,8.50,5802.00,1.5900
7429287,"K04260.03","FALSE POSITIVE",358.66044,16.732,133.8,15.60,5619.00,1.4060
7429287,"K04260.04","CANDIDATE",84.799829,15.21,56.1,14.40,5619.00,1.4060
10526887,"K04261.01","CONFIRMED",1.450889836,1.753,135.7,15.70,6046.00,1.0230
9641144,"K04262.01","FALSE POSITIVE",1.089076495,2.274,43.7,15.30,6444.00,1.0790
8572168,"K04263.01","FALSE POSITIVE",1.662710314,1.83,85.9,23.80,6028.00,2.2440
12509829,"K04264.01","CANDIDATE",0.888478095,1.5312,340.4,24.60,5553.00,0.8060
7368137,"K04265.01","FALSE POSITIVE",2.18242002,4.103,69.7,13.80,5808.00,0.7860
9027841,"K04266.01","FALSE POSITIVE",0.503999678,0.5421,975.6,96.80,4898.00,0.5680
7450747,"K04267.01","CONFIRMED",2.20829637,2.841,87.9,12.00,6028.00,1.4540
7826620,"K04268.01","CONFIRMED",0.849906734,1.141,124.3,12.00,4296.00,0.5050
8890924,"K04269.01","CONFIRMED",26.6565737,4.954,163.4,18.80,5159.00,3.0620
8890924,"K04269.02","CANDIDATE",4.4408541,8.083,33.9,12.00,5159.00,3.0620
8483241,"K04270.01","FALSE POSITIVE",373.72257,14.21,470.9,9.60,6004.00,1.0080
5992210,"K04271.01","FALSE POSITIVE",0.641069613,1.033,78.6,10.50,6077.00,0.9610
9302543,"K04272.01","FALSE POSITIVE",1.21475168,6.93,266.1,7.90,6732.00,3.2760
9716028,"K04273.01","CANDIDATE",17.3731821,3.36,71.7,14.00,6180.00,1.5400
6223324,"K04274.01","CANDIDATE",1.97507424,2.61,130.5,15.00,6065.00,0.9470
3336845,"K04275.01","FALSE POSITIVE",0.996864568,1.098,86.7,21.40,5418.00,0.7820
6026924,"K04276.01","CONFIRMED",56.644452,16.551,104.6,21.80,6237.00,2.2950
6525280,"K04277.01","FALSE POSITIVE",1.710319812,2.983,43.6,19.10,5774.00,0.8250
4861784,"K04278.01","FALSE POSITIVE",5.62978034,5.847,379.2,19.10,5497.00,0.8390
5876360,"K04279.01","FALSE POSITIVE",1.050852976,1.6788,41694,143.00,5780.00,1.0000
5026326,"K04280.01","FALSE POSITIVE",1.39772545,4.129,181.3,17.90,6006.00,1.1140
5512580,"K04281.01","FALSE POSITIVE",383.00806,9.71,632.1,7.60,5750.00,0.8820
11670599,"K04282.01","FALSE POSITIVE",0.847588864,2.246,67.1,21.30,6335.00,1.0720
6359820,"K04283.01","FALSE POSITIVE",331.81534,10.56,370.3,7.80,6029.00,0.9560
10156055,"K04284.01","FALSE POSITIVE",2.42803503,3.045,73.8,8.80,6609.00,0.9740
8418018,"K04285.01","FALSE POSITIVE",372.94844,13.879,253.5,17.10,5763.00,0.8270
5024177,"K04286.01","FALSE POSITIVE",0.787120016,3.1648,265.5,43.30,6112.00,0.7870
11081504,"K04287.01","CANDIDATE",13.12297275,2.234,43.7,12.90,6134.00,1.6650
11081504,"K04287.02","CANDIDATE",9.6183111,4.215,25,11.90,6134.00,1.6650
4548011,"K04288.01","CONFIRMED",6.28384079,4.291,35.7,14.90,5888.00,1.2270
4548011,"K04288.02","CANDIDATE",9.08745206,3.786,35.1,11.70,5888.00,1.2270
4548011,"K04288.03","FALSE POSITIVE",4.32744048,4.539,22,8.00,5888.00,1.2270
4548011,"K04288.04","CANDIDATE",13.9509565,5.231,35.7,11.20,5888.00,1.2270
5983532,"K04289.01","FALSE POSITIVE",441.877824,6.647,1300,15.20,4437.00,0.6350
5868793,"K04290.01","CONFIRMED",4.83809469,1.096,1544,11.30,3187.00,0.2000
8483021,"K04291.01","FALSE POSITIVE",361.91436,8.68,228.2,13.00,6247.00,1.1470
10063208,"K04292.01","CONFIRMED",9.3281912,3.991,45.2,13.70,5525.00,0.8880
5817533,"K04293.01","FALSE POSITIVE",4.206109,5.16,120,11.90,5480.00,0.8020
7681230,"K04294.01","FALSE POSITIVE",0.962590772,1.2569,1021.6,90.40,6274.00,1.0620
7596240,"K04295.01","CONFIRMED",13.3997555,3.534,167.3,13.60,6401.00,1.1500
7661893,"K04296.01","CANDIDATE",2.49385348,1.414,46.9,12.30,5615.00,0.8500
12107008,"K04297.01","FALSE POSITIVE",5.93725628,3.639,115.6,17.10,5428.00,0.7990
2852941,"K04298.01","CANDIDATE",2.89494709,3.254,45.8,14.30,7087.00,1.6840
2852941,"K04298.02","FALSE POSITIVE",11.57958162,2.47,,,,
8508126,"K04299.01","FALSE POSITIVE",0.980505042,1.4068,426.6,51.50,5794.00,1.0590
8507475,"K04300.01","CONFIRMED",3.58273837,1.523,360.5,11.60,5448.00,0.8720
8773015,"K04301.01","CONFIRMED",15.604841,4.543,73.4,15.30,6254.00,1.7060
8773015,"K04301.02","CANDIDATE",6.31915999,3.465,34.4,9.80,6254.00,1.7060
6290935,"K04302.01","CANDIDATE",5.53312006,3.486,53.1,13.40,6170.00,1.4250
12734396,"K04303.01","CANDIDATE",200.721168,9.91,822.5,13.10,5566.00,1.1700
11612280,"K04304.01","CONFIRMED",9.4061364,4.882,79.5,13.20,5855.00,1.2680
5536715,"K04305.01","FALSE POSITIVE",0.935086665,1.12,71.2,13.10,6762.00,1.3480
8149484,"K04306.01","FALSE POSITIVE",1.489457454,3.028,56.3,29.70,6316.00,2.0870
3558849,"K04307.01","CANDIDATE",160.850075,9.427,428.1,16.10,5999.00,1.5070
11151677,"K04308.01","FALSE POSITIVE",0.720460644,1.7846,2111.5,117.20,6304.00,1.0580
11037128,"K04309.01","FALSE POSITIVE",3.7948721,1.713,305.1,11.30,5883.00,0.7930
7103919,"K04310.01","CONFIRMED",10.7769944,2.616,185.6,11.30,5455.00,0.8520
8645191,"K04311.01","FALSE POSITIVE",0.918921494,0.9425,321,23.70,5655.00,0.8330
10722485,"K04312.01","CONFIRMED",7.84931877,3.747,68.2,12.60,5678.00,0.9900
9717958,"K04313.01","FALSE POSITIVE",67.7125988,1.538,542.4,13.40,6309.00,0.8470
8128067,"K04314.01","FALSE POSITIVE",12.4285576,13.98,620.1,13.20,5492.00,0.7520
10342248,"K04315.01","FALSE POSITIVE",0.93373458,4.364,127.7,27.80,5335.00,0.8040
9777290,"K04316.01","FALSE POSITIVE",1.33251948,3.733,233.7,17.70,5926.00,1.0580
8548427,"K04317.01","FALSE POSITIVE",168.84663,9.75,215.1,9.30,5897.00,0.9920
9286088,"K04318.01","CANDIDATE",14.8162925,4.973,108.2,12.50,6356.00,1.3250
6289344,"K04319.01","FALSE POSITIVE",160.4122022,4.92,2538,24.40,5269.00,0.7270
5095082,"K04320.01","CONFIRMED",20.6579443,8.798,98.2,14.10,5468.00,1.3060
12418891,"K04321.01","FALSE POSITIVE",0.760941405,1.773,186.6,15.20,5629.00,0.8700
7698701,"K04322.01","FALSE POSITIVE",370.90237,10.558,545.8,14.70,5835.00,0.8470
7698701,"K04322.02","FALSE POSITIVE",321.55087,5.863,397,8.20,5835.00,0.8470
5385410,"K04323.01","CANDIDATE",11.49589567,2.256,108.3,13.20,6290.00,1.5060
5385410,"K04323.02","FALSE POSITIVE",12.4250319,1.4446,29.5,2.70,6290.00,1.5060
9910942,"K04324.01","FALSE POSITIVE",8.4803326,5.918,35.6,11.00,6245.00,2.1790
7749002,"K04325.01","CANDIDATE",0.609926502,1.2529,133.8,15.30,5936.00,0.9650
10924340,"K04326.01","FALSE POSITIVE",0.750744255,1.7921,170.6,50.40,6187.00,0.9370
5371777,"K04327.01","CONFIRMED",0.991659646,2.215,77.3,13.50,6117.00,1.2440
3545583,"K04328.01","FALSE POSITIVE",407.59415,7.3,462.4,7.70,6198.00,0.9740
12456063,"K04329.01","CANDIDATE",17.8007815,6.547,44.5,14.20,6240.00,1.2520
8374741,"K04330.01","FALSE POSITIVE",358.101884,6.393,114,12.80,5786.00,0.8560
5096053,"K04331.01","CANDIDATE",1.717859841,0.908,66.3,9.50,6694.00,1.7320
8953414,"K04332.01","FALSE POSITIVE",2.66588544,5.004,167,17.20,4965.00,0.7710
2576962,"K04333.01","CANDIDATE",309.25581,10.72,421.4,9.90,6060.00,1.0570
10140274,"K04334.01","CANDIDATE",2.44232399,1.921,229,14.10,4849.00,0.7380
10730070,"K04335.01","CONFIRMED",7.61758198,3.545,85.4,13.40,6202.00,1.0720
4458109,"K04336.01","FALSE POSITIVE",41.477908,10.45,29.9,9.60,6935.00,1.9180
8573193,"K04337.01","CONFIRMED",8.18504859,4.673,97.6,12.50,5984.00,0.9060
9240664,"K04338.01","FALSE POSITIVE",10.78438513,1.408,233.6,15.60,5575.00,3.5150
7281411,"K04339.01","FALSE POSITIVE",0.566804221,4.639,166,31.00,5277.00,0.6400
6528141,"K04340.01","FALSE POSITIVE",2.022658,3.343,135.7,17.40,6091.00,0.9670
6792908,"K04341.01","CANDIDATE",10.778313,5.256,90.7,12.50,6726.00,1.2580
7211879,"K04342.01","FALSE POSITIVE",0.594310785,0.9994,112.5,15.70,5931.00,0.8450
8087812,"K04343.01","CONFIRMED",27.2106807,10.515,99.4,16.90,5973.00,1.3050
4863956,"K04344.01","FALSE POSITIVE",4.31978105,7.204,65.8,23.50,5519.00,4.3680
10534155,"K04345.01","CANDIDATE",4.32710895,1.387,108.9,12.90,5776.00,1.4550
9509343,"K04346.01","CANDIDATE",6.39269778,2.138,174.3,11.30,5248.00,0.9430
3244792,"K04347.01","CONFIRMED",3.0570982,3.571,144,15.70,6021.00,0.8190
8743082,"K04348.01","FALSE POSITIVE",365.25921,13.74,529,12.80,5993.00,1.0420
9142742,"K04349.01","FALSE POSITIVE",372.72688,12.751,331.7,17.00,6148.00,1.6150
11872139,"K04350.01","FALSE POSITIVE",1.75649346,3.429,27.5,13.30,6619.00,3.0500
5436161,"K04351.01","CANDIDATE",0.644322147,0.893,1076.6,79.60,5136.00,0.6120
2708221,"K04352.01","FALSE POSITIVE",1.8912501,7.648,731,31.60,4883.00,0.7940
4571844,"K04353.01","CANDIDATE",17.8075656,1.643,1511,11.80,6194.00,0.9810
5040223,"K04354.01","FALSE POSITIVE",0.996023763,5.412,98.3,21.30,6110.00,1.0770
4571004,"K04355.01","FALSE POSITIVE",36.616669,8.62,237.4,3.40,5780.00,1.0000
4571004,"K04355.02","FALSE POSITIVE",21.131609,13.66,73.5,6.50,5780.00,1.0000
4571004,"K04355.03","FALSE POSITIVE",81.675841,11.53,143.4,7.00,5780.00,1.0000
4571004,"K04355.04","FALSE POSITIVE",28.5463574,9.29,153.3,10.10,5780.00,1.0000
4571004,"K04355.05","FALSE POSITIVE",72.563291,3.088,332.3,6.40,5780.00,1.0000
8459663,"K04356.01","CONFIRMED",174.510276,6.689,1530,14.80,4367.00,0.4520
3550372,"K04357.01","CANDIDATE",0.681180633,0.8844,156.4,16.60,4939.00,2.3770
7191646,"K04358.01","CANDIDATE",106.957467,7.006,539.6,11.70,6075.00,0.9690
1575873,"K04359.01","FALSE POSITIVE",0.629001455,1.263,14.7,9.40,6739.00,2.0590
10669994,"K04360.01","CONFIRMED",2.71603664,1.744,98.5,13.10,6011.00,1.0410
7801070,"K04361.01","CANDIDATE",75.8781344,1.383,1054,11.90,5579.00,0.9720
11449918,"K04362.01","FALSE POSITIVE",374.59003,15.19,267.9,6.60,5497.00,0.8270
9776794,"K04363.01","CANDIDATE",18.22211768,2.044,2318,15.20,5162.00,0.9580
7427764,"K04364.01","CONFIRMED",4.56383697,2.271,201.8,9.90,5408.00,0.8610
4754831,"K04365.01","FALSE POSITIVE",55.119831,4.703,114.5,8.20,6297.00,1.5060
4754831,"K04365.02","FALSE POSITIVE",25.6416117,5.5,126.4,4.90,6297.00,1.5060
4754831,"K04365.03","FALSE POSITIVE",75.681309,11.62,107.7,9.10,6297.00,1.5060
10647452,"K04366.01","CANDIDATE",0.762950224,1.133,187.3,15.80,5385.00,0.7310
4773392,"K04367.01","CANDIDATE",170.995748,3.88,477.1,15.50,6127.00,1.9830
5471489,"K04368.01","FALSE POSITIVE",12.4252735,20.756,84.7,36.60,6156.00,2.5570
5471489,"K04368.02","FALSE POSITIVE",39.2820405,3.344,157.5,6.90,6143.00,2.1360
9011874,"K04369.01","FALSE POSITIVE",361.54561249,25.28,,,,
12407623,"K04370.01","FALSE POSITIVE",1.181165291,1.013,370.4,14.10,5203.00,0.7470
11444514,"K04371.01","CONFIRMED",66.373298,8.559,415,13.70,6143.00,0.9760
9702006,"K04372.01","CONFIRMED",6.24564633,2.459,212,11.90,4858.00,0.7070
6778008,"K04373.01","FALSE POSITIVE",0.945829261,1.715,98.2,15.10,5959.00,0.8590
10991114,"K04374.01","CANDIDATE",3.70386741,1.41,125.7,13.10,5496.00,0.7760
11969092,"K04375.01","FALSE POSITIVE",0.638437699,0.3028,286.8,25.80,5073.00,0.8240
2570773,"K04376.01","FALSE POSITIVE",1.8912851,6.182,1223.4,25.70,4700.00,0.7070
4945764,"K04377.01","CANDIDATE",19.8751355,8.041,109,15.20,6918.00,2.0040
6356885,"K04378.01","FALSE POSITIVE",343.42046,11.11,482.7,10.00,6115.00,0.9670
7703910,"K04379.01","FALSE POSITIVE",1.275511306,1.889,69.3,10.30,5921.00,1.0150
7777818,"K04380.01","FALSE POSITIVE",5.78159956,2.222,72.8,16.40,6443.00,1.8840
9851360,"K04381.01","FALSE POSITIVE",8.4805019,8.345,164.9,11.00,5555.00,0.7370
6937529,"K04382.01","CONFIRMED",2.94648935,3.155,57,12.70,6481.00,1.1710
6937529,"K04382.02","CANDIDATE",3.98167088,3.609,44.7,10.30,6484.00,1.1730
9883606,"K04383.01","CONFIRMED",4.34195312,2.598,73.3,10.60,6164.00,1.0900
9883606,"K04383.02","CANDIDATE",2.58393841,2.169,49.4,8.50,6164.00,1.0900
5860968,"K04384.01","CONFIRMED",122.358116,10.768,352.8,12.20,5998.00,1.1390
3645438,"K04385.01","CONFIRMED",7.298142,3.024,370.5,13.60,5119.00,0.8340
3645438,"K04385.02","CONFIRMED",386.370512,11.007,1336.4,13.10,5119.00,0.8340
3645438,"K04385.03","CANDIDATE",17.3695112,4.012,314,8.60,5119.00,0.8340
8480582,"K04386.01","CONFIRMED",18.5010898,3.179,421.1,14.70,5242.00,0.7340
2830919,"K04387.01","FALSE POSITIVE",1.54038914,1.683,71.8,9.10,5974.00,0.9890
9588822,"K04388.01","FALSE POSITIVE",71.76236302,29.435,8591.9,1134.30,5529.00,2.8170
9588822,"K04388.02","CANDIDATE",61.858947,21.32,70.8,9.10,5529.00,2.8170
2997459,"K04389.01","CANDIDATE",16.3368863,3.597,225.9,12.10,5410.00,0.8590
8330207,"K04390.01","CANDIDATE",1.63668262,1.907,921.7,12.90,5234.00,3.7390
6359926,"K04391.01","CANDIDATE",49.4746966,10.46,291,17.20,5952.00,0.9280
6629993,"K04392.01","FALSE POSITIVE",118.609553,22.74,380.9,13.10,5017.00,0.7920
8324518,"K04393.01","CANDIDATE",1.62888267,1.72,130.9,12.50,5398.00,0.8110
10427700,"K04394.01","FALSE POSITIVE",0.616386349,0.8136,79.4,21.90,5665.00,3.2660
3103473,"K04395.01","CANDIDATE",1.920062587,1.437,226.8,12.60,5266.00,0.7410
11296045,"K04396.01","FALSE POSITIVE",88.91323139,2.92,,,,
11296045,"K04396.02","FALSE POSITIVE",46.0771501,3.03,,,,
11296045,"K04396.03","FALSE POSITIVE",42.62423329,1.47,,,,
11296045,"K04396.04","CANDIDATE",437.51586139,4.16,,,,
3247503,"K04397.01","FALSE POSITIVE",0.447861451,0.8541,265.4,20.30,5901.00,0.8480
5802637,"K04398.01","CANDIDATE",7.3422467,2.029,366.8,11.80,5573.00,0.8390
8345384,"K04399.01","CANDIDATE",42.1003351,1.0834,214,13.90,5595.00,0.8200
2831055,"K04400.01","CONFIRMED",2.20923119,2.392,59.8,14.30,5991.00,1.0920
11044826,"K04401.01","FALSE POSITIVE",260.54832,15.52,161.6,10.20,6412.00,1.0400
6681687,"K04402.01","FALSE POSITIVE",370.47678,15.69,656.2,11.80,6050.00,0.8960
7703882,"K04403.01","CONFIRMED",5.88350251,2.556,217.7,11.90,5840.00,0.8490
8106112,"K04404.01","FALSE POSITIVE",316.57747,14.64,269.1,10.20,5822.00,0.8980
10745365,"K04405.01","CANDIDATE",8.9172863,4.468,196.3,7.20,6210.00,0.9860
5563937,"K04406.01","FALSE POSITIVE",0.519437968,2.129,226.2,25.40,6181.00,1.0060
8396660,"K04407.01","CANDIDATE",1.33807075,1.425,20.2,8.50,6355.00,1.3190
10736179,"K04408.01","FALSE POSITIVE",1.105095798,2.624,141.7,17.40,5296.00,0.7520
5308537,"K04409.01","CONFIRMED",14.2651545,3.601,66.3,13.90,5825.00,1.2910
6350882,"K04410.01","CANDIDATE",5.04404366,1.682,236.5,11.60,6039.00,0.9510
5281113,"K04411.01","CONFIRMED",11.17931581,3.103,90.6,12.00,6292.00,1.8730
7847104,"K04412.01","FALSE POSITIVE",1.284991846,2.274,29.1,15.30,6060.00,2.1060
6891513,"K04413.01","FALSE POSITIVE",9.9398272,4.1198,478.6,4.30,5798.00,0.9410
4579598,"K04414.01","FALSE POSITIVE",0.866346,2.011,116.4,13.90,6241.00,1.1310
7777522,"K04415.01","FALSE POSITIVE",0.885129679,3.156,177.3,21.20,5792.00,0.8640
9305012,"K04416.01","FALSE POSITIVE",56.898749,3.522,514,6.20,9189.00,2.6920
9597729,"K04417.01","FALSE POSITIVE",0.438153876,1.3885,164.8,33.40,6032.00,0.9290
9597729,"K04417.02","FALSE POSITIVE",0.87630504,1.11,170.9,25.20,6032.00,0.9290
2859893,"K04418.01","CANDIDATE",333.03842,5.948,1260,7.00,5743.00,0.9030
7582691,"K04419.01","CANDIDATE",0.259819659,0.6513,231.5,24.10,3939.00,0.5260
7031942,"K04420.01","FALSE POSITIVE",0.566795467,4.712,38.2,25.80,5642.00,1.0560
9836563,"K04421.01","CANDIDATE",4.72693131,4.036,26.2,11.50,5950.00,1.1960
9836563,"K04421.02","CANDIDATE",6.5595368,4.324,26.3,10.10,5950.00,1.1960
10155321,"K04422.01","FALSE POSITIVE",15.705388,4.871,283.7,10.60,7454.00,1.8530
10155321,"K04422.02","FALSE POSITIVE",0.71059239,4.92,280.6,22.80,7454.00,1.8530
3866536,"K04423.01","FALSE POSITIVE",7.65270746,79.8969,641.1,254.30,6328.00,0.9630
7046035,"K04424.01","CONFIRMED",2.27164952,4.054,82.4,12.70,6274.00,1.0620
4679314,"K04425.01","FALSE POSITIVE",3.84835742,10.18,84.2,32.80,5709.00,0.7980
8240790,"K04426.01","CANDIDATE",369.13236,10.34,215.9,11.90,6282.00,1.4490
4172805,"K04427.01","CANDIDATE",147.661729,6.207,1087.8,13.20,3788.00,0.4900
5126182,"K04428.01","CANDIDATE",13.00291716,3.058,225.3,14.00,5796.00,0.8000
4584865,"K04429.01","FALSE POSITIVE",1.75254087,4.098,42.5,17.70,6660.00,2.0740
9642018,"K04430.01","CANDIDATE",0.505111993,0.4053,212.8,18.70,5262.00,0.7830
9936080,"K04431.01","CANDIDATE",19.5650801,4.242,61.7,13.80,6180.00,1.2350
9936080,"K04431.02","FALSE POSITIVE",355.79978,5.972,172.3,10.50,6350.00,1.3940
8611344,"K04432.01","FALSE POSITIVE",410.99389,12.01,550,8.70,5471.00,0.8980
9518651,"K04433.01","FALSE POSITIVE",2.17823752,2.259,44,10.10,6052.00,0.9690
2305311,"K04434.01","FALSE POSITIVE",1.404674486,5.056,155.5,20.70,4716.00,0.6090
8278685,"K04435.01","CANDIDATE",10.8614163,6.02,64.8,12.90,6339.00,1.0170
8278685,"K04435.02","CANDIDATE",17.8693759,6.886,63,9.80,6328.00,1.0130
8308260,"K04436.01","FALSE POSITIVE",0.973160836,0.864,138.3,9.80,6108.00,1.0300
8492101,"K04437.01","FALSE POSITIVE",4.05943749,3.245,105.4,18.10,5051.00,1.6550
6343576,"K04438.01","FALSE POSITIVE",6.39903778,3.15,186.6,24.10,5178.00,4.8560
9899630,"K04439.01","FALSE POSITIVE",1.33258455,5.77,152.7,8.10,6039.00,0.9510
4367528,"K04440.01","FALSE POSITIVE",350.81029,11.29,538.3,15.10,5841.00,1.2260
8416523,"K04441.01","CONFIRMED",0.341842017,1.1554,285.6,70.10,5016.00,0.7470
11124436,"K04442.01","CANDIDATE",13.9482197,7.686,119.4,14.50,5529.00,2.3460
5780855,"K04443.01","CANDIDATE",5.67577999,3.554,51.2,11.20,6681.00,1.4380
11718389,"K04444.01","CONFIRMED",5.94373492,1.847,301,13.20,4391.00,0.6820
11124703,"K04445.01","FALSE POSITIVE",244.60373,10.87,769.8,17.70,5166.00,0.7710
10329196,"K04446.01","CONFIRMED",85.7567919,5.695,159.1,16.90,5037.00,2.2130
10604592,"K04447.01","CONFIRMED",2.18660188,1.585,122.3,14.20,4904.00,0.7720
5437348,"K04448.01","FALSE POSITIVE",35.945188,8.23,72.6,4.10,6578.00,1.7440
8429668,"K04449.01","FALSE POSITIVE",5.00749378,2.898,56.6,14.70,5242.00,2.2430
7429240,"K04450.01","CONFIRMED",196.436796,8.556,631.9,14.40,5462.00,0.9460
10120548,"K04451.01","CANDIDATE",8.8303681,3.426,296.2,10.90,5051.00,0.7060
4474462,"K04452.01","CANDIDATE",12.85755895,4.831,106.5,14.20,5860.00,1.1560
10729472,"K04453.01","FALSE POSITIVE",357.13089,13.04,330.5,11.80,5838.00,0.8970
10729472,"K04453.02","FALSE POSITIVE",0.83442282,1.873,50.9,8.80,5838.00,0.8970
6200612,"K04454.01","FALSE POSITIVE",370.50684,12.132,418.6,8.80,6360.00,0.9990
9777200,"K04455.01","FALSE POSITIVE",1.332580225,2.057,46.3,16.40,6858.00,3.0960
3557560,"K04456.01","CANDIDATE",7.4299322,4.013,164.9,9.80,5635.00,1.2520
12109267,"K04457.01","CANDIDATE",79.334347,10.886,164.9,14.60,6384.00,1.1500
8652577,"K04458.01","FALSE POSITIVE",358.818895,2.503,666.1,11.50,6056.00,0.9180
8804937,"K04459.01","FALSE POSITIVE",181.3537,16.19,455,11.70,5900.00,0.9510
9947389,"K04460.01","CANDIDATE",284.727213,10.299,355.3,12.70,5497.00,1.0800
11912987,"K04461.01","FALSE POSITIVE",3.74786694,3.632,80.9,19.10,5957.00,0.9710
9775385,"K04462.01","CANDIDATE",45.163025,7.03,130.3,8.70,7675.00,2.0150
6197344,"K04463.01","CANDIDATE",36.7614011,15.982,160.9,16.20,5305.00,0.8230
11357664,"K04464.01","CANDIDATE",4.373570433,0.623,366,14.50,4362.00,0.6400
2576224,"K04465.01","FALSE POSITIVE",2.21701025,2.148,29.4,11.70,7524.00,2.0920
7272132,"K04466.01","CANDIDATE",154.674369,9.35,435.8,13.50,6338.00,1.0020
5352640,"K04467.01","CANDIDATE",2.94242323,1.519,293.3,14.70,5436.00,0.8190
4157052,"K04468.01","FALSE POSITIVE",0.791771167,2.4463,509.2,82.40,6218.00,3.0700
10006641,"K04469.01","FALSE POSITIVE",0.894172544,0.8302,86.2,16.90,4982.00,0.7360
10815916,"K04470.01","FALSE POSITIVE",1.68207624,1.519,54.7,11.10,6495.00,1.3110
8955709,"K04471.01","FALSE POSITIVE",0.942997994,1.1658,539.2,29.20,4499.00,0.6930
7031430,"K04472.01","FALSE POSITIVE",0.566796775,5.471,144.1,32.20,3453.00,0.3580
7133294,"K04473.01","CONFIRMED",13.6471211,8.331,75,14.70,5771.00,1.3820
4381429,"K04474.01","CONFIRMED",16.473474,4.201,470.5,13.00,5364.00,0.7540
11912916,"K04475.01","FALSE POSITIVE",3.74788322,3.45,242.6,16.30,5514.00,0.8260
3732894,"K04476.01","FALSE POSITIVE",1.540379557,2.026,76.9,14.60,5812.00,0.9140
6276791,"K04477.01","CANDIDATE",5.30179786,2.24,197.2,11.50,5749.00,0.8640
6276791,"K04477.02","CONFIRMED",9.32867952,1.572,354.4,12.70,5749.00,0.8640
8636600,"K04478.01","CONFIRMED",6.38671206,1.201,223.7,11.60,5071.00,0.8110
3644602,"K04479.01","FALSE POSITIVE",359.08368,15.67,618.7,10.80,6256.00,0.9320
10467714,"K04480.01","CANDIDATE",58.7488629,3.191,473.6,13.60,5574.00,0.8050
11912941,"K04481.01","FALSE POSITIVE",3.74784374,3.658,116.5,12.80,6122.00,0.9960
7778427,"K04482.01","CANDIDATE",5.38299284,3.336,35.1,10.70,6256.00,1.2930
6525106,"K04483.01","FALSE POSITIVE",1.71028117,2.61,111.6,13.80,5910.00,0.8550
9898017,"K04484.01","CONFIRMED",2.29794819,2.84,83.2,12.20,6371.00,1.0720
8613218,"K04485.01","FALSE POSITIVE",368.11581,13.52,476.2,11.20,6122.00,0.9640
8548069,"K04486.01","FALSE POSITIVE",368.52466,11.9,680.3,14.00,6343.00,1.1370
8098212,"K04487.01","CANDIDATE",3.48754109,1.811,85.1,7.30,5252.00,0.7830
6721380,"K04488.01","FALSE POSITIVE",6.44173995,1.635,107.7,10.50,6088.00,1.3390
7694615,"K04489.01","FALSE POSITIVE",0.631106722,0.9942,49.2,17.60,5400.00,0.8980
6201203,"K04490.01","FALSE POSITIVE",176.17377,14.58,349.9,8.20,5957.00,0.9370
4556468,"K04491.01","CONFIRMED",114.336052,14.077,239.8,13.00,5802.00,1.3160
9222516,"K04492.01","FALSE POSITIVE",0.63938062,1.2067,308,97.50,6607.00,1.2040
3953173,"K04493.01","FALSE POSITIVE",2.41795911,2.727,100.5,10.10,4623.00,0.5340
8037926,"K04494.01","FALSE POSITIVE",183.854867,14.996,520.6,10.80,6225.00,1.0310
5552562,"K04495.01","CANDIDATE",5.93218209,4.507,205.3,14.90,5843.00,0.9770
6186182,"K04496.01","CANDIDATE",96.384483,5.253,591,10.40,5919.00,1.0000
12645057,"K04497.01","CANDIDATE",6.83006228,3.315,187.4,12.10,5807.00,0.8000
4844367,"K04498.01","CANDIDATE",17.1622587,4.668,312.2,11.70,5729.00,0.9390
10937749,"K04499.01","CANDIDATE",5.19898615,2.359,136.8,11.50,6058.00,0.8670
9100953,"K04500.01","CONFIRMED",8.70179611,3.048,304.1,11.80,5295.00,0.8000
9100953,"K04500.02","CONFIRMED",44.9851885,4.164,617.8,12.70,5295.00,0.8000
9100953,"K04500.03","CANDIDATE",14.7510068,2.25,381.1,9.50,5295.00,0.8000
8109107,"K04501.01","FALSE POSITIVE",6.67410577,3.645,160.9,12.60,5949.00,1.0410
6200529,"K04502.01","FALSE POSITIVE",374.92478,18.05,610,6.00,4407.00,0.6900
10907132,"K04503.01","CANDIDATE",5.89089509,2.402,267.7,11.70,5869.00,0.9420
6520753,"K04504.01","CANDIDATE",4.13029832,2.461,325.3,8.70,5490.00,0.8100
6520753,"K04504.02","CANDIDATE",8.119343,3.558,350.4,8.20,5490.00,0.8100
8493354,"K04505.01","CANDIDATE",18.0071438,5.401,80.8,13.10,6173.00,1.1670
4545570,"K04506.01","CONFIRMED",5.60473115,2.885,210,11.90,5401.00,0.7770
7598111,"K04507.01","FALSE POSITIVE",132.778041,5.624,9036,10.60,5780.00,1.0000
5457326,"K04508.01","CANDIDATE",2.49915311,1.803,179.2,13.40,4705.00,0.7200
11350118,"K04509.01","CANDIDATE",12.003678,2.799,281.7,12.00,4328.00,0.5940
11671579,"K04510.01","CONFIRMED",5.17624997,5.261,78.7,13.40,5578.00,1.4970
11553598,"K04511.01","FALSE POSITIVE",370.62071,12.58,344.3,10.50,6432.00,1.1360
12069414,"K04512.01","FALSE POSITIVE",0.589458602,0.8278,158.4,17.30,5286.00,0.7760
9216775,"K04513.01","CONFIRMED",3.91794676,2.549,116.5,13.50,5500.00,0.8700
5783732,"K04514.01","FALSE POSITIVE",373.43233,16.5,166.7,12.90,6146.00,1.1410
7900100,"K04515.01","FALSE POSITIVE",397.73781,13.08,460.8,8.80,6194.00,1.0200
9849884,"K04516.01","FALSE POSITIVE",5.35745121,2.592,78.2,16.40,6123.00,1.8600
11243547,"K04517.01","FALSE POSITIVE",2.16132662,4.487,112.2,25.30,3754.00,0.4300
7032001,"K04518.01","FALSE POSITIVE",0.566810643,3.471,45.6,17.20,5776.00,0.7580
10003058,"K04519.01","CANDIDATE",148.568877,4.399,404.4,11.60,5814.00,2.9850
9031703,"K04520.01","CANDIDATE",9.3335486,6.643,71.2,11.70,5354.00,1.8630
6199864,"K04521.01","FALSE POSITIVE",262.477098,5.816,1016,9.70,4227.00,0.6200
9577855,"K04522.01","FALSE POSITIVE",2.21030572,2.492,92,11.40,6355.00,1.0900
8700895,"K04523.01","CANDIDATE",5.68251605,3.479,81.2,9.40,5753.00,1.1570
5003670,"K04524.01","CONFIRMED",7.99144696,3.639,145,12.80,5700.00,1.0060
5003670,"K04524.02","CANDIDATE",4.52628739,3.736,99.6,12.50,5700.00,1.0060
5003670,"K04524.03","CANDIDATE",3.33930957,2.597,91.3,10.70,5700.00,1.0060
9171886,"K04525.01","FALSE POSITIVE",369.7985,12.564,1106.4,11.10,5680.00,0.7570
3765917,"K04526.01","CANDIDATE",30.5392931,6.887,428.2,15.00,5803.00,1.3280
3765917,"K04526.02","CANDIDATE",11.8187288,4.017,249,10.30,5803.00,1.3280
3438976,"K04527.01","FALSE POSITIVE",2.97599368,4.023,55,13.00,6202.00,1.0550
7833305,"K04528.01","CANDIDATE",8.31224474,2.663,70.8,12.20,5421.00,0.8160
6610064,"K04529.01","FALSE POSITIVE",0.584148495,1.6192,66.2,21.90,5427.00,1.0310
12647577,"K04530.01","CANDIDATE",12.6362048,3.961,124,11.50,5772.00,0.9920
6437226,"K04531.01","FALSE POSITIVE",372.62637,18.52,542,11.90,6014.00,0.9930
2710623,"K04532.01","FALSE POSITIVE",1.02087831,2.429,33.4,9.90,5750.00,1.1060
3330684,"K04533.01","FALSE POSITIVE",1.26132769,1.244,109.7,9.90,2900.00,0.1320
7699298,"K04534.01","FALSE POSITIVE",1.1578141,3.253,54.8,27.80,5412.00,1.6290
3547760,"K04535.01","FALSE POSITIVE",9.8480917,3.079,141.9,9.70,5289.00,0.7480
3547760,"K04535.02","CANDIDATE",5.78901936,3.102,110.3,7.80,5289.00,0.7480
7281484,"K04536.01","FALSE POSITIVE",0.566800593,3.909,12.3,10.40,6476.00,1.3530
4848115,"K04537.01","FALSE POSITIVE",0.969602551,1.728,111,10.40,4856.00,0.6600
5991765,"K04538.01","FALSE POSITIVE",9.25801294,2.854,88.1,12.90,6200.00,1.8340
3962872,"K04539.01","FALSE POSITIVE",25.9554044,8.491,122.7,11.60,6058.00,1.0380
12108293,"K04540.01","FALSE POSITIVE",0.705455349,2.469,74.9,18.00,5383.00,0.7360
5511659,"K04541.01","CANDIDATE",8.5291223,3.241,325.4,12.80,5543.00,1.1110
5511659,"K04541.02","CANDIDATE",17.236085,4.209,330,10.40,5543.00,1.1110
9640946,"K04542.01","FALSE POSITIVE",1.08906057,2.743,76.2,10.40,5087.00,0.8810
9776186,"K04543.01","FALSE POSITIVE",1.48922187,1.882,613.6,10.80,5780.00,1.0000
10220950,"K04544.01","FALSE POSITIVE",158.348345,10.55,899,17.60,6521.00,1.2760
10140122,"K04545.01","CANDIDATE",0.849362238,1.36,114.9,11.90,4973.00,0.7880
5033823,"K04546.01","CANDIDATE",0.741768294,0.4164,60.3,14.00,5897.00,3.1470
10342316,"K04547.01","FALSE POSITIVE",0.93376962,7.023,125.8,28.50,6056.00,0.9750
3223433,"K04548.01","CANDIDATE",61.083322,10.396,227.5,11.50,5803.00,1.0150
6523058,"K04549.01","CANDIDATE",2.0481582,1.899,183.3,11.70,5799.00,0.8600
5977470,"K04550.01","CONFIRMED",140.251943,6.576,567.7,11.90,4821.00,0.7880
11769689,"K04551.01","CANDIDATE",14.7179342,5.844,132.3,12.70,6102.00,1.0180
6119923,"K04552.01","FALSE POSITIVE",134.4665,5.27,1032,6.70,4891.00,0.7910
6126076,"K04553.01","FALSE POSITIVE",0.909314811,2.2053,40.5,30.20,6508.00,1.4470
6369131,"K04554.01","CANDIDATE",8.0772455,7.272,79.2,12.50,5684.00,2.0320
7820699,"K04555.01","CANDIDATE",364.08733,14.09,372,8.80,5376.00,0.7270
10399321,"K04556.01","FALSE POSITIVE",21.5819776,13.734,47.6,17.30,5601.00,1.3420
10257229,"K04557.01","CANDIDATE",5.75651958,2.309,65.3,11.20,6208.00,1.0240
5431027,"K04558.01","CANDIDATE",8.8233996,6.735,104.6,13.30,5602.00,1.1210
7285673,"K04559.01","FALSE POSITIVE",0.566801045,1.7499,188.3,34.90,6106.00,0.9820
5282437,"K04560.01","FALSE POSITIVE",0.992799002,3.4878,1653,97.80,6217.00,0.9890
7747457,"K04561.01","CONFIRMED",1.5184181,2.842,196.8,15.90,6302.00,1.2690
8652360,"K04562.01","FALSE POSITIVE",0.96807117,1.677,104.8,15.40,5367.00,0.6870
8652360,"K04562.02","FALSE POSITIVE",0.968065631,1.772,92.5,14.00,5367.00,0.6870
10585749,"K04563.01","CANDIDATE",54.333582,10.545,152,10.50,5500.00,1.2210
6437617,"K04564.01","FALSE POSITIVE",293.60581,11.07,165.3,8.40,6167.00,1.0640
8453851,"K04565.01","FALSE POSITIVE",2.78801663,17.354,14,21.80,7523.00,2.2060
11650401,"K04566.01","CONFIRMED",3.94660745,2.705,309.4,12.70,5376.00,0.8060
8332521,"K04567.01","CANDIDATE",14.74426,8.168,113.6,11.90,6146.00,0.9870
8332521,"K04567.02","CANDIDATE",4.67250377,4.441,79.6,13.80,6146.00,0.9870
10407086,"K04568.01","FALSE POSITIVE",0.933747395,4.798,30.9,26.70,5574.00,2.1740
10407086,"K04568.02","CANDIDATE",48.04066636,1.62,,,,
6065351,"K04569.01","FALSE POSITIVE",14.1166583,9.12,449.3,5.90,6526.00,2.2380
4060229,"K04570.01","CANDIDATE",35.0175053,3.608,292,12.80,5944.00,1.1230
6761777,"K04571.01","CONFIRMED",47.3128645,11.444,217.4,17.60,5749.00,1.8760
6929285,"K04572.01","FALSE POSITIVE",4.60690612,4.176,137.5,13.30,5529.00,0.7750
4848321,"K04573.01","FALSE POSITIVE",1.50178705,2.936,86.7,13.40,5964.00,0.9870
6522745,"K04574.01","FALSE POSITIVE",17.4453935,6.39,501.7,16.40,6260.00,1.0630
9893468,"K04575.01","CANDIDATE",201.325036,14.4,125.4,14.20,6120.00,1.6990
8240746,"K04576.01","FALSE POSITIVE",184.568,13.09,409.9,10.20,5680.00,0.7500
10610039,"K04577.01","CANDIDATE",105.997107,3.751,430.8,10.90,6068.00,0.8310
10610039,"K04577.02","CANDIDATE",3.07365139,2.102,90.5,9.60,6068.00,0.8310
9652655,"K04578.01","FALSE POSITIVE",2.48882685,3.487,80.2,14.20,6246.00,1.0920
10140843,"K04579.01","FALSE POSITIVE",367.19796,15.92,146.1,10.70,6054.00,0.8890
8628761,"K04580.01","CANDIDATE",6.30432354,2.508,40,10.70,6728.00,1.8360
2572029,"K04581.01","CANDIDATE",6.0059966,3.096,39.2,7.80,6103.00,1.1600
7905106,"K04582.01","CANDIDATE",4.22426989,4.22,13.6,11.00,5735.00,0.8830
9007151,"K04583.01","CANDIDATE",330.906041,3.846,740,7.30,5461.00,0.7690
8443265,"K04584.01","FALSE POSITIVE",0.614701901,0.947,131.6,11.20,4954.00,0.7240
9009036,"K04585.01","CONFIRMED",6.76289308,6.204,50.9,14.60,6547.00,1.6300
11506654,"K04586.01","CANDIDATE",75.2116373,3.203,362.6,13.10,5818.00,1.5000
5687700,"K04587.01","CANDIDATE",6.36283414,3.752,159.4,9.90,5955.00,0.8830
8806985,"K04588.01","CANDIDATE",7.53737498,3.966,41.1,11.30,6483.00,1.4360
10491525,"K04589.01","FALSE POSITIVE",1.09844642,1.528,45,15.10,6403.00,2.3910
12204137,"K04590.01","CANDIDATE",9.54060855,1.869,462,11.20,5271.00,0.8310
5389956,"K04591.01","CANDIDATE",1.80926734,2.469,98,10.90,5897.00,0.8910
12108364,"K04592.01","FALSE POSITIVE",0.70544189,1.772,133.5,13.90,5838.00,0.8970
8295671,"K04593.01","FALSE POSITIVE",0.981399749,0.5051,158.3,16.20,6038.00,0.8980
5696918,"K04594.01","FALSE POSITIVE",0.643007769,0.69,68.1,10.30,3925.00,0.4210
12265786,"K04595.01","CANDIDATE",0.597018404,0.4778,245.4,16.50,4985.00,0.6300
8487838,"K04596.01","FALSE POSITIVE",1.061937837,2.31,52,16.30,5893.00,0.9410
10873178,"K04597.01","CANDIDATE",4.82025124,2.129,94.1,8.50,6035.00,0.7770
5476671,"K04598.01","FALSE POSITIVE",0.824180121,2.839,208.1,39.70,5977.00,0.8830
5476671,"K04598.02","FALSE POSITIVE",0.824181335,2.4864,224.7,40.20,5977.00,0.8830
7335972,"K04599.01","FALSE POSITIVE",0.579770948,1.0377,467.9,44.30,5561.00,0.8540
2694632,"K04600.01","FALSE POSITIVE",0.92225589,4.227,33,7.10,5631.00,1.4850
11153476,"K04601.01","CANDIDATE",7.94004281,3.282,81.9,10.70,6278.00,1.0810
6144039,"K04602.01","CANDIDATE",2.85855049,2.341,85.4,11.40,5441.00,0.9640
8430053,"K04603.01","CANDIDATE",15.9513866,2.285,99.2,9.20,6451.00,1.1680
2853889,"K04604.01","FALSE POSITIVE",24.1876477,2.654,194.8,11.40,6437.00,1.3100
12458605,"K04605.01","CANDIDATE",7.7859111,7.788,45.5,12.00,6045.00,0.9540
4845862,"K04606.01","FALSE POSITIVE",2.44926655,2.988,108.2,10.70,4840.00,0.7490
11912911,"K04607.01","FALSE POSITIVE",3.74788208,4.183,153.4,13.60,5340.00,0.7770
7045435,"K04608.01","FALSE POSITIVE",0.93479255,4.5838,247.5,78.30,6018.00,1.0530
2972800,"K04609.01","FALSE POSITIVE",361.43653,9.08,271.9,10.80,6028.00,0.9380
8573168,"K04610.01","FALSE POSITIVE",0.89628253,1.397,86.4,13.00,5561.00,0.8180
10801249,"K04611.01","FALSE POSITIVE",1.67495622,2.994,35.9,15.30,6323.00,1.2630
8044600,"K04612.01","FALSE POSITIVE",4.1083812,3.279,352.8,11.40,5730.00,0.8700
10220837,"K04613.01","CONFIRMED",1.962282625,1.45,68.3,12.90,5726.00,0.9790
7583650,"K04614.01","CANDIDATE",6.4546845,3.071,69.9,10.80,6474.00,1.3620
9345819,"K04615.01","FALSE POSITIVE",1.04588635,2.833,102.7,13.20,6249.00,1.0760
9180566,"K04616.01","FALSE POSITIVE",51.31346091,3.94,,,,
9701962,"K04617.01","CONFIRMED",27.4784659,7.5,83.2,12.30,5432.00,1.7070
6685646,"K04618.01","FALSE POSITIVE",244.86662,10.56,289.5,9.70,5821.00,0.8480
7741837,"K04619.01","FALSE POSITIVE",62.366706,4.32,95.4,7.10,6749.00,1.9000
11137065,"K04620.01","FALSE POSITIVE",0.933732791,3.056,96.9,13.80,5496.00,0.9270
11093335,"K04621.01","FALSE POSITIVE",53.106597,2.914,82.4,7.30,7217.00,2.3430
11284772,"K04622.01","CONFIRMED",207.24785,6.159,809.2,13.20,4339.00,0.5530
11284772,"K04622.02","CANDIDATE",4.50158249,1.855,175.7,9.70,4339.00,0.5530
9209183,"K04623.01","FALSE POSITIVE",186.55347,13.57,334.5,11.00,6187.00,1.0060
5955621,"K04624.01","FALSE POSITIVE",14.0801852,3.402,90.7,6.90,5984.00,1.0890
11519187,"K04625.01","CONFIRMED",2.440839436,0.968,509.5,14.40,4803.00,0.6980
3539231,"K04626.01","CANDIDATE",91.95723,10.471,308.4,12.30,5854.00,1.5280
6311891,"K04627.01","CANDIDATE",7.51731745,2.484,170.7,10.70,5525.00,0.9230
7837733,"K04628.01","FALSE POSITIVE",3.08723626,2.615,101.9,12.10,6418.00,1.1710
2578017,"K04629.01","FALSE POSITIVE",0.592562969,3.0869,1546.4,100.40,5728.00,0.8040
7834045,"K04630.01","CANDIDATE",44.6966177,10.532,257.3,15.30,5929.00,1.5180
9602421,"K04631.01","FALSE POSITIVE",3.55661906,5.396,23.3,11.40,6018.00,1.4580
6070337,"K04632.01","CANDIDATE",40.0691482,2.928,784.1,10.50,5485.00,0.7620
5954001,"K04633.01","CANDIDATE",11.6933447,6.551,66.9,12.70,6049.00,1.3540
8196226,"K04634.01","CANDIDATE",4.02745396,1.33,85.2,10.80,6174.00,1.0410
9873759,"K04635.01","FALSE POSITIVE",4.99473798,3.05,99.5,17.50,5406.00,0.8190
9773270,"K04636.01","CANDIDATE",122.749053,8.342,1041.2,15.00,5619.00,0.9760
9457728,"K04637.01","CANDIDATE",4.37992345,4.949,15.5,13.90,6311.00,1.9180
9516728,"K04638.01","FALSE POSITIVE",368.48518,11.26,301.8,13.70,6140.00,1.0960
4825872,"K04639.01","FALSE POSITIVE",169.894419,2.525,178.7,6.30,6382.00,1.9610
4825872,"K04639.02","FALSE POSITIVE",29.6990126,1.849,93.3,7.40,6382.00,1.9610
9412623,"K04640.01","CONFIRMED",6.1082945,3.493,61.1,10.80,6720.00,1.2890
3644505,"K04641.01","FALSE POSITIVE",119.72007,9.48,115.6,9.00,5963.00,1.1760
4664743,"K04642.01","FALSE POSITIVE",1.27839331,6.343,19.5,15.20,7758.00,1.9180
11655826,"K04643.01","CANDIDATE",5.59346375,1.668,236.5,9.50,5874.00,0.9330
1721157,"K04644.01","CANDIDATE",3.44928111,1.424,237,9.70,5119.00,0.7810
11076276,"K04645.01","FALSE POSITIVE",1.4725859,2.953,84.4,13.30,6077.00,0.9990
12012439,"K04646.01","FALSE POSITIVE",2.97607935,4.606,130.4,14.10,5547.00,0.8650
9947653,"K04647.01","CANDIDATE",37.9043889,11.638,98.2,13.90,5303.00,1.9640
9947653,"K04647.02","CANDIDATE",12.008552,4.613,76.6,11.80,5303.00,1.9640
10473272,"K04648.01","FALSE POSITIVE",17.6604653,2.837,309.2,11.30,5910.00,0.9400
4750669,"K04649.01","CANDIDATE",3.38419892,1.485,228.2,11.50,5613.00,0.7950
9824928,"K04650.01","FALSE POSITIVE",1.69999106,3.289,95.6,10.60,4289.00,0.5540
6717252,"K04651.01","CANDIDATE",1.19260017,1.502,58,11.70,5600.00,1.0130
5817685,"K04652.01","FALSE POSITIVE",4.2059745,8.006,41.2,7.70,5960.00,1.1630
11181260,"K04653.01","CANDIDATE",19.9778599,5.96,83.4,12.80,6392.00,1.1620
5090803,"K04654.01","FALSE POSITIVE",379.65261,19.04,82.3,8.00,6471.00,1.3020
2558163,"K04655.01","CANDIDATE",17.543847,5.948,196.3,9.90,5957.00,0.7910
8107611,"K04656.01","CANDIDATE",3.8183717,2.687,50.8,11.80,6738.00,1.6920
6527078,"K04657.01","CANDIDATE",7.57600886,3.361,49,12.50,5361.00,0.7740
6527078,"K04657.02","CANDIDATE",10.4314847,2.09,59.1,9.60,5361.00,0.7740
4946049,"K04658.01","FALSE POSITIVE",1.8789138,4.279,30.2,17.80,8046.00,3.3390
2857607,"K04659.01","CONFIRMED",41.8681996,5.783,150.7,12.50,5852.00,0.8370
5559651,"K04660.01","FALSE POSITIVE",0.514771509,1.256,43.4,12.00,5730.00,0.8700
5962262,"K04661.01","CONFIRMED",8.61742738,2.713,154.9,11.30,5009.00,0.8400
10407210,"K04662.01","FALSE POSITIVE",0.933728755,4.363,13.5,17.90,6652.00,1.8630
7515336,"K04663.01","CANDIDATE",5.65690281,3.583,32.2,10.40,5687.00,1.3200
8984755,"K04664.01","FALSE POSITIVE",0.734573766,1.295,68.4,11.40,5602.00,1.0510
7366895,"K04665.01","FALSE POSITIVE",289.86046,11.103,234.5,10.30,5914.00,0.9710
11337012,"K04666.01","CANDIDATE",12.4019263,4.043,211.1,9.50,5555.00,0.8320
8359569,"K04667.01","CANDIDATE",152.823896,7.734,456.2,9.90,6452.00,1.1370
8937762,"K04668.01","FALSE POSITIVE",15.07277287,0.7794,345,13.00,5521.00,0.7710
2720828,"K04669.01","FALSE POSITIVE",1.71659304,1.154,138,9.50,6192.00,0.9870
9837828,"K04670.01","CANDIDATE",6.80899076,2.077,1192,11.50,4992.00,0.8540
5428471,"K04671.01","FALSE POSITIVE",0.75499096,2.485,215.8,9.90,5743.00,0.9460
7283710,"K04672.01","FALSE POSITIVE",353.40191,6.681,948,9.10,4957.00,0.7630
10794509,"K04673.01","FALSE POSITIVE",1.428596987,2.1401,50,26.10,6745.00,2.1440
6839010,"K04674.01","CANDIDATE",4.84350003,3.045,50.2,10.40,5762.00,1.0560
10130057,"K04675.01","FALSE POSITIVE",2.17812826,2.601,100.8,10.40,5426.00,0.8050
4953173,"K04676.01","CANDIDATE",31.183688,6.14,139.8,7.90,5947.00,2.4070
4953173,"K04676.02","FALSE POSITIVE",3.36379289,23.7,136.3,36.90,5947.00,2.4070
9838608,"K04677.01","FALSE POSITIVE",1.33259494,2.783,92.7,7.80,6063.00,0.9180
4247811,"K04678.01","FALSE POSITIVE",2.05048377,3.67,60.5,14.30,5568.00,0.8540
6543645,"K04679.01","FALSE POSITIVE",1.19550618,3.337,26.9,13.30,6088.00,1.4630
4587135,"K04680.01","CANDIDATE",54.0812235,6.279,411.1,11.60,5757.00,0.7620
3857860,"K04681.01","FALSE POSITIVE",8.2344072,2.808,59.2,11.50,6148.00,1.7410
5024252,"K04682.01","FALSE POSITIVE",2.15052332,3.447,115.5,11.00,5780.00,1.0000
4843592,"K04683.01","FALSE POSITIVE",0.967073359,2.4875,773.5,92.40,5755.00,1.0220
9602775,"K04684.01","FALSE POSITIVE",3.5564279,6.998,131.4,12.30,5404.00,0.6940
3867794,"K04685.01","CANDIDATE",0.494247662,1.2443,224.9,18.10,5763.00,0.9980
5819801,"K04686.01","CANDIDATE",11.8299383,5.168,41.4,11.70,5747.00,2.4310
11092040,"K04687.01","FALSE POSITIVE",419.92898,14.55,233.5,7.50,6047.00,0.9880
4851145,"K04688.01","FALSE POSITIVE",1.23521458,0.918,89.5,5.00,5999.00,0.9590
10292540,"K04689.01","FALSE POSITIVE",1.085229874,0.652,238.1,7.60,5713.00,0.8510
9394768,"K04690.01","FALSE POSITIVE",360.15417,12.806,790.6,11.10,6065.00,1.0610
9773980,"K04691.01","CANDIDATE",3.3879165,1.818,78.6,10.40,5702.00,1.2450
10972902,"K04692.01","FALSE POSITIVE",1.42856815,2.132,59.5,11.80,5979.00,0.8220
10972902,"K04692.02","CANDIDATE",7.6720844,3.451,75.1,8.40,5972.00,0.8070
8417078,"K04693.01","CONFIRMED",23.6223571,6.852,57,11.40,6144.00,1.3930
9457948,"K04694.01","CANDIDATE",19.2527652,4.862,138.5,10.80,6258.00,1.0460
4852297,"K04695.01","FALSE POSITIVE",3.28931936,1.921,166,11.10,6335.00,1.0720
9851845,"K04696.01","FALSE POSITIVE",1.08195208,4.807,33.6,12.40,5233.00,0.8240
9474483,"K04697.01","FALSE POSITIVE",0.512583041,1.498,114.3,17.10,6077.00,0.9990
10663738,"K04698.01","CANDIDATE",8.5275894,2.959,112.5,10.40,6469.00,1.1930
7891294,"K04699.01","CANDIDATE",3.07714195,3.571,34.2,9.90,6108.00,1.3360
9413156,"K04700.01","CANDIDATE",3.83488354,2.026,243,10.90,5515.00,0.7750
9413156,"K04700.02","CANDIDATE",66.47762,4.487,553.5,9.10,5515.00,0.7750
8625732,"K04701.01","FALSE POSITIVE",31.97181,12.277,117.4,11.10,5632.00,0.8530
2831251,"K04702.01","FALSE POSITIVE",5.81289843,3.979,76.3,9.50,6175.00,1.0410
6359175,"K04703.01","FALSE POSITIVE",349.03703,4.76,777,11.60,5583.00,0.8240
8104207,"K04704.01","FALSE POSITIVE",177.8135,9.76,417.7,8.80,5822.00,0.8980
5642688,"K04705.01","CANDIDATE",1.4733245,1.406,124,11.90,5751.00,0.9210
10026502,"K04706.01","CONFIRMED",101.952048,5.991,152.5,10.30,6210.00,1.0540
4680772,"K04707.01","FALSE POSITIVE",26.190289,2.148,51.8,9.30,6434.00,1.4410
8110733,"K04708.01","FALSE POSITIVE",203.511886,3.671,167.1,9.30,6967.00,1.5650
2303903,"K04709.01","CANDIDATE",3.70858595,1.94,305.4,11.30,5420.00,0.7710
9278216,"K04710.01","CANDIDATE",9.4527721,3.817,197.3,11.30,5973.00,0.8570
8355131,"K04711.01","CANDIDATE",4.3638313,1.457,194.1,10.30,5623.00,0.7630
4374610,"K04712.01","FALSE POSITIVE",1.44438449,2.704,75.4,10.80,6667.00,1.2130
5253802,"K04713.01","CANDIDATE",8.7963166,4.696,96.5,11.90,5780.00,1.0000
12554634,"K04714.01","CANDIDATE",2.049602348,1.061,186.1,11.30,5356.00,0.7800
6264750,"K04715.01","CANDIDATE",53.285584,6.492,158.6,11.00,6015.00,1.0570
11290515,"K04716.01","CANDIDATE",5.8943338,3.475,28.9,10.70,5929.00,1.1450
11290515,"K04716.02","CANDIDATE",12.26708306,2.7,,,,
4902202,"K04717.01","CANDIDATE",216.456055,11.067,1002.8,14.20,5645.00,1.1550
7282042,"K04718.01","FALSE POSITIVE",0.566803216,3.325,20.2,15.50,6473.00,1.1820
7523542,"K04719.01","FALSE POSITIVE",365.13981,4.46,531,7.90,5610.00,0.8150
3109937,"K04720.01","FALSE POSITIVE",37.809539,7.547,487.4,9.70,5595.00,0.8200
9386171,"K04721.01","FALSE POSITIVE",381.18654,9.73,985,9.00,4977.00,0.7340
6593734,"K04722.01","FALSE POSITIVE",0.58675746,1.508,143.8,18.40,5942.00,0.9380
9711297,"K04723.01","FALSE POSITIVE",373.74856,28.18,797.8,12.60,6343.00,1.1370
8395860,"K04724.01","FALSE POSITIVE",20.8822079,4.556,1107,11.00,5780.00,1.0000
7778621,"K04725.01","CONFIRMED",7.28171395,1.723,111.6,14.40,4970.00,1.8060
5956354,"K04726.01","FALSE POSITIVE",8.0386699,3.549,142,11.60,6018.00,0.9750
8377197,"K04727.01","FALSE POSITIVE",1.215181097,1.295,39.7,11.80,6717.00,1.3650
6137779,"K04728.01","FALSE POSITIVE",21.5324915,4.156,100.5,12.10,6737.00,1.4100
11913072,"K04729.01","FALSE POSITIVE",3.74779583,3.157,88.5,14.40,6341.00,1.1110
8752940,"K04730.01","CANDIDATE",9.07829171,0.783,530.9,7.00,5086.00,1.6110
9083470,"K04731.01","FALSE POSITIVE",0.91842238,5.664,162.9,12.90,5288.00,0.7400
7870282,"K04732.01","FALSE POSITIVE",0.580725004,2.071,105.2,18.00,5471.00,0.8410
9021075,"K04733.01","CONFIRMED",7.28116667,2.716,333.8,11.50,5008.00,0.7880
5783938,"K04734.01","FALSE POSITIVE",383.10017,8.8,579.4,10.00,6011.00,0.9020
11338056,"K04735.01","CANDIDATE",2.87998334,1.658,116.5,9.90,4951.00,0.8060
5282477,"K04736.01","FALSE POSITIVE",0.992798625,3.5065,582.5,79.10,6055.00,1.0980
7266212,"K04737.01","CANDIDATE",7.79534033,3.406,102.1,10.20,6156.00,1.0500
6681546,"K04738.01","FALSE POSITIVE",186.72243,13.35,326.4,11.50,6040.00,0.9990
6421137,"K04739.01","FALSE POSITIVE",118.4039,5.593,426,4.40,6486.00,1.6400
9893278,"K04740.01","FALSE POSITIVE",182.281992,8.828,509.3,8.70,5503.00,0.7420
8129005,"K04741.01","FALSE POSITIVE",7.1403113,5.891,112.1,11.80,6354.00,1.0160
4138008,"K04742.01","CONFIRMED",112.303136,5.869,502.1,13.10,4401.00,0.5950
6468904,"K04743.01","FALSE POSITIVE",49.5387264,2.238,740.6,10.30,5683.00,0.7470
5709906,"K04744.01","FALSE POSITIVE",3.39155966,3.87,28.4,8.20,5896.00,0.9140
11757451,"K04745.01","CONFIRMED",177.668663,9.298,901.4,12.70,4721.00,0.7010
2711597,"K04746.01","FALSE POSITIVE",0.98041685,0.919,105.7,8.80,4861.00,0.7220
8047428,"K04747.01","CONFIRMED",92.263742,8.605,296.9,12.20,6084.00,1.2830
11513486,"K04748.01","CONFIRMED",6.64754478,1.961,289.3,12.40,6046.00,1.0070
6520519,"K04749.01","CANDIDATE",1.97650073,1.788,112.5,10.40,5792.00,0.9230
5308296,"K04750.01","CANDIDATE",36.721576,7.758,538.2,10.20,5662.00,0.8400
9953575,"K04751.01","FALSE POSITIVE",362.69427,9.7,439.9,11.00,5288.00,1.7190
7887890,"K04752.01","FALSE POSITIVE",370.35639,12.75,732.2,13.00,6117.00,1.0250
4544628,"K04753.01","FALSE POSITIVE",0.729724346,2.699,23,14.30,6084.00,1.0300
10291589,"K04754.01","CANDIDATE",7.08757462,3.342,187,11.00,6060.00,0.9250
10118266,"K04755.01","CANDIDATE",3.74318005,1.111,237.5,10.50,5207.00,0.8510
5695615,"K04756.01","CANDIDATE",5.4169303,7.512,109.5,11.30,6355.00,1.1080
7435780,"K04757.01","FALSE POSITIVE",0.933157032,2.614,87.8,15.20,6499.00,1.1690
8938937,"K04758.01","FALSE POSITIVE",37.1083458,4.112,366.5,7.90,5591.00,0.8600
7949593,"K04759.01","CANDIDATE",17.7662938,3.079,181.1,10.10,5724.00,0.9460
9474232,"K04760.01","FALSE POSITIVE",13.6917833,4.198,145.4,14.20,5906.00,0.9310
3859151,"K04761.01","FALSE POSITIVE",25.95633,26.34,158.2,11.90,6139.00,0.8810
7098255,"K04762.01","CANDIDATE",11.56722589,2.507,373.7,11.50,4597.00,0.6910
8349399,"K04763.01","CANDIDATE",56.446465,7.371,147.9,12.40,5995.00,1.1170
6043562,"K04764.01","CANDIDATE",31.4202111,4.021,390.5,10.60,5269.00,0.7480
10615440,"K04765.01","CONFIRMED",10.8118317,2.627,76.8,9.50,6025.00,1.1960
4919550,"K04766.01","CANDIDATE",5.56676609,1.812,173.8,12.00,5032.00,0.8590
4919550,"K04766.02","FALSE POSITIVE",2.45261841,1.9,85.5,8.80,5216.00,0.7510
5802292,"K04767.01","FALSE POSITIVE",1.208528832,1.336,180.8,10.60,6072.00,0.9230
10221505,"K04768.01","CANDIDATE",3.43633133,0.675,473.5,14.50,5201.00,0.6510
6116035,"K04769.01","FALSE POSITIVE",449.57274,9.328,221.4,14.10,5691.00,2.0790
8958359,"K04770.01","FALSE POSITIVE",245.059374,9.549,165,15.10,6036.00,1.2650
11658036,"K04771.01","CANDIDATE",142.703888,5.808,225.5,11.00,6701.00,1.2890
8397947,"K04772.01","CANDIDATE",3.38080537,3.275,200.9,11.60,6072.00,1.1930
8397947,"K04772.02","CONFIRMED",9.0194714,5.92,191.6,7.20,5775.00,0.7680
8397947,"K04772.03","FALSE POSITIVE",39.0930875,5.687,476.3,10.10,6072.00,1.1930
7906892,"K04773.01","CANDIDATE",8.8493948,6.928,43.8,12.10,6095.00,1.1100
7906892,"K04773.02","CANDIDATE",11.1438086,7.905,41.7,10.90,6095.00,1.1100
4277304,"K04774.01","CANDIDATE",51.567801,5.514,210.1,13.50,5285.00,0.8760
8626325,"K04775.01","CANDIDATE",16.4491515,6.696,70.9,11.00,5334.00,2.7890
8054719,"K04776.01","CANDIDATE",7.5861587,4.32,116.8,10.80,5934.00,0.8710
6592335,"K04777.01","CONFIRMED",0.824000125,0.855,183.1,12.30,3396.00,0.2800
6592335,"K04777.02","FALSE POSITIVE",48.5023669,1.053,740,5.50,3396.00,0.2800
5651829,"K04778.01","FALSE POSITIVE",0.772152075,1.78,43.6,13.60,5951.00,2.0800
9094763,"K04779.01","FALSE POSITIVE",1.08469871,4.077,124,16.90,5942.00,0.9380
3849187,"K04780.01","CANDIDATE",6.60180003,2.624,213.4,8.10,5591.00,0.8600
5951416,"K04781.01","FALSE POSITIVE",367.73299,10.158,503.9,11.20,6225.00,0.9310
5951416,"K04781.02","FALSE POSITIVE",524.14139,11.603,403.7,9.20,6225.00,0.9310
8973285,"K04782.01","CANDIDATE",7.4213444,2.361,315.9,8.70,6032.00,0.9730
8973285,"K04782.02","CANDIDATE",4.29251656,4.254,249.5,11.00,6032.00,0.9730
4645833,"K04783.01","FALSE POSITIVE",0.743495989,2.255,172.8,26.00,5345.00,0.6860
8940918,"K04784.01","FALSE POSITIVE",1.405887031,1.184,216,13.80,4440.00,0.6530
6438379,"K04785.01","FALSE POSITIVE",389.14115,7.93,347.4,10.10,6043.00,0.8940
9145415,"K04786.01","FALSE POSITIVE",365.78863,12.76,885,10.50,5407.00,0.7520
4545926,"K04787.01","FALSE POSITIVE",2.4826619,2.115,37,10.00,6356.00,1.2250
9396760,"K04788.01","FALSE POSITIVE",2.17811908,1.468,74,9.80,6039.00,0.9210
5119619,"K04789.01","FALSE POSITIVE",1.11205787,1.459,118.7,16.10,6098.00,0.9320
8328916,"K04790.01","CANDIDATE",6.07855,3.408,102.7,10.40,6119.00,1.1140
11294883,"K04791.01","FALSE POSITIVE",427.65334,11.17,157.1,7.20,5325.00,1.5650
11618569,"K04792.01","CANDIDATE",5.75902182,2.687,70.8,9.90,6247.00,1.0660
6220312,"K04793.01","CANDIDATE",5.2736268,5.291,86.1,8.70,5851.00,0.9180
6358937,"K04794.01","CANDIDATE",24.5041103,6.065,119.5,11.30,5250.00,0.9620
9007609,"K04795.01","FALSE POSITIVE",1.316398648,1.169,182.5,13.10,5088.00,0.8060
11038580,"K04796.01","FALSE POSITIVE",419.4596,13.53,131.8,8.40,5248.00,1.8690
7771181,"K04797.01","CANDIDATE",9.97202023,1.425,329.7,8.60,4810.00,0.6960
10139390,"K04798.01","FALSE POSITIVE",358.56462,11.64,170.2,9.60,5375.00,0.7520
8278073,"K04799.01","CANDIDATE",12.0729757,3.783,99.5,9.70,5436.00,1.7070
3526331,"K04800.01","FALSE POSITIVE",2.23755641,2.089,101.1,7.30,6026.00,0.9240
10810859,"K04801.01","CANDIDATE",82.401274,6.48,430.7,10.10,5886.00,1.0000
3445812,"K04802.01","FALSE POSITIVE",0.605556082,1.2399,101.7,15.30,6123.00,0.8460
4473613,"K04803.01","CONFIRMED",4.36125889,2.174,189.2,10.70,5520.00,0.8730
10676750,"K04804.01","CANDIDATE",21.08678557,0.978,499.6,11.00,6084.00,0.8630
8960918,"K04805.01","FALSE POSITIVE",1.19087362,1.785,67.5,8.00,5158.00,0.8880
4647662,"K04806.01","FALSE POSITIVE",1.06484622,3.287,42.4,12.50,6445.00,1.0870
9822284,"K04807.01","FALSE POSITIVE",0.969824139,0.783,23.1,6.80,5780.00,1.0000
9419020,"K04808.01","CANDIDATE",2.40174996,1.413,254.4,13.20,3606.00,0.3990
4548162,"K04809.01","FALSE POSITIVE",10.0102876,5.33,127.1,7.00,4214.00,0.6010
4270799,"K04810.01","CANDIDATE",115.238544,7.653,516.7,10.60,5589.00,1.0370
8811490,"K04811.01","CANDIDATE",21.7434141,8.143,154.8,15.80,5767.00,1.4970
8043721,"K04812.01","FALSE POSITIVE",0.77957913,2.457,70.4,11.10,5699.00,0.8530
4840672,"K04813.01","CANDIDATE",9.2294726,2.446,199.3,7.50,4781.00,0.5960
9777556,"K04814.01","FALSE POSITIVE",1.33254897,3.083,591.7,16.20,4894.00,13.7770
7287677,"K04815.01","CANDIDATE",18.3721835,3.738,152.5,9.50,5937.00,0.8300
10753922,"K04816.01","FALSE POSITIVE",18.2260472,3.664,361.1,10.00,5440.00,0.9800
5980061,"K04817.01","FALSE POSITIVE",0.630539713,1.7407,239.6,27.70,5458.00,0.8940
9459162,"K04818.01","CANDIDATE",3.79892774,4.112,47,8.30,6831.00,2.1060
5024138,"K04819.01","FALSE POSITIVE",0.416995408,0.8928,112.6,19.90,6150.00,0.7810
9969287,"K04820.01","CANDIDATE",14.7401061,5.637,238,10.30,5999.00,0.9590
9086001,"K04821.01","FALSE POSITIVE",256.52387,9.07,126.1,7.50,6348.00,1.1800
9702945,"K04822.01","CANDIDATE",3.51413723,3.919,32.7,11.20,6201.00,0.9890
11401253,"K04823.01","CANDIDATE",4.96504981,2.212,50.7,8.70,5339.00,2.0110
7052511,"K04824.01","FALSE POSITIVE",0.821472455,2.433,127.1,11.30,4889.00,0.8360
4764774,"K04825.01","FALSE POSITIVE",1.29019586,3.741,86.5,11.10,5693.00,0.8420
10549902,"K04826.01","CANDIDATE",1.141148847,1.629,73.1,12.70,5438.00,1.9890
5651846,"K04827.01","CANDIDATE",31.1920226,2.849,447.8,11.60,5675.00,0.7770
10556180,"K04828.01","FALSE POSITIVE",1.02104719,6.39,246.1,18.50,6444.00,1.2000
12401132,"K04829.01","CANDIDATE",7.630545,3.63,364.9,11.30,6407.00,1.1790
12401132,"K04829.02","FALSE POSITIVE",12.083457,3.536,312.5,8.60,6422.00,1.1750
8308070,"K04830.01","FALSE POSITIVE",401.5907,14.77,115,11.90,6170.00,0.9390
6680911,"K04831.01","FALSE POSITIVE",207.471349,7.469,229.2,8.00,5731.00,1.0330
10356124,"K04832.01","FALSE POSITIVE",12.3748247,90.01,390.9,85.70,5165.00,3.5980
10584140,"K04833.01","CANDIDATE",4.31724247,4.126,59,11.30,5992.00,1.3100
8233326,"K04834.01","CANDIDATE",3.74099144,5.428,34.3,12.30,5110.00,3.2310
10034146,"K04835.01","FALSE POSITIVE",0.93198504,2.0472,326.6,44.50,5470.00,0.7770
4175105,"K04836.01","FALSE POSITIVE",0.60818508,0.909,144.7,18.90,5981.00,1.0430
5645170,"K04837.01","CANDIDATE",5.38613715,1.943,169.3,8.90,5516.00,0.6560
8216763,"K04838.01","CANDIDATE",13.2965044,5.68,133.4,9.10,4352.00,0.6130
8216763,"K04838.02","CANDIDATE",6.33342309,3.46,123.3,7.50,4352.00,0.6130
8216763,"K04838.03","CANDIDATE",24.0721647,3.171,177.3,6.70,4352.00,0.6130
9110610,"K04839.01","CANDIDATE",21.8420304,3.843,79.5,9.50,6194.00,2.2410
6665860,"K04840.01","CANDIDATE",10.4716194,4.512,123.9,11.70,5812.00,1.5740
5480884,"K04841.01","FALSE POSITIVE",0.708726708,0.753,313.6,13.40,4607.00,0.5150
12506417,"K04842.01","FALSE POSITIVE",283.72675,15.49,84.6,9.30,6496.00,1.2570
10187563,"K04843.01","FALSE POSITIVE",373.60683,8.752,534.8,9.30,6184.00,1.0380
3098605,"K04844.01","CANDIDATE",0.428046051,0.776,126,14.10,5285.00,0.7750
11456405,"K04845.01","FALSE POSITIVE",0.814278961,2.087,72,13.00,5537.00,0.8860
8320630,"K04846.01","CANDIDATE",19.254536,4.754,186,9.20,5668.00,0.8680
8320630,"K04846.02","CANDIDATE",32.526674,6.842,204.9,9.70,5668.00,0.8680
4544684,"K04847.01","FALSE POSITIVE",2.1890751,2.365,94.8,12.60,6077.00,0.8910
9005321,"K04848.01","CANDIDATE",384.6961,6.167,787,8.20,4228.00,0.6230
2976017,"K04849.01","CANDIDATE",3.19938075,1.761,76.1,9.80,5483.00,0.7020
6786224,"K04850.01","CANDIDATE",3.04185157,1.434,69,11.10,5802.00,0.8570
4851239,"K04851.01","FALSE POSITIVE",1.23512429,4.22,15.2,15.70,5798.00,0.9410
11072016,"K04852.01","CANDIDATE",1.89873195,1.382,78,10.20,5942.00,1.0500
3758922,"K04853.01","CANDIDATE",17.7412303,4.816,144.7,9.20,5817.00,0.9560
8360041,"K04854.01","CANDIDATE",2.63527677,1.997,70.4,10.70,5215.00,0.8640
9827596,"K04855.01","FALSE POSITIVE",1.45728997,3.582,71.3,15.50,6063.00,1.0120
9782748,"K04856.01","CANDIDATE",147.388124,8.781,909.2,15.80,6046.00,1.0070
2860656,"K04857.01","CANDIDATE",4.11497357,3.025,154.1,9.70,6011.00,0.9270
9582496,"K04858.01","FALSE POSITIVE",224.447413,4.986,651,7.90,5489.00,0.7980
7094944,"K04859.01","CANDIDATE",7.5019743,2.582,248,9.10,4807.00,0.7580
3343281,"K04860.01","FALSE POSITIVE",21.8660922,2.03,301.6,9.20,6309.00,1.0770
6425597,"K04861.01","CANDIDATE",29.1206519,2.89,415.5,9.70,5671.00,0.7880
11973517,"K04862.01","CANDIDATE",0.903763067,0.562,267.5,12.60,4430.00,0.6510
5471566,"K04863.01","FALSE POSITIVE",0.9628348,2.259,92.8,7.60,5559.00,0.8380
7345248,"K04864.01","CANDIDATE",5.66494448,4.173,46,11.40,5888.00,1.1300
5814013,"K04865.01","FALSE POSITIVE",1.57017249,2.257,158.4,10.20,5300.00,0.6600
7117355,"K04866.01","FALSE POSITIVE",0.566798364,3.172,38.6,14.10,5864.00,1.0400
9509223,"K04867.01","FALSE POSITIVE",14.2005007,5.232,80.6,10.60,6332.00,1.0650
6720773,"K04868.01","FALSE POSITIVE",1.318347743,0.871,113.2,10.60,6143.00,1.1210
8056651,"K04869.01","FALSE POSITIVE",5.5834987,2.484,87.4,11.80,6517.00,1.3750
4665991,"K04870.01","FALSE POSITIVE",1.12401084,3.052,43.6,10.00,5941.00,0.9110
6767227,"K04871.01","CANDIDATE",4.08197713,2.943,26.2,9.30,6538.00,1.1560
6767227,"K04871.02","CANDIDATE",5.522479,2.666,33.1,8.60,6532.00,1.2470
11496490,"K04872.01","FALSE POSITIVE",1.035268597,0.5663,112.2,15.10,6332.00,1.2050
1430305,"K04873.01","FALSE POSITIVE",359.3259,9.836,246.2,13.50,6570.00,2.2700
7117549,"K04874.01","FALSE POSITIVE",0.566805268,3.721,35.7,12.50,6403.00,1.0860
2986833,"K04875.01","CANDIDATE",0.912179022,1.332,144.6,10.30,3880.00,0.5550
8940700,"K04876.01","FALSE POSITIVE",190.60563,14.33,153.6,11.60,6200.00,1.2870
9581589,"K04877.01","CANDIDATE",5.19206571,3.716,66.6,10.50,6322.00,1.0750
11804437,"K04878.01","CANDIDATE",449.01499,12.58,94.2,8.50,6031.00,1.0680
9850966,"K04879.01","FALSE POSITIVE",8.480305,6.19,304.2,11.50,4895.00,0.6960
8747009,"K04880.01","FALSE POSITIVE",410.11676,13.97,216.9,11.20,5587.00,0.9650
8094120,"K04881.01","CANDIDATE",5.6795377,3.757,52,12.50,6514.00,1.5850
8094120,"K04881.02","FALSE POSITIVE",0.706423768,1.0597,46.1,15.90,6514.00,1.5850
6522824,"K04882.01","FALSE POSITIVE",17.4453133,5.14,327.7,12.20,4927.00,3.0400
6802536,"K04883.01","FALSE POSITIVE",2.9788702,9.3,,,,
4750341,"K04884.01","FALSE POSITIVE",1.97515457,2.633,66.1,9.20,5571.00,1.1450
9935642,"K04885.01","CANDIDATE",9.33955596,2.058,245.1,10.10,5516.00,1.1010
7692248,"K04886.01","CANDIDATE",17.99562529,0.871,1068,12.10,5999.00,0.9590
4059887,"K04887.01","FALSE POSITIVE",1.018347376,4.386,47.8,33.30,5858.00,2.6380
8288741,"K04888.01","FALSE POSITIVE",0.659299289,0.6908,1118.5,108.60,5791.00,0.8520
6852354,"K04889.01","FALSE POSITIVE",101.97435125,2.34,,,,
6691169,"K04890.01","CANDIDATE",63.095068,9.485,496.8,11.40,6622.00,1.3250
10747501,"K04891.01","CANDIDATE",4.7309013,2.889,228.5,11.60,5941.00,0.9110
10586744,"K04892.01","CANDIDATE",21.3761817,8.543,104,12.10,5984.00,1.0520
11970050,"K04893.01","CANDIDATE",6.58753699,2.043,232.1,8.20,6014.00,0.9930
10031918,"K04894.01","FALSE POSITIVE",8.5900471,3.463,137,9.60,4914.00,0.7070
12416597,"K04895.01","CANDIDATE",12.460565,3.903,143.9,10.20,5435.00,0.9330
12416597,"K04895.02","CANDIDATE",47.5571352,1.708,339,6.70,5861.00,0.9580
11135694,"K04896.01","CANDIDATE",19.5945772,6.77,129.3,8.80,6118.00,1.0230
11135694,"K04896.02","CANDIDATE",49.537365,9.862,201.7,10.10,6118.00,1.0230
9910828,"K04897.01","FALSE POSITIVE",8.48032079,5.791,170.7,14.70,5415.00,0.7280
10065053,"K04898.01","CANDIDATE",409.87844,10.58,647.1,8.70,6167.00,1.0640
11867608,"K04899.01","FALSE POSITIVE",227.6258,9.47,131,8.80,6240.00,1.5490
6424561,"K04900.01","CANDIDATE",6.6716723,2.693,154.4,10.30,6086.00,1.0210
10661917,"K04901.01","FALSE POSITIVE",1.23142395,2.186,19.6,10.80,6011.00,1.7300
10000162,"K04902.01","CANDIDATE",409.38645,13.78,531.5,10.30,4955.00,0.7990
7799701,"K04903.01","FALSE POSITIVE",386.828262,5.045,1024.9,19.70,6384.00,1.6150
8803757,"K04904.01","CANDIDATE",3.5944891,2.557,89.9,10.40,5523.00,1.0460
12021811,"K04905.01","FALSE POSITIVE",0.739404894,1.753,246.8,21.00,4205.00,0.6240
9479306,"K04906.01","CANDIDATE",4.8608059,1.966,252.1,8.90,5541.00,0.7570
5437762,"K04907.01","CANDIDATE",4.04481159,2.479,33,7.50,6358.00,1.1410
3962684,"K04908.01","FALSE POSITIVE",25.949641315,11.6411,67.8,7.60,5109.00,1.9220
2437897,"K04909.01","FALSE POSITIVE",1.65320144,1.525,132.1,6.70,4544.00,0.6610
9307966,"K04910.01","FALSE POSITIVE",3.37487541,3.085,53.8,8.30,6181.00,1.0060
2554853,"K04911.01","FALSE POSITIVE",309.494217,13.716,292,14.50,6908.00,1.6140
5208962,"K04912.01","CANDIDATE",0.876850385,1.534,59.2,9.70,6102.00,1.7560
5769810,"K04913.01","CANDIDATE",6.78788113,2.26,73.1,7.80,6537.00,2.8290
5769810,"K04913.02","CANDIDATE",8.97377221,2.135,106.5,9.40,6537.00,2.8290
12071754,"K04914.01","CANDIDATE",5.47455167,3.71,73.2,10.80,5611.00,1.3120
1161949,"K04920.01","FALSE POSITIVE",473.95103,11.778,330.6,9.60,6513.00,1.8100
1164301,"K04921.01","CANDIDATE",95.688682,6.465,453.8,9.80,5040.00,13.0560
1297263,"K04922.01","FALSE POSITIVE",153.521361,3.893,255.2,5.70,6233.00,1.9210
1429589,"K04923.01","CANDIDATE",38.168652,5.086,90.6,8.30,6164.00,1.4650
1572948,"K04924.01","FALSE POSITIVE",3.0031801,2.814,374.7,13.90,6606.00,1.7680
1725193,"K04925.01","FALSE POSITIVE",2.96384168,5.4768,35652.8,607.50,6095.00,1.1580
1865864,"K04926.01","CANDIDATE",69.089357,6.207,475.1,8.60,4848.00,0.6980
1870398,"K04927.01","FALSE POSITIVE",43.142257,61.73,283.2,30.50,6198.00,1.7690
1873513,"K04928.01","CONFIRMED",3.290304098,1.7215,13552.6,220.50,3386.00,0.4270
2010607,"K04929.01","FALSE POSITIVE",18.622214,4.42,5832,20.10,6235.00,2.4710
2015013,"K04930.01","FALSE POSITIVE",27.8923345,2.204,139.6,9.00,5873.00,1.7800
2019199,"K04931.01","CANDIDATE",579.81521,5.43,607,7.90,5822.00,0.9690
2158460,"K04932.01","CANDIDATE",19.12788374,2,,,,
2163226,"K04933.01","FALSE POSITIVE",452.10093,12.69,464,6.20,6276.00,0.9560
2165352,"K04934.01","FALSE POSITIVE",0.7906069,3.3996,689.2,133.30,4994.00,0.7200
2305255,"K04935.01","FALSE POSITIVE",24.5714867,29.96,506.4,31.10,5977.00,0.9560
2305543,"K04936.01","FALSE POSITIVE",0.681137796,2.7287,105189,432.50,5872.00,0.8640
2309910,"K04937.01","FALSE POSITIVE",1.8437362,21.04,341.1,83.40,6032.00,1.1140
2310993,"K04938.01","CANDIDATE",55.180772,9.791,474.6,11.50,6306.00,1.0760
2437209,"K04939.01","FALSE POSITIVE",281.36926,66.892,12435,135.60,4818.00,5.3030
2437653,"K04940.01","CANDIDATE",84.6405853,2.657,784,8.20,4386.00,0.6300
2438406,"K04941.01","FALSE POSITIVE",262.71162,7.72,1449,7.00,5398.00,0.9900
2452289,"K04942.01","FALSE POSITIVE",6.0353643,9.211,47.2,23.40,7377.00,2.5520
2555080,"K04943.01","CANDIDATE",15.2024426,8.11,834,4.00,3984.00,41.3670
2569488,"K04944.01","FALSE POSITIVE",1.52327807,3.813,924.2,78.50,4477.00,7.9120
2569516,"K04945.01","FALSE POSITIVE",45.5827119,3.193,76.5,9.60,7266.00,2.7150
2570432,"K04946.01","FALSE POSITIVE",1.89140138,9.52,557.6,12.40,5504.00,0.9520
2574543,"K04947.01","FALSE POSITIVE",6.70258007,4.632,859,23.00,4799.00,13.6520
2578811,"K04948.01","FALSE POSITIVE",6.2095391,2.752,47.9,8.30,3861.00,46.1690
2582800,"K04949.01","FALSE POSITIVE",615.16033,3.958,267.1,5.40,7937.00,2.7110
2707916,"K04950.01","FALSE POSITIVE",1.89124738,4.697,410,17.40,4615.00,0.5890
2708270,"K04951.01","FALSE POSITIVE",1.89125883,4.656,274.5,15.30,4449.00,14.8940
2710101,"K04952.01","FALSE POSITIVE",28.88008607,1.35,,,,
2711123,"K04953.01","FALSE POSITIVE",2.858879267,2.3753,644.5,37.10,4893.00,16.2740
2833632,"K04954.01","FALSE POSITIVE",241.647602,1.742,361.7,5.60,5962.00,0.9890
2836076,"K04955.01","FALSE POSITIVE",528.07962334,3.49,,,,
2850321,"K04956.01","FALSE POSITIVE",25.2218929,14.84,,,,
2861126,"K04957.01","FALSE POSITIVE",105.52127462,2.52,,,,
2861126,"K04957.02","CANDIDATE",4.98792404,1.618,346.2,9.70,3606.00,0.3950
2861298,"K04958.01","CANDIDATE",581.729006,6.647,186.7,8.60,5765.00,2.0050
2987433,"K04959.01","FALSE POSITIVE",420.92920358,17.3985,86013.1,1740.20,6461.00,1.1970
2992634,"K04960.01","CANDIDATE",47.82278681,1.19,,,,
3001955,"K04961.01","CANDIDATE",348.96347,13.84,585.2,11.80,4823.00,0.7920
3003673,"K04962.01","FALSE POSITIVE",57.1143966,2.182,268.8,5.90,6136.00,1.1060
3101178,"K04963.01","CANDIDATE",59.4037839,10.041,123.5,17.00,6373.00,1.2090
3117115,"K04964.01","FALSE POSITIVE",485.91276,2.42,1368,7.00,5957.00,0.9370
3120397,"K04965.01","FALSE POSITIVE",20.5311708,5.67,284.6,9.80,5398.00,0.8050
3222680,"K04966.01","FALSE POSITIVE",2.31164074,2.317,488.7,24.60,4883.00,18.4270
3239171,"K04967.01","CANDIDATE",43.581043,6.883,348.7,8.70,6225.00,1.0310
3240049,"K04968.01","FALSE POSITIVE",2.945414866,2.702,968.7,47.50,4403.00,12.9270
3242039,"K04969.01","CANDIDATE",59.14382117,1.74,,,,
3245638,"K04970.01","FALSE POSITIVE",232.822285,0.99,22617,8.80,6106.00,0.9660
3329985,"K04971.01","FALSE POSITIVE",146.355097,5.034,820,6.00,3401.00,0.2900
3340165,"K04972.01","CANDIDATE",26.092284,6.623,122.4,12.20,6346.00,1.2140
3341760,"K04973.01","FALSE POSITIVE",0.523493764,0.9015,54,23.50,6122.00,2.4550
3341982,"K04974.01","FALSE POSITIVE",514.14221,4.153,1491,5.80,5524.00,0.7800
3355104,"K04975.01","CANDIDATE",47.0628978,1.545,1647,14.50,5838.00,0.8970
3356156,"K04976.01","CANDIDATE",624.90338,12.169,249,10.60,7089.00,1.7290
3425363,"K04977.01","CANDIDATE",25.5338535,2.076,368,8.30,4445.00,0.6350
3428127,"K04978.01","CANDIDATE",339.18998,5.117,822,7.60,5544.00,0.9660
3428359,"K04979.01","FALSE POSITIVE",77.66967809,3.01,,,,
3439031,"K04980.01","FALSE POSITIVE",2.976012511,6.52033,449091,3630.40,6572.00,1.0800
3441795,"K04981.01","CANDIDATE",349.73652,3.428,886,6.00,5310.00,0.7960
3449540,"K04982.01","FALSE POSITIVE",1.606003121,4.88602,402550,4679.30,5297.00,5.0590
3449870,"K04983.01","FALSE POSITIVE",61.438007,3.861,253,9.00,5080.00,8.5270
3459529,"K04984.01","FALSE POSITIVE",231.364508,4.747,1488,9.20,4691.00,0.6040
3532510,"K04985.01","FALSE POSITIVE",106.779168,1.905,163,6.30,7158.00,1.4940
3540873,"K04986.01","CANDIDATE",444.04257,10.9,417.4,7.40,5776.00,0.7260
3542117,"K04987.01","FALSE POSITIVE",12.5748872,3.549,731,7.80,3552.00,0.3870
3542928,"K04988.01","FALSE POSITIVE",484.172005,4.566,518.2,11.30,5858.00,1.0400
3545749,"K04989.01","FALSE POSITIVE",277.77499,7.07,1078,9.20,4949.00,0.7300
3546821,"K04990.01","FALSE POSITIVE",561.08191,14.94,229.1,9.80,6014.00,1.2580
3548645,"K04991.01","CANDIDATE",211.330867,4.66,531,7.50,5941.00,0.9110
3553900,"K04992.01","CANDIDATE",12.5747207,2.896,323.3,10.50,5654.00,0.7740
3554819,"K04993.01","FALSE POSITIVE",43.22793081,1.39,,,,
3555178,"K04994.01","FALSE POSITIVE",528.10984,18.01,89.8,8.40,5618.00,0.8110
3632330,"K04995.01","FALSE POSITIVE",63.12379762,1.87,,,,
3641216,"K04996.01","FALSE POSITIVE",358.54455552,11.46,,,,
3644399,"K04997.01","FALSE POSITIVE",119.669671,20.67,421.9,14.20,6382.00,1.0590
3644649,"K04998.01","FALSE POSITIVE",598.31791,16.07,283.2,8.30,5216.00,0.7350
3646449,"K04999.01","CANDIDATE",65.752109,6.854,382.5,9.90,5816.00,1.0300
3646515,"K05000.01","FALSE POSITIVE",249.61377295,3.2,,,,
3647097,"K05001.01","CANDIDATE",59.9655175,1.89,310.1,5.50,5729.00,1.1050
3730176,"K05002.01","FALSE POSITIVE",399.49671,5.351,139.3,6.90,6224.00,1.1770
3748239,"K05003.01","CANDIDATE",112.951287,4.284,555.6,7.30,5215.00,6.4280
3751118,"K05004.01","CANDIDATE",103.363691,6.012,359.1,9.40,5762.00,1.0220
3755522,"K05005.01","FALSE POSITIVE",251.958533,4.742,204.1,15.30,5870.00,0.9850
3757521,"K05006.01","CANDIDATE",126.51457638,2.15,,,,
3758499,"K05007.01","CANDIDATE",14.5168151,5.796,86,11.70,5934.00,1.8850
3758499,"K05007.02","CANDIDATE",80.881757,12.568,142.7,12.20,5934.00,1.8850
3763724,"K05008.01","FALSE POSITIVE",225.43420422,13.02,,,,
3834728,"K05009.01","CANDIDATE",359.98653,3.866,671,5.60,5171.00,0.6770
3836450,"K05010.01","FALSE POSITIVE",1.540399732,1.63,57.6,14.80,5160.00,0.7840
3836509,"K05011.01","FALSE POSITIVE",1.540389045,1.8325,485.7,48.60,4964.00,15.1550
3836522,"K05012.01","FALSE POSITIVE",1.540393027,1.75,526.2,72.10,5466.00,0.9460
3846515,"K05013.01","FALSE POSITIVE",0.888045184,2.1961,90.6,26.60,6316.00,2.0870
3848665,"K05014.01","FALSE POSITIVE",359.04147,14.04,3658,11.20,4596.00,0.6960
3848919,"K05015.01","FALSE POSITIVE",0.52363021,3.45121,367102,1948.20,5407.00,0.7450
3848948,"K05016.01","FALSE POSITIVE",0.523632451,1.99,8.1,13.90,8277.00,3.5180
3852865,"K05017.01","FALSE POSITIVE",492.25299,5.077,372.7,11.60,5755.00,0.9360
3854101,"K05018.01","FALSE POSITIVE",293.5056071,3.4075,6824,51.00,5455.00,1.0060
3858926,"K05019.01","FALSE POSITIVE",25.95247,12.945,80.8,16.40,7351.00,1.6790
3859890,"K05020.01","FALSE POSITIVE",4.34573349,2.246,73.5,9.70,5967.00,0.9760
3863877,"K05021.01","CANDIDATE",288.07937,3.161,991,7.60,5825.00,0.9650
3865815,"K05022.01","CANDIDATE",117.26808432,2.2,,,,
3867593,"K05023.01","FALSE POSITIVE",73.3377984,9.029,114900,155.50,7276.00,1.3210
3941219,"K05024.01","FALSE POSITIVE",282.159571,5.069,196.3,14.20,6677.00,2.1080
3953106,"K05025.01","FALSE POSITIVE",6.58729511,8.3582,127965,304.20,5619.00,1.4060
3953212,"K05026.01","FALSE POSITIVE",459.23193,17.722,418.7,19.50,6067.00,1.1160
3955444,"K05027.01","CANDIDATE",62.312419,5.561,123,9.10,4999.00,5.6150
3962728,"K05028.01","FALSE POSITIVE",25.9493253,12.17,354.5,13.10,4835.00,0.5260
3965326,"K05029.01","FALSE POSITIVE",212.76701,12.8,74.3,6.80,6098.00,1.2450
3968809,"K05030.01","CANDIDATE",411.8969,6.203,502.8,8.50,6362.00,1.1440
3970397,"K05031.01","FALSE POSITIVE",34.33339948,2.45,,,,
3973549,"K05032.01","FALSE POSITIVE",1.389947459,1.193,1213.8,136.40,5999.00,0.9500
3974928,"K05033.01","CANDIDATE",127.671711,2.637,450.1,8.00,4985.00,2.6330
4058169,"K05034.01","FALSE POSITIVE",282.5363563,10.3088,29233.2,854.10,6401.00,1.4100
4063943,"K05035.01","CANDIDATE",115.23145073,2.01,,,,
4068391,"K05036.01","FALSE POSITIVE",289.490952,3.91,773,6.60,5978.00,1.0320
4071638,"K05037.01","CANDIDATE",349.58811,5.052,373.3,11.60,3860.00,74.3200
4077252,"K05038.01","FALSE POSITIVE",0.534109403,0.9513,78.3,37.00,10747.00,2.4320
4077767,"K05039.01","FALSE POSITIVE",168.77118,2.263,2045,5.50,4936.00,0.7190
4135912,"K05040.01","CANDIDATE",29.6094263,2.71,224.9,10.80,6079.00,1.7830
4144238,"K05041.01","FALSE POSITIVE",22.9138322,4.855,340.3,8.00,6154.00,1.3340
4147171,"K05042.01","FALSE POSITIVE",538.36855,19.26,545.5,7.00,6148.00,1.0150
4149060,"K05043.01","FALSE POSITIVE",65.5327181,2.256,373.4,5.90,5755.00,0.9230
4150972,"K05044.01","CANDIDATE",161.537665,2.65,101.8,5.90,6033.00,1.3580
4160006,"K05045.01","FALSE POSITIVE",1.018360336,7.622,393969,967.40,6160.00,1.4630
4164511,"K05046.01","CANDIDATE",40.9882124,3.599,145.8,11.30,6705.00,1.1740
4179201,"K05047.01","FALSE POSITIVE",326.70552,3.36,794,9.10,6036.00,0.9980
4241238,"K05048.01","CANDIDATE",138.333748,2.391,603.6,8.40,4948.00,2.5470
4242806,"K05049.01","FALSE POSITIVE",343.49816,7.46,431,7.10,4256.00,0.6240
4245861,"K05050.01","FALSE POSITIVE",11.2582311,16.89,300.4,22.20,5242.00,0.7220
4246343,"K05051.01","FALSE POSITIVE",139.54219147,3.42,,,,
4253860,"K05052.01","FALSE POSITIVE",155.046089,10.205,2238,36.70,6513.00,12.6130
4274816,"K05053.01","FALSE POSITIVE",14.3641542,2.629,89.2,6.50,5925.00,1.0330
4276114,"K05054.01","FALSE POSITIVE",3.722404453,2.5214,55368,148.90,5747.00,0.7990
4281023,"K05055.01","FALSE POSITIVE",230.385488,3.134,568.1,9.30,5024.00,4.3310
4281700,"K05056.01","FALSE POSITIVE",222.84909312,2.43,,,,
4346339,"K05057.01","CANDIDATE",493.74242,5.685,506.1,12.40,5015.00,3.2430
4365461,"K05058.01","FALSE POSITIVE",1.714414962,5.17207,110132,6485.80,6351.00,1.6130
4366923,"K05059.01","FALSE POSITIVE",646.28789332,5.39144,58605.3,1107.10,6582.00,1.7770
4449752,"K05060.01","FALSE POSITIVE",290.438547,12.85,212.9,11.90,5392.00,0.7750
4455763,"K05061.01","FALSE POSITIVE",0.766298172,1.78462,19400.9,368.90,6267.00,0.9960
4459503,"K05062.01","FALSE POSITIVE",260.31119904,3.23,,,,
4464689,"K05063.01","FALSE POSITIVE",574.37064,11.89,227.6,12.00,6749.00,1.9050
4469825,"K05064.01","FALSE POSITIVE",253.87706,11.18,265.6,5.70,6553.00,1.0860
4470888,"K05065.01","FALSE POSITIVE",523.36921,1.007,9918,8.40,6397.00,0.9130
4471313,"K05066.01","CANDIDATE",110.089267,1.575,1018,5.60,5465.00,0.7500
4478142,"K05067.01","CANDIDATE",219.931324,4.818,641,7.10,5557.00,0.9120
4484179,"K05068.01","CANDIDATE",385.29212,19.417,218.5,15.10,6440.00,1.0530
4540508,"K05069.01","FALSE POSITIVE",362.1273,6.719,1098,6.50,3734.00,0.5130
4565943,"K05070.01","FALSE POSITIVE",353.36705,3.279,34.1,7.00,8892.00,4.3500
4566848,"K05071.01","CANDIDATE",180.4118581,3.29,4268,33.20,6032.00,0.9730
4570555,"K05072.01","FALSE POSITIVE",4.750256809,1.9278,395.1,42.70,5161.00,5.7530
4586482,"K05073.01","FALSE POSITIVE",623.005238,23.5615,140332,2386.60,5689.00,1.2070
4647949,"K05074.01","FALSE POSITIVE",45.41810604,5.3,,,,
4678873,"K05075.01","FALSE POSITIVE",1.878877205,5.8768,104026,525.40,7542.00,1.9990
4732015,"K05076.01","FALSE POSITIVE",0.938857507,3.98767,12960.3,962.60,4217.00,27.6760
4732015,"K05076.02","FALSE POSITIVE",0.939740093,3.682,106.5,14.30,4297.00,33.4740
4732137,"K05077.01","FALSE POSITIVE",393.946106,6.012,747.5,10.90,4888.00,4.6220
4736439,"K05078.01","FALSE POSITIVE",194.896925,2.504,557.4,8.80,5269.00,3.7060
4737848,"K05079.01","CANDIDATE",56.001782,1.706,125.2,7.20,6116.00,1.3320
4740375,"K05080.01","FALSE POSITIVE",471.95076253,5.03,,,,
4741777,"K05081.01","FALSE POSITIVE",101.928291,2.171,243.5,6.30,5489.00,1.1100
4750406,"K05082.01","FALSE POSITIVE",379.63135,16.78,1036.2,13.80,4847.00,0.5270
4750962,"K05083.01","CANDIDATE",69.932459,2.03,264.4,8.40,5207.00,5.1830
4760478,"K05084.01","CONFIRMED",287.377314,18.821,4376.9,60.40,5548.00,1.7930
4761427,"K05085.01","CANDIDATE",327.063,8.06,1006,8.80,5750.00,0.8820
4769799,"K05086.01","FALSE POSITIVE",21.92866538,9.7526,22178.4,664.60,5001.00,3.0280
4770798,"K05087.01","CANDIDATE",651.07431,5.603,153.7,7.10,5696.00,1.2610
4813750,"K05088.01","CANDIDATE",49.1782244,5.8,449,9.40,5674.00,0.8390
4814168,"K05089.01","FALSE POSITIVE",545.54618,6.944,177.7,9.00,6432.00,1.4760
4815612,"K05090.01","FALSE POSITIVE",1.928420823,3.8253,191238,438.30,6615.00,1.3260
4819158,"K05091.01","FALSE POSITIVE",328.84846,5.45,901,6.00,5382.00,0.7240
4833409,"K05092.01","CANDIDATE",271.790292,2.944,318.4,8.10,6484.00,1.3200
4840327,"K05093.01","FALSE POSITIVE",26.737139497,4.68919,53516.1,4731.10,5794.00,1.1550
4843751,"K05094.01","FALSE POSITIVE",310.61299,2.562,920,6.50,6063.00,1.0010
4856592,"K05095.01","FALSE POSITIVE",461.1417,3.875,382,9.40,5071.00,3.6980
4863260,"K05096.01","FALSE POSITIVE",0.987069622,1.0092,384.8,2.50,6602.00,1.2230
4902673,"K05097.01","FALSE POSITIVE",329.71491,12.11,337,6.00,5576.00,0.7580
4912650,"K05098.01","CANDIDATE",100.345648,7.939,372.3,15.20,5180.00,0.8000
4914221,"K05099.01","CANDIDATE",111.187116,3.569,110.8,7.30,5806.00,1.2810
4914399,"K05100.01","FALSE POSITIVE",1.23708565,5.743,803.8,55.30,6556.00,1.3240
4915582,"K05101.01","CANDIDATE",436.18813,11.35,118,8.70,6499.00,1.4970
4917357,"K05102.01","FALSE POSITIVE",147.863607,1.948,560,6.60,5485.00,0.8670
4917658,"K05103.01","FALSE POSITIVE",586.91711807,5.32,,,,
4918303,"K05104.01","CANDIDATE",21.1579573,4.706,215.9,10.20,6063.00,1.0120
4927738,"K05105.01","FALSE POSITIVE",19.545185,1.597,40.2,5.40,6273.00,1.1600
4937140,"K05106.01","FALSE POSITIVE",215.044269,3.517,351.1,8.70,5651.00,1.0200
4940376,"K05107.01","CANDIDATE",169.330666,2.6,532.7,9.70,5106.00,7.0520
4945035,"K05108.01","FALSE POSITIVE",1.174683069,2.5167,356.4,87.50,5974.00,1.1430
4946581,"K05109.01","FALSE POSITIVE",28.615014,24.74,70.5,13.50,5562.00,1.9870
4953262,"K05110.01","CANDIDATE",105.5904748,2.188,292.4,9.50,4869.00,4.3830
4996558,"K05111.01","FALSE POSITIVE",3.017155419,13.3898,1381.8,223.50,5893.00,1.3020
5006817,"K05112.01","FALSE POSITIVE",94.818136,83.31,,,,
5008775,"K05113.01","FALSE POSITIVE",52.6727624,3.039,248,6.70,6184.00,1.0380
5015027,"K05114.01","FALSE POSITIVE",34.4886903,1.22,59.9,6.30,5629.00,0.8860
5016163,"K05115.01","FALSE POSITIVE",2.6228301,7.29719,409714,5312.70,6233.00,0.9880
5024476,"K05116.01","FALSE POSITIVE",222.068928,1.938,643,6.70,5221.00,12.0420
5027859,"K05117.01","CANDIDATE",33.3726538,3.663,618.4,10.10,5504.00,0.7960
5032842,"K05118.01","FALSE POSITIVE",18.40783671,1.55,,,,
5036052,"K05119.01","CANDIDATE",143.163697,4.854,390.3,12.90,5145.00,7.6530
5037742,"K05120.01","FALSE POSITIVE",250.4858,12.72,674.6,13.20,5377.00,0.8140
5039053,"K05121.01","FALSE POSITIVE",401.38712,32.21,166.2,18.60,5858.00,1.4980
5080565,"K05122.01","FALSE POSITIVE",49.312677,4.057,1713,6.60,4541.00,0.6660
5091808,"K05123.01","FALSE POSITIVE",288.94276,11.43,160.6,6.70,5786.00,0.8270
5094412,"K05124.01","CANDIDATE",276.879492,3.779,1762,10.40,5324.00,0.9660
5105886,"K05125.01","FALSE POSITIVE",389.169027,3.759,513.3,7.70,5075.00,6.9180
5110453,"K05126.01","CANDIDATE",418.04355,10.777,481.6,10.80,5110.00,5.4690
5113146,"K05127.01","FALSE POSITIVE",18.78970984,4.13997,40789.1,488.70,6477.00,0.8840
5130563,"K05128.01","FALSE POSITIVE",0.915782856,2.24,301,7.70,6318.00,1.3330
5131276,"K05129.01","FALSE POSITIVE",0.66882716,1.069,68.2,6.20,3711.00,150.0910
5166811,"K05130.01","CANDIDATE",370.05918,11.86,669.8,8.60,5228.00,0.7510
5174677,"K05131.01","FALSE POSITIVE",43.5428781,3.6768,5447,52.10,6669.00,1.4270
5179609,"K05132.01","FALSE POSITIVE",43.9311596,12.9395,9304.4,1070.30,4888.00,5.1320
5181086,"K05133.01","FALSE POSITIVE",494.62409,8.36,307,6.00,4302.00,0.6040
5181299,"K05134.01","CANDIDATE",573.23826,2.641,470.1,6.80,5172.00,3.2640
5184144,"K05135.01","CANDIDATE",314.765374,3.325,732,7.50,5228.00,0.7550
5192660,"K05136.01","FALSE POSITIVE",110.75214125,2.09,,,,
5193813,"K05137.01","FALSE POSITIVE",121.1825045,2.97,,,,
5199426,"K05138.01","FALSE POSITIVE",78.60436061,4.65559,78104,2384.60,5938.00,0.9850
5211631,"K05139.01","FALSE POSITIVE",294.202469,2.36,248.2,5.20,6897.00,1.6350
5213005,"K05140.01","FALSE POSITIVE",484.58335927,3.2,,,,
5213811,"K05141.01","FALSE POSITIVE",288.285213,5.343,378.1,11.50,6171.00,1.1270
5255259,"K05142.01","CANDIDATE",198.895864,4.193,1779,13.00,5184.00,0.8080
5260419,"K05143.01","FALSE POSITIVE",19.93826636,1.77,,,,
5262539,"K05144.01","FALSE POSITIVE",491.08027,7.42,335.6,7.90,5931.00,0.9970
5263802,"K05145.01","FALSE POSITIVE",3.350209754,4.43333,28325.4,671.10,6657.00,1.5010
5265982,"K05146.01","FALSE POSITIVE",628.592314,3.603,393.7,7.60,5058.00,3.1170
5271637,"K05147.01","FALSE POSITIVE",471.37787,16.91,102.9,12.20,5831.00,1.3050
5281714,"K05148.01","FALSE POSITIVE",40.301684,1.398,374.8,6.60,6429.00,1.1770
5283728,"K05149.01","CANDIDATE",43.681309,12.37,258,9.80,5726.00,0.8290
5289857,"K05150.01","FALSE POSITIVE",26.524553,2.359,174.5,10.20,4995.00,1.7030
5303185,"K05151.01","FALSE POSITIVE",26.1537851,1.802,228.6,6.20,6091.00,0.9670
5308777,"K05152.01","FALSE POSITIVE",0.944598153,4.018,200.9,35.30,4877.00,9.2140
5364090,"K05153.01","FALSE POSITIVE",354.63284,2.227,280.9,6.50,4206.00,0.5350
5370944,"K05154.01","FALSE POSITIVE",35.40103336,1.75,,,,
5374838,"K05155.01","CANDIDATE",230.180357,13.436,3689.3,64.00,6313.00,1.2460
5390913,"K05156.01","CANDIDATE",1.680254289,12.585,51633,178.70,6423.00,1.2460
5391911,"K05157.01","FALSE POSITIVE",0.782068488,1.239,115.7,4.10,4475.00,20.2370
5394585,"K05158.01","CANDIDATE",151.13008,3.49,358,4.60,6768.00,2.3020
5397106,"K05159.01","FALSE POSITIVE",440.65087204,4.07,,,,
5425643,"K05160.01","CANDIDATE",258.63797782,7.11,,,,
5425908,"K05161.01","FALSE POSITIVE",289.76961138,3.19,,,,
5428199,"K05162.01","CANDIDATE",628.15844,12.144,502.3,14.70,3697.00,0.4230
5436415,"K05163.01","FALSE POSITIVE",273.223848,3.787,469.9,10.60,5079.00,3.7920
5436455,"K05164.01","CANDIDATE",209.967521,2.585,120,7.10,6437.00,1.0420
5439000,"K05165.01","CANDIDATE",369.73011,14.27,274.8,9.60,6283.00,0.9990
5440435,"K05166.01","FALSE POSITIVE",78.04064906,2.15,,,,
5440472,"K05167.01","FALSE POSITIVE",396.349253,2.685,413.1,5.70,6495.00,1.1680
5440651,"K05168.01","FALSE POSITIVE",0.502807253,1.01493,4658.7,240.00,5109.00,0.7150
5443320,"K05169.01","CANDIDATE",21.3684341,1.18,492.8,9.70,5204.00,0.7860
5446961,"K05170.01","FALSE POSITIVE",149.526152,3.033,753,7.60,3978.00,0.6280
5467126,"K05171.01","FALSE POSITIVE",2.845736321,11.5703,3127,297.80,4878.00,10.1540
5470851,"K05172.01","FALSE POSITIVE",12.4276185,18.56,147,12.60,5869.00,0.9420
5471108,"K05173.01","FALSE POSITIVE",12.427076,17.447,47.5,25.30,5841.00,1.1930
5524229,"K05174.01","CANDIDATE",22.4932751,3.172,152,11.20,5186.00,4.9800
5525484,"K05175.01","FALSE POSITIVE",315.502534,3.112,689.2,9.50,4970.00,7.7520
5529385,"K05176.01","CANDIDATE",215.732414,1.915,208.2,7.30,5790.00,0.8560
5547424,"K05177.01","FALSE POSITIVE",276.54167976,7.76,,,,
5551240,"K05178.01","CONFIRMED",4.13960513,3.31,106.7,11.60,6535.00,1.1810
5563057,"K05179.01","FALSE POSITIVE",1.049468616,4.848,22,22.80,7479.00,1.6670
5565261,"K05180.01","FALSE POSITIVE",2.362348096,3.5979,724.7,103.60,5088.00,3.2930
5602409,"K05181.01","FALSE POSITIVE",136.830243,2.956,464.3,8.40,5096.00,8.0380
5603270,"K05182.01","FALSE POSITIVE",103.284757,1.674,78.4,5.50,6185.00,2.1010
5612111,"K05183.01","FALSE POSITIVE",36.1904638,1.919,263.3,6.80,6210.00,1.0330
5616628,"K05184.01","FALSE POSITIVE",419.75224,4.154,754,6.30,6137.00,1.0160
5623137,"K05185.01","FALSE POSITIVE",419.95929,13.86,196.2,5.90,5953.00,1.0680
5623839,"K05186.01","FALSE POSITIVE",80.292171,1.936,158.6,6.00,6188.00,1.0490
5650420,"K05187.01","FALSE POSITIVE",1.049406508,3.0072,447.5,61.30,4745.00,13.4170
5650930,"K05188.01","CANDIDATE",455.195496,3.565,293.6,8.00,6478.00,1.2090
5653152,"K05189.01","FALSE POSITIVE",3.58957045,3.418,1221.2,53.60,4608.00,0.7460
5653163,"K05190.01","FALSE POSITIVE",2.40435325,6.825,349.6,23.30,5780.00,1.0000
5685113,"K05191.01","FALSE POSITIVE",37.078668,4.403,147.4,6.90,5120.00,0.6500
5697395,"K05192.01","CANDIDATE",50.55398,6.159,199.7,7.90,4895.00,0.6870
5698524,"K05193.01","FALSE POSITIVE",228.196872,3.525,145.3,6.90,6425.00,1.1380
5709014,"K05194.01","FALSE POSITIVE",287.46579664,9.06,,,,
5732636,"K05195.01","FALSE POSITIVE",32.245486,13.86,93.6,10.00,6197.00,1.2080
5734702,"K05196.01","CANDIDATE",392.47291,7.867,345.6,12.20,6626.00,2.7040
5779606,"K05197.01","FALSE POSITIVE",142.20400109,3,,,,
5780194,"K05198.01","FALSE POSITIVE",149.237142,2.503,772,6.90,5492.00,0.8120
5781991,"K05199.01","FALSE POSITIVE",501.51698,3.809,487,6.90,5796.00,0.9060
5784803,"K05200.01","FALSE POSITIVE",357.77096,12.999,216.3,9.70,5523.00,0.9810
5791713,"K05201.01","FALSE POSITIVE",531.33282,3.702,669,7.10,6163.00,1.0220
5793275,"K05202.01","CANDIDATE",535.93723,11.85,337.2,8.80,6014.00,0.9580
5794687,"K05203.01","FALSE POSITIVE",367.72767,3.104,926,5.80,4869.00,0.6570
5817712,"K05204.01","FALSE POSITIVE",4.20601251,6.82,106.7,10.70,5514.00,0.7900
5857656,"K05205.01","CANDIDATE",313.051405,10.969,594.9,39.50,6218.00,1.1850
5858519,"K05206.01","FALSE POSITIVE",4.18236124,6.70175,193983,2666.00,6188.00,1.1660
5859725,"K05207.01","CANDIDATE",18.9828305,6.303,49.1,9.60,5962.00,1.0350
5869272,"K05208.01","FALSE POSITIVE",186.59466,16.57,685,8.80,6163.00,1.0130
5905728,"K05209.01","FALSE POSITIVE",7.87173698,2.619,34.7,10.80,5428.00,0.9400
5942112,"K05210.01","FALSE POSITIVE",125.95781975,8.63,,,,
5946568,"K05211.01","CANDIDATE",3.5645249,2.062,53.9,8.00,5435.00,0.8240
5949765,"K05212.01","FALSE POSITIVE",426.34444,14.139,90.2,9.70,6395.00,1.3940
5954894,"K05213.01","CANDIDATE",48.2455501,1.375,60.5,5.00,5441.00,0.8270
5956038,"K05214.01","FALSE POSITIVE",256.846143,6.289,1706,14.90,5208.00,4.3290
5963591,"K05215.01","FALSE POSITIVE",146.931518,23.78,257,19.30,6237.00,1.1350
5965629,"K05216.01","CANDIDATE",377.311149,3.33,804,8.30,5897.00,0.8910
5967194,"K05217.01","FALSE POSITIVE",498.24938,8.73,522.6,11.80,4949.00,6.3340
5980354,"K05218.01","FALSE POSITIVE",1.573020098,15.574,292.2,195.50,6770.00,1.4490
5981058,"K05219.01","CANDIDATE",27.765596,19.49,147.6,14.20,5897.00,0.9990
5986270,"K05220.01","FALSE POSITIVE",1.534679933,1.7237,456.6,64.60,4965.00,8.8340
5989391,"K05221.01","FALSE POSITIVE",71.59889,10.53,654,5.70,6637.00,1.6620
6021840,"K05222.01","CANDIDATE",367.6758,23.5,699.5,14.00,6140.00,1.0480
6023571,"K05223.01","CANDIDATE",354.21154,18.594,821.3,22.00,4842.00,3.0350
6025174,"K05224.01","CANDIDATE",171.028691,11.784,394.2,13.10,6123.00,1.2520
6033602,"K05225.01","FALSE POSITIVE",33.2948005,2.997,215.7,6.60,6217.00,0.9890
6034379,"K05226.01","CANDIDATE",249.35154,13.76,1637,8.20,5780.00,1.0000
6034834,"K05227.01","CANDIDATE",371.56492,14.736,375.5,16.20,5735.00,0.9720
6036286,"K05228.01","CANDIDATE",546.53309,16.04,758,12.30,3434.00,0.3600
6038152,"K05229.01","CANDIDATE",364.63189,22.93,302.8,13.30,6446.00,1.1550
6043490,"K05230.01","CANDIDATE",330.738115,4.998,333.3,8.70,5458.00,2.4530
6045404,"K05231.01","CANDIDATE",78.876125,4.912,472.3,8.10,6046.00,0.9270
6047853,"K05232.01","FALSE POSITIVE",476.39752,12.13,287.8,11.10,6300.00,1.0640
6058896,"K05233.01","FALSE POSITIVE",0.56493398,2.4385,2067,166.00,5808.00,0.8980
6062298,"K05234.01","FALSE POSITIVE",246.12174,18,6847,9.20,5780.00,1.0000
6065010,"K05235.01","FALSE POSITIVE",159.05846,10.08,194.3,6.30,6365.00,1.0330
6067545,"K05236.01","CANDIDATE",550.86514,14.548,346.5,20.80,5912.00,1.1150
6115356,"K05237.01","CANDIDATE",380.39474,10.775,603,8.60,5772.00,0.7450
6116605,"K05238.01","FALSE POSITIVE",419.21314,6.385,2084,9.60,5780.00,1.0000
6118840,"K05239.01","FALSE POSITIVE",350.98474,14.49,600,10.80,5473.00,0.8160
6129632,"K05240.01","FALSE POSITIVE",298.4688,3.748,315.4,10.60,5189.00,6.4910
6139220,"K05241.01","FALSE POSITIVE",273.6857427,8.3881,15350.5,202.30,6033.00,1.6500
6143819,"K05242.01","FALSE POSITIVE",28.1117095,1.689,119.4,6.50,5780.00,1.0000
6145939,"K05243.01","FALSE POSITIVE",17.745456135,4.0678,80258,272.20,6337.00,2.2160
6149980,"K05244.01","FALSE POSITIVE",603.3102,8.025,517.9,11.90,6446.00,1.1250
6184894,"K05245.01","CONFIRMED",7.20281185,2.8305,1832.6,49.40,5388.00,0.7170
6195792,"K05246.01","FALSE POSITIVE",36.4772788,2.092,463,5.80,4910.00,0.7550
6197658,"K05247.01","CANDIDATE",282.0309,14.69,782,11.80,6343.00,1.1370
6198670,"K05248.01","CANDIDATE",179.25465,22.35,272.4,9.90,5692.00,0.8200
6203955,"K05249.01","CANDIDATE",19.4534296,4.873,149,9.80,6372.00,1.0150
6205384,"K05250.01","FALSE POSITIVE",3.72273683,8.552,37.8,14.70,5898.00,0.8190
6205405,"K05251.01","FALSE POSITIVE",3.7229369,10.57,65.2,18.60,3724.00,0.4800
6206470,"K05252.01","FALSE POSITIVE",1.80455062,2.166,39.7,12.50,6006.00,1.0190
6263468,"K05253.01","FALSE POSITIVE",10.1955065,2.447,221.4,7.00,5182.00,0.6660
6266866,"K05254.01","CANDIDATE",232.916142,7.037,64.8,8.50,5807.00,1.4960
6277594,"K05255.01","FALSE POSITIVE",3.66115536,14.807,34.3,27.80,6356.00,1.3080
6281127,"K05256.01","FALSE POSITIVE",588.10504,15.474,326.6,11.00,6214.00,0.9650
6285906,"K05257.01","FALSE POSITIVE",116.170346,2.656,435.2,6.00,5510.00,0.7620
6287131,"K05258.01","FALSE POSITIVE",452.30053,5.918,809,7.70,5396.00,0.7660
6289459,"K05259.01","FALSE POSITIVE",39.5931053,2.306,156.6,5.70,6046.00,0.9720
6289897,"K05260.01","FALSE POSITIVE",1.55935718,2.892,49.7,17.90,6475.00,1.9000
6290467,"K05261.01","FALSE POSITIVE",100.629443,1.708,355.7,4.70,6351.00,0.9210
6309307,"K05262.01","CANDIDATE",438.98396,9.62,745.2,14.00,5053.00,11.7060
6342980,"K05263.01","FALSE POSITIVE",273.169948,2.701,283.3,6.20,5880.00,1.6500
6346894,"K05264.01","CANDIDATE",52.69092296,2.31,,,,
6347434,"K05265.01","FALSE POSITIVE",425.22927,6.76,829,6.40,3803.00,0.4920
6347890,"K05266.01","CANDIDATE",37.71508287,1.8,,,,
6350031,"K05267.01","CANDIDATE",5.1779065,5.366,129.5,9.50,5921.00,2.5890
6359881,"K05268.01","CANDIDATE",474.22897,13.05,475.2,7.20,5818.00,0.9250
6359929,"K05269.01","CANDIDATE",371.50631,8.854,992,14.10,5696.00,0.9240
6363560,"K05270.01","FALSE POSITIVE",606.91488768,5.96,,,,
6363560,"K05270.02","FALSE POSITIVE",0.907818056,1.679,29.5,13.20,6210.00,1.0140
6364064,"K05271.01","FALSE POSITIVE",5.24331899,11.137,106.8,20.10,5430.00,0.7350
6364143,"K05272.01","FALSE POSITIVE",5.2433865,12.472,65.4,19.20,6011.00,0.9020
6364307,"K05273.01","FALSE POSITIVE",5.2435703,15.864,228.5,25.10,5558.00,0.7220
6366559,"K05274.01","CANDIDATE",55.7583803,2.497,132.7,9.00,5413.00,1.4030
6367663,"K05275.01","CANDIDATE",3.781123,8.15,90.4,9.00,6318.00,1.2160
6368905,"K05276.01","CANDIDATE",220.720142,8.186,862.5,12.00,5150.00,0.6960
6369548,"K05277.01","FALSE POSITIVE",634.84739,16.186,542.6,15.70,5048.00,8.6110
6372194,"K05278.01","CANDIDATE",281.5921577,5.673,9312,76.00,5330.00,0.7130
6387557,"K05279.01","CANDIDATE",103.722152,6.061,296.9,9.40,5784.00,1.1430
6387887,"K05280.01","FALSE POSITIVE",0.650701055,0.89164,371061,234.30,10921.00,3.7010
6425377,"K05281.01","CANDIDATE",263.90141,4.303,807.1,11.00,5094.00,6.2470
6428602,"K05282.01","FALSE POSITIVE",59.742966,6.78,284.9,8.60,5059.00,7.3220
6442735,"K05283.01","CANDIDATE",18.7821603,5.573,77.2,9.80,5919.00,0.9400
6443093,"K05284.01","CANDIDATE",389.316341,5.49,2599.8,34.70,5731.00,0.9580
6447372,"K05285.01","FALSE POSITIVE",405.32064,7.77,561.7,6.20,4694.00,0.5740
6461675,"K05286.01","FALSE POSITIVE",342.830882,3.826,450.7,12.00,4994.00,5.2050
6509282,"K05287.01","CANDIDATE",3.98916186,1.913,318,16.30,4998.00,16.1870
6511182,"K05288.01","CANDIDATE",29.5632952,1.562,532.8,10.40,5595.00,0.8280
6517064,"K05289.01","CANDIDATE",181.81214,16.164,474.6,21.30,6060.00,0.9250
6517200,"K05290.01","CANDIDATE",435.50635,34.16,553.8,8.20,5750.00,0.8820
6517255,"K05291.01","CANDIDATE",525.560452,2.327,1196,10.90,4954.00,3.7960
6522124,"K05292.01","FALSE POSITIVE",43.60012467,1.48,,,,
6525196,"K05293.01","FALSE POSITIVE",1.710299164,3.92227,157266,2291.10,6082.00,1.0060
6525398,"K05294.01","FALSE POSITIVE",252.04444,5.13,1502,6.10,4514.00,0.6640
6526377,"K05295.01","FALSE POSITIVE",1.39508873,2.09,,,,
6527229,"K05296.01","FALSE POSITIVE",200.79976002,7.6419,92642,930.80,5896.00,0.9160
6543192,"K05297.01","CANDIDATE",8.0906952,2.648,82.4,8.10,5374.00,0.9020
6543674,"K05298.01","FALSE POSITIVE",1.195515364,6.08509,396401,4630.10,6047.00,2.2640
6548429,"K05299.01","FALSE POSITIVE",210.971635,3.578,519,6.50,5838.00,0.8970
6594945,"K05300.01","CANDIDATE",188.954072,14.17,166.5,10.90,6392.00,1.8990
6599305,"K05301.01","FALSE POSITIVE",42.02646,2.553,190,6.00,6158.00,1.0160
6600515,"K05302.01","FALSE POSITIVE",372.04697,14.29,673.4,25.20,6173.00,1.0410
6608090,"K05303.01","FALSE POSITIVE",438.81524,6.75,332.8,9.20,5324.00,0.7550
6611779,"K05304.01","FALSE POSITIVE",206.309658,1.498,277.1,8.30,6028.00,1.2670
6612411,"K05305.01","FALSE POSITIVE",8.46184728,35.525,411.2,142.40,7663.00,1.9130
6612973,"K05306.01","FALSE POSITIVE",681.01756,8.74,133.9,9.20,6295.00,1.4350
6615600,"K05307.01","FALSE POSITIVE",2.19509634,1.796,227.7,14.30,5799.00,0.8780
6634112,"K05308.01","CANDIDATE",9.942228056,2.45451,31067.9,1073.30,5268.00,0.8430
6635813,"K05309.01","FALSE POSITIVE",141.00582791,3,,,,
6675757,"K05310.01","CANDIDATE",22.2903562,1.623,130.4,8.10,5597.00,1.0000
6677415,"K05311.01","FALSE POSITIVE",73.9239955,1.699,634,6.10,5040.00,0.6580
6681473,"K05312.01","FALSE POSITIVE",396.048721,16.376,931.8,39.40,5327.00,2.8820
6688318,"K05313.01","FALSE POSITIVE",326.370361,4.526,568.8,13.70,5188.00,9.3430
6690523,"K05314.01","FALSE POSITIVE",148.666527,4.353,319.4,8.60,5155.00,3.8700
6692742,"K05315.01","FALSE POSITIVE",163.104677,2.129,576,6.00,5766.00,1.0400
6695801,"K05316.01","FALSE POSITIVE",1.10656965,1.669,86.4,8.40,6237.00,1.1650
6699562,"K05317.01","FALSE POSITIVE",46.270524872,8.93033,66244.1,4607.40,6357.00,1.0720
6707260,"K05318.01","FALSE POSITIVE",13.4256161,11.781,142.3,12.50,6686.00,1.3320
6718474,"K05319.01","FALSE POSITIVE",590.44065,7.55,125.7,6.90,6782.00,1.4170
6719052,"K05320.01","CANDIDATE",357.437578,15.903,272.3,13.60,7610.00,1.8620
6721603,"K05321.01","CANDIDATE",215.634356,15.097,148,12.30,6163.00,1.5680
6756369,"K05322.01","CANDIDATE",30.928898,3.436,203.3,8.50,5029.00,5.1270
6762188,"K05323.01","FALSE POSITIVE",7.155547398,4.5711,2568.8,124.60,4992.00,8.0520
6765563,"K05324.01","CANDIDATE",293.392635,3.661,518.8,9.90,5203.00,3.0550
6766583,"K05325.01","FALSE POSITIVE",63.024229,5.77,294.6,6.10,5691.00,0.8870
6767337,"K05326.01","FALSE POSITIVE",506.771836,10.535,195.2,15.00,6035.00,1.2830
6776555,"K05327.01","CANDIDATE",5.43361347,1.0338,1421,17.90,3694.00,0.5660
6784887,"K05328.01","FALSE POSITIVE",44.714450094,5.7615,90229.6,2629.00,6185.00,0.9410
6805414,"K05329.01","CANDIDATE",200.2350497,23.612,10812.1,220.60,6108.00,0.9970
6864891,"K05330.01","FALSE POSITIVE",40.8801539,5.472,395.8,10.00,3746.00,0.4690
6869373,"K05331.01","CANDIDATE",31.5034587,3.315,210.6,8.60,5269.00,0.8230
6875342,"K05332.01","CANDIDATE",22.2381062,2.68,104.2,7.10,6192.00,1.0550
6879183,"K05333.01","CANDIDATE",20.5477769,4.634,253.8,12.10,5922.00,1.0570
6880123,"K05334.01","FALSE POSITIVE",323.972022,1.25,462,8.70,6002.00,1.3020
6891512,"K05335.01","FALSE POSITIVE",1.752562808,6.1245,368004,5494.60,5853.00,1.7950
6934045,"K05336.01","CANDIDATE",265.741374,18.078,273.4,21.60,6537.00,1.8590
6939913,"K05337.01","CANDIDATE",470.65357,3.458,985,8.30,6039.00,0.9510
6947062,"K05338.01","FALSE POSITIVE",309.19347,23.51,1445,6.50,5504.00,0.8190
6948815,"K05339.01","FALSE POSITIVE",1.541530919,4.8691,213262,601.50,7631.00,1.9370
6952570,"K05340.01","FALSE POSITIVE",122.713036,3.999,290.7,6.50,6244.00,1.0090
7009548,"K05341.01","CANDIDATE",15.18575582,0.633,256.7,11.80,6311.00,1.3390
7011044,"K05342.01","FALSE POSITIVE",25.50236699,1.8,,,,
7013635,"K05343.01","FALSE POSITIVE",290.625016,4.411,147.6,10.30,5195.00,2.4090
7018210,"K05344.01","CANDIDATE",445.351255,6.516,420.4,10.60,7202.00,1.7550
7019580,"K05345.01","FALSE POSITIVE",72.0153825,2.548,177.7,6.80,5099.00,5.0320
7022603,"K05346.01","FALSE POSITIVE",21.12752693,2.253,51.8,18.40,4024.00,30.8820
7024045,"K05347.01","FALSE POSITIVE",23.9341825,1.607,228.1,6.50,4415.00,0.7150
7035812,"K05348.01","FALSE POSITIVE",87.775799,1.862,450,6.30,5604.00,1.0250
7038988,"K05349.01","FALSE POSITIVE",65.67350728,2.73,,,,
7041972,"K05350.01","FALSE POSITIVE",222.06409878,2.89,,,,
7047299,"K05351.01","FALSE POSITIVE",35.882272887,3.95004,101231,3096.90,5840.00,0.8120
7101726,"K05352.01","CANDIDATE",270.1430241,6.32,,,,
7107567,"K05353.01","FALSE POSITIVE",0.812592362,1.5646,6945.8,226.60,7117.00,1.6400
7109680,"K05354.01","FALSE POSITIVE",81.871309,1.606,98.2,5.40,6343.00,1.1150
7115671,"K05355.01","FALSE POSITIVE",0.566805859,3.835,61.1,21.50,6413.00,1.4940
7123580,"K05356.01","FALSE POSITIVE",326.36595188,3.75,,,,
7123614,"K05357.01","FALSE POSITIVE",520.58269,2.264,348,6.00,6210.00,1.0330
7125794,"K05358.01","CANDIDATE",126.586058,5.41,124.9,10.50,6611.00,1.2490
7130612,"K05359.01","CANDIDATE",2.7200197,1.874,869,8.50,3939.00,0.5270
7132462,"K05360.01","CANDIDATE",54.595746,2.21,135.8,8.70,6014.00,1.6990
7138841,"K05361.01","FALSE POSITIVE",22.0495604,3.428,134.5,15.40,6821.00,1.5480
7174911,"K05362.01","FALSE POSITIVE",150.70039392,2.82,,,,
7176424,"K05363.01","FALSE POSITIVE",44.48477463,1.67,,,,
7184556,"K05364.01","FALSE POSITIVE",93.6452481,2.12,,,,
7186436,"K05365.01","CANDIDATE",585.64118,13.97,565.2,12.50,5779.00,0.9010
7189825,"K05366.01","FALSE POSITIVE",574.69029,4.269,276.8,7.20,5503.00,0.7640
7191523,"K05367.01","CANDIDATE",502.98283916,2.94,,,,
7192680,"K05368.01","FALSE POSITIVE",114.25041494,2.11,,,,
7198587,"K05369.01","CANDIDATE",651.358046,4.384,570.8,11.00,5122.00,6.2610
7203858,"K05370.01","FALSE POSITIVE",407.97623,14.69,237.5,11.20,7612.00,2.9680
7204233,"K05371.01","CANDIDATE",33.3037881,3.003,272.4,8.10,4899.00,0.7130
7205717,"K05372.01","CANDIDATE",212.60398,5.74,188.5,7.10,5834.00,1.2070
7206422,"K05373.01","CANDIDATE",50.550788,2.353,154.5,7.90,5031.00,3.8590
7207081,"K05374.01","FALSE POSITIVE",239.25578975,5.21,,,,
7213311,"K05375.01","CANDIDATE",285.374561,4.865,482.3,13.70,5142.00,2.7560
7255910,"K05376.01","FALSE POSITIVE",274.553579,5.95,218.3,6.70,6267.00,1.1180
7256460,"K05377.01","FALSE POSITIVE",251.02304011,3.11,,,,
7258902,"K05378.01","FALSE POSITIVE",1.80774253,2.637,592.6,15.10,5164.00,1.7790
7282470,"K05379.01","CANDIDATE",520.655224,12.94,314.9,14.40,5227.00,4.3130
7289139,"K05380.01","CANDIDATE",369.93355,7.6,995,15.80,6158.00,1.0240
7345136,"K05381.01","FALSE POSITIVE",28.7369766,1.586,525,5.50,5722.00,0.8540
7352727,"K05382.01","FALSE POSITIVE",2.45649061,2.844,287.8,21.00,4870.00,8.5310
7375100,"K05383.01","FALSE POSITIVE",98.51783198,1.65,,,,
7377343,"K05384.01","CANDIDATE",7.95445779,4.6012,6269.4,228.40,6217.00,1.1960
7383840,"K05385.01","CANDIDATE",331.70918,7.44,3463,9.50,5282.00,0.8050
7386200,"K05386.01","FALSE POSITIVE",575.42002,17.22,401.7,11.70,6025.00,0.9490
7416016,"K05387.01","CANDIDATE",297.78282,18.38,392.4,10.80,4192.00,0.5900
7416306,"K05388.01","CANDIDATE",137.396194,17.61,155.4,13.20,5425.00,2.6550
7416646,"K05389.01","CANDIDATE",365.739893,1.218,300.7,4.70,5420.00,0.9530
7440715,"K05390.01","CANDIDATE",104.198102,3.2,652.2,8.90,5087.00,2.0240
7456380,"K05391.01","FALSE POSITIVE",368.72715,5.06,426.6,6.40,5401.00,0.7490
7458433,"K05392.01","FALSE POSITIVE",0.66062715,4.56,248.5,7.80,6322.00,1.0750
7458743,"K05393.01","CANDIDATE",248.421771,4.187,704,8.80,4895.00,6.4280
7468295,"K05394.01","FALSE POSITIVE",456.5734,5.465,397.5,7.60,5002.00,4.0420
7516073,"K05395.01","FALSE POSITIVE",601.13797,15.26,172.8,9.90,5786.00,1.3880
7538450,"K05396.01","FALSE POSITIVE",344.06248,15.6,136.3,17.70,7664.00,3.6970
7539174,"K05397.01","FALSE POSITIVE",39.94344731,1.71,,,,
7539174,"K05397.02","FALSE POSITIVE",297.71402,13.413,1374.5,16.30,4916.00,10.8010
7539277,"K05398.01","CANDIDATE",551.22396,5.896,570.7,17.20,5691.00,0.8870
7550875,"K05399.01","FALSE POSITIVE",466.90824,2.64,660,5.40,5340.00,0.8670
7581535,"K05400.01","FALSE POSITIVE",218.56734012,2.38,,,,
7592339,"K05401.01","FALSE POSITIVE",229.948531,1.813,154.2,6.10,6225.00,0.8610
7598326,"K05402.01","FALSE POSITIVE",403.5637828,3.64,,,,
7599004,"K05403.01","FALSE POSITIVE",2.41172358,2.6311,3364.7,108.60,6363.00,1.3320
7618231,"K05404.01","FALSE POSITIVE",92.9314146,2.35,,,,
7619667,"K05405.01","FALSE POSITIVE",103.22293786,2.63,,,,
7625138,"K05406.01","CANDIDATE",5.71966537,3.938,19.1,11.30,6356.00,1.8650
7625143,"K05407.01","CANDIDATE",58.5029431,1.633,117,7.00,6525.00,1.4120
7631138,"K05408.01","CANDIDATE",415.748785,3.313,463.7,9.20,5324.00,1.5340
7658229,"K05409.01","FALSE POSITIVE",36.1826854,4.2546,9471.7,124.10,5696.00,1.3210
7662502,"K05410.01","CANDIDATE",24.1527864,4.451,78.1,9.30,6223.00,1.0950
7672215,"K05411.01","CANDIDATE",11.1734401,4.545,61.3,9.00,7372.00,1.7520
7674050,"K05412.01","FALSE POSITIVE",472.2265706,4.8732,156143,584.60,5763.00,0.8420
7690782,"K05413.01","CANDIDATE",428.379308,4.066,386.6,7.40,5574.00,0.9530
7700561,"K05414.01","FALSE POSITIVE",1.507099289,4.8361,1282,142.70,5762.00,0.8010
7701809,"K05415.01","FALSE POSITIVE",30.2111162,4.202,92.6,6.50,5132.00,4.7320
7731281,"K05416.01","CONFIRMED",76.377855,4.809,11004,38.60,3869.00,0.5840
7743464,"K05417.01","FALSE POSITIVE",55.249007325,5.15147,205671,3452.50,6063.00,1.0120
7747091,"K05418.01","CANDIDATE",14.2673439,3.171,217.5,9.00,5475.00,0.8370
7747197,"K05419.01","FALSE POSITIVE",22.52907,1.373,327.1,4.80,5284.00,0.7690
7750342,"K05420.01","FALSE POSITIVE",66.247851,4.04,666,8.30,5214.00,6.5190
7751133,"K05421.01","FALSE POSITIVE",370.91308,17.655,270.3,17.50,5892.00,1.0540
7757620,"K05422.01","CANDIDATE",360.64485255,11.19,,,,
7762153,"K05423.01","CANDIDATE",366.55705,11.62,582.5,10.20,5857.00,1.1000
7762717,"K05424.01","FALSE POSITIVE",462.26052152,4.05,,,,
7767781,"K05425.01","CANDIDATE",39.42516213,2.18,,,,
7770901,"K05426.01","CANDIDATE",124.887214,8.599,176.5,13.30,6103.00,1.2340
7800285,"K05427.01","FALSE POSITIVE",0.533000886,1.54684,4398.5,327.40,5934.00,1.0640
7804128,"K05428.01","FALSE POSITIVE",200.35091012,3.78,,,,
7809049,"K05429.01","FALSE POSITIVE",114.32859485,2.64,,,,
7811057,"K05430.01","FALSE POSITIVE",99.97889,8.76,117.9,5.70,5229.00,1.7250
7812990,"K05431.01","CANDIDATE",43.08410127,1.38,,,,
7819520,"K05432.01","FALSE POSITIVE",230.80401566,3.57,,,,
7829836,"K05433.01","CANDIDATE",237.819002,11.324,614.2,15.40,5878.00,1.0350
7830953,"K05434.01","CANDIDATE",581.87357,14.64,905.6,12.50,5897.00,0.9920
7836096,"K05435.01","CANDIDATE",15.9961296,1.656,500.7,10.70,4949.00,0.7770
7837526,"K05436.01","FALSE POSITIVE",28.297207229,3.94247,23193.1,2360.60,6327.00,1.1510
7881464,"K05437.01","CANDIDATE",213.63312404,2.54,,,,
7884986,"K05438.01","FALSE POSITIVE",412.227551,4.303,819.5,9.00,5079.00,7.6840
7885558,"K05439.01","FALSE POSITIVE",0.864651455,3.461,67.7,16.50,5587.00,0.8510
7888863,"K05440.01","CANDIDATE",74.624063,8.881,346.9,11.00,6187.00,0.9370
7900450,"K05441.01","FALSE POSITIVE",25.4805211,10.701,159,17.70,6250.00,0.9860
7900695,"K05442.01","FALSE POSITIVE",512.11636,9.557,315.4,10.90,5492.00,0.8120
7900727,"K05443.01","FALSE POSITIVE",348.61891,3.567,689,5.80,5911.00,0.9140
7902719,"K05444.01","FALSE POSITIVE",368.70839,6.08,957,12.20,6409.00,0.8870
7916058,"K05445.01","FALSE POSITIVE",7.1091096,10.67,156.7,13.00,5665.00,0.8200
7917068,"K05446.01","CANDIDATE",416.9504,4.026,479.8,6.90,5751.00,2.6110
7935997,"K05447.01","FALSE POSITIVE",322.55663046,3.74,,,,
7935997,"K05447.02","CONFIRMED",3.87594316,2.314,58.6,14.20,5713.00,0.8930
7938499,"K05448.01","FALSE POSITIVE",7.2269859,14.241,160.3,26.20,4347.00,0.6090
7941635,"K05449.01","FALSE POSITIVE",0.762724045,1.98818,9782.2,451.70,5313.00,0.9760
7941635,"K05449.02","FALSE POSITIVE",25.273355,34.48,496.1,16.90,5313.00,0.9760
7948619,"K05450.01","FALSE POSITIVE",206.76425774,2.57,,,,
7950158,"K05451.01","CANDIDATE",529.39169,10.869,319.9,12.10,5283.00,2.5040
7967210,"K05452.01","FALSE POSITIVE",362.49906,12.17,522.5,10.30,6043.00,1.0650
7970194,"K05453.01","FALSE POSITIVE",190.65896,35.472,552.8,18.30,5508.00,0.8350
7978202,"K05454.01","CONFIRMED",509.997402,8.481,1267,35.30,5037.00,0.7560
7979297,"K05455.01","CANDIDATE",292.09809,14.43,528.8,11.40,5955.00,0.8830
7982917,"K05456.01","FALSE POSITIVE",11.8045536,3.195,128.9,7.00,4971.00,0.8570
8005002,"K05457.01","CANDIDATE",578.21623,2.707,120.6,3.50,5166.00,3.2440
8007174,"K05458.01","CANDIDATE",56.648588,4.534,648.9,11.80,5023.00,0.7820
8009811,"K05459.01","CANDIDATE",53.554546,5.533,127.6,8.90,6039.00,2.6220
8016211,"K05460.01","FALSE POSITIVE",3.1748772,7.089,1741,98.60,5116.00,1.6190
8016650,"K05461.01","CANDIDATE",119.079642,16.268,422.5,18.00,4849.00,8.9840
8025718,"K05462.01","FALSE POSITIVE",371.18648,19.929,317.9,18.10,6231.00,1.1520
8029848,"K05463.01","FALSE POSITIVE",1.20608769,2.2272,1660.6,66.90,5657.00,1.3550
8035322,"K05464.01","FALSE POSITIVE",613.82905,18.18,148.2,10.20,5636.00,2.3570
8036863,"K05465.01","FALSE POSITIVE",476.80454,10.65,143.6,5.70,5806.00,0.9010
8037038,"K05466.01","CONFIRMED",4.09513876,2.462,181.7,11.60,5858.00,0.9630
8040308,"K05467.01","CANDIDATE",502.8356901,9.97,,,,
8040457,"K05468.01","CANDIDATE",81.704814,1.468,297,5.80,6099.00,0.9500
8043968,"K05469.01","FALSE POSITIVE",0.779615874,3.932,81.5,22.00,5764.00,0.8630
8044083,"K05470.01","CANDIDATE",578.21805,4.18,637,5.30,6089.00,0.9500
8075618,"K05471.01","FALSE POSITIVE",8.780603773,3.16989,90027.8,1406.90,5487.00,0.8320
8076215,"K05472.01","CANDIDATE",97.5137491,2.655,279.8,9.10,5437.00,3.1800
8094942,"K05473.01","CANDIDATE",549.42772,6.09,719.1,12.10,5957.00,0.9710
8099517,"K05474.01","CANDIDATE",284.666844,2.752,418,5.60,5248.00,4.4130
8105398,"K05475.01","CONFIRMED",224.150923,12.455,348.6,34.20,6072.00,1.2860
8105398,"K05475.02","CANDIDATE",5.68325648,1.778,44.6,10.00,6072.00,1.2860
8105719,"K05476.01","CANDIDATE",148.179343,12.733,466.6,12.50,5635.00,1.1830
8106139,"K05477.01","FALSE POSITIVE",551.49832,40.92,1874.4,37.00,5926.00,0.8870
8108437,"K05478.01","FALSE POSITIVE",351.2878737,11.2066,134634,1002.80,5911.00,0.9140
8125917,"K05479.01","CANDIDATE",18.347081,2.825,1126.6,11.60,5465.00,1.7020
8129333,"K05480.01","CANDIDATE",57.140035,5.684,1567,7.20,5936.00,1.4600
8155368,"K05481.01","FALSE POSITIVE",0.718643659,2.51246,124930,575.00,5853.00,0.9340
8158429,"K05482.01","CANDIDATE",31.707574649,7.6771,787.3,5.50,5861.00,0.8650
8179747,"K05483.01","FALSE POSITIVE",17.946328114,8.15905,102994,3497.60,5228.00,1.7220
8192427,"K05484.01","FALSE POSITIVE",204.818268,1.93,303.6,5.40,6060.00,2.9300
8197176,"K05485.01","CANDIDATE",9.3589254,3.169,1527,8.90,5188.00,4.5210
8197406,"K05486.01","CANDIDATE",4.15472242,1.791,2243,19.70,6996.00,3.3590
8223445,"K05487.01","CANDIDATE",48.8130123,1.538,702,8.80,6202.00,1.1100
8223655,"K05488.01","FALSE POSITIVE",280.1604956,2.8637,12946,54.50,5387.00,0.7990
8229361,"K05489.01","FALSE POSITIVE",370.46262,9.541,347.9,12.10,6295.00,1.0800
8234889,"K05490.01","FALSE POSITIVE",116.301793,2.253,649,6.30,5593.00,0.8420
8241258,"K05491.01","FALSE POSITIVE",480.19416,10.76,372.3,9.10,6072.00,0.9230
8241736,"K05492.01","FALSE POSITIVE",368.49828,14.903,581.9,18.00,5255.00,0.7830
8242350,"K05493.01","FALSE POSITIVE",6.993576155,21.2695,2924,643.30,6565.00,2.4670
8244947,"K05494.01","FALSE POSITIVE",223.52131732,3.27,,,,
8255058,"K05495.01","FALSE POSITIVE",6.279888981,5.5086,1514.6,150.50,5057.00,6.2220
8265239,"K05496.01","FALSE POSITIVE",37.47695717,1.46,,,,
8279146,"K05497.01","CANDIDATE",93.359737,5.397,38.3,8.10,6809.00,1.6730
8288404,"K05498.01","FALSE POSITIVE",519.80221867,14.9678,77183.1,2502.90,5310.00,1.0300
8294683,"K05499.01","CANDIDATE",122.58481,22.37,318.9,7.60,5003.00,0.6690
8295087,"K05500.01","CANDIDATE",84.934357,3.169,129.7,5.90,6290.00,1.3950
8300828,"K05501.01","FALSE POSITIVE",48.9200563,2.295,333.9,7.00,5375.00,0.8990
8307489,"K05502.01","CANDIDATE",421.98194,13.799,173.1,15.00,6760.00,1.5150
8308639,"K05503.01","FALSE POSITIVE",457.513348,5.763,562.5,3.90,5047.00,7.8210
8313697,"K05504.01","FALSE POSITIVE",224.02589924,2.93,,,,
8351919,"K05505.01","FALSE POSITIVE",323.77153,17.57,353.7,10.60,5196.00,0.7840
8352009,"K05506.01","CANDIDATE",641.60204,16.762,237.3,10.60,6277.00,1.0310
8352016,"K05507.01","FALSE POSITIVE",40.0389613,1.711,109.4,5.70,5701.00,0.9030
8364969,"K05508.01","FALSE POSITIVE",22.571972634,4.00349,79325.7,1040.10,5645.00,0.8710
8378278,"K05509.01","CANDIDATE",28.406342,2.598,223.6,5.40,6085.00,0.9360
8380743,"K05510.01","FALSE POSITIVE",1.018861199,6.5005,291214,911.30,6225.00,1.6720
8395870,"K05511.01","CANDIDATE",74.833577,3.247,86.4,6.40,5933.00,1.8070
8396288,"K05512.01","CANDIDATE",8.5852872,2.834,1406,11.00,5488.00,0.8180
8414914,"K05513.01","FALSE POSITIVE",100.303613,10.578,488038,354.70,6060.00,1.0460
8415353,"K05514.01","CANDIDATE",102.100752,2.009,194.2,5.20,6359.00,1.8300
8429817,"K05515.01","CANDIDATE",6.263491873,0.8513,2829,35.10,6247.00,1.1940
8432034,"K05516.01","FALSE POSITIVE",0.83620025,3.7127,331275,145.40,5780.00,1.0000
8432249,"K05517.01","CANDIDATE",335.43143,10.3,228.1,6.80,5172.00,4.7210
8439618,"K05518.01","CANDIDATE",558.21886,13.556,1539.4,19.10,5679.00,0.7940
8442463,"K05519.01","FALSE POSITIVE",361.30991,12.968,275.6,10.60,4911.00,4.4190
8474892,"K05520.01","FALSE POSITIVE",199.4424134,7.2533,32171.9,486.40,5869.00,1.1700
8480642,"K05521.01","FALSE POSITIVE",31.59115876,2.6431,1434.4,83.50,5178.00,2.2950
8482513,"K05522.01","FALSE POSITIVE",356.99135,17.03,747.8,13.80,5539.00,0.9130
8487777,"K05523.01","FALSE POSITIVE",96.120478,1.125,285.4,6.00,6038.00,1.1860
8495232,"K05524.01","FALSE POSITIVE",9.63647672,2.999,47.6,11.10,5125.00,3.0070
8499922,"K05525.01","FALSE POSITIVE",45.680876,2.293,350.3,3.70,4835.00,7.9170
8505674,"K05526.01","FALSE POSITIVE",43.169798,9.686,120.8,6.90,5929.00,1.2920
8507073,"K05527.01","FALSE POSITIVE",209.06299275,10.0389,250913,3295.60,6130.00,1.0240
8507586,"K05528.01","CANDIDATE",201.621794,3.172,480,6.80,5919.00,0.9230
8509781,"K05529.01","FALSE POSITIVE",70.335879746,4.65625,24418.4,2148.60,6081.00,0.9660
8510197,"K05530.01","FALSE POSITIVE",591.37382,4.35,245,10.70,6609.00,1.3910
8516349,"K05531.01","FALSE POSITIVE",559.28332,4.245,1360,6.70,4386.00,0.7090
8525101,"K05532.01","CANDIDATE",24.6777128,5.088,131.3,9.00,4995.00,5.0580
8525286,"K05533.01","CANDIDATE",113.05980069,19.03,,,,
8542879,"K05534.01","FALSE POSITIVE",136.355967,3.17,165.1,6.30,6077.00,1.0580
8546464,"K05535.01","FALSE POSITIVE",253.652263,3.85,26456,59.90,3960.00,0.5370
8547213,"K05536.01","CANDIDATE",392.72811,12.48,499.7,12.00,5701.00,0.8150
8547366,"K05537.01","FALSE POSITIVE",128.66825288,2.67,,,,
8547525,"K05538.01","FALSE POSITIVE",485.57785,6.67,853,5.60,5255.00,0.7270
8547537,"K05539.01","CANDIDATE",374.05697,22.53,961.1,20.60,5302.00,0.7710
8548403,"K05540.01","FALSE POSITIVE",643.4528,9.346,585.1,10.20,5649.00,0.8450
8548454,"K05541.01","CANDIDATE",339.633833,8.859,517.8,12.00,5823.00,0.9010
8552607,"K05542.01","FALSE POSITIVE",1.061934307,3.211,264.8,70.90,5853.00,0.8680
8560475,"K05543.01","FALSE POSITIVE",7.41505161,2.061,937,18.30,4989.00,18.2660
8561192,"K05544.01","FALSE POSITIVE",2.742590902,10.4143,680398,682.90,7072.00,1.7050
8570210,"K05545.01","CANDIDATE",541.04472,12.47,181.5,8.80,5829.00,0.8020
8571421,"K05546.01","CANDIDATE",514.271499,3.46,688.9,9.00,6343.00,1.1370
8574794,"K05547.01","CANDIDATE",571.14302,10.06,531.3,8.50,5751.00,0.9430
8575061,"K05548.01","FALSE POSITIVE",216.453511,3.321,1137,7.50,5385.00,0.8780
8612291,"K05549.01","FALSE POSITIVE",37.0488669,2.48,,,,
8613769,"K05550.01","CANDIDATE",540.39267,9.233,1780,15.10,5693.00,0.8560
8622875,"K05551.01","FALSE POSITIVE",374.71687,52.986,1126.2,62.20,5768.00,1.0090
8644545,"K05552.01","CANDIDATE",295.958914,4.244,464.1,17.50,5505.00,0.9920
8644911,"K05553.01","CANDIDATE",120.938669,8.818,782.1,15.00,5456.00,0.8430
8652997,"K05554.01","CANDIDATE",362.22202,14.29,52.5,14.60,6113.00,1.2770
8655076,"K05555.01","FALSE POSITIVE",42.070868,1.293,386.2,5.70,5197.00,0.9380
8656535,"K05556.01","CANDIDATE",631.99116,2.99,345.6,7.20,5594.00,1.0060
8671707,"K05557.01","FALSE POSITIVE",401.73243,1.535,366.4,5.80,5938.00,1.5040
8676061,"K05558.01","FALSE POSITIVE",428.1186,6.56,443.8,7.30,6225.00,1.0310
8677186,"K05559.01","FALSE POSITIVE",586.63177,7.299,199.9,8.40,5228.00,0.8540
8678345,"K05560.01","FALSE POSITIVE",364.95068,0.636,824,5.80,5574.00,0.8840
8682751,"K05561.01","FALSE POSITIVE",44.36123319,2.49,,,,
8715564,"K05562.01","FALSE POSITIVE",438.00974,11.46,79.2,8.60,5260.00,0.7170
8715589,"K05563.01","CANDIDATE",7.62210397,1.902,146.1,9.20,5222.00,3.1620
8718273,"K05564.01","FALSE POSITIVE",3.479508244,3.9097,3000.4,195.70,4630.00,12.6230
8737343,"K05565.01","FALSE POSITIVE",406.29695,5.32,136.5,10.70,6031.00,1.5660
8741367,"K05566.01","CANDIDATE",0.9886684,2.023,126.6,8.70,6456.00,2.7730
8742270,"K05567.01","FALSE POSITIVE",397.3958488,6.1014,29825,395.70,5544.00,1.3620
8745553,"K05568.01","CONFIRMED",62.134919,8.711,147.5,10.60,5889.00,4.9120
8747222,"K05569.01","FALSE POSITIVE",1.667482003,1.5931,545.5,50.20,4678.00,6.7200
8747910,"K05570.01","CANDIDATE",574.65297,4.37,725,7.40,5596.00,0.8210
8766285,"K05571.01","FALSE POSITIVE",5.29730786,4.02,190.8,13.10,5780.00,1.0000
8807988,"K05572.01","CANDIDATE",21.9578446,1.038,96.6,6.70,5192.00,0.8020
8812360,"K05573.01","FALSE POSITIVE",77.395279,5.26,437,7.90,5158.00,2.9950
8814872,"K05574.01","CANDIDATE",373.41509,6.617,1806,10.00,4236.00,0.6120
8823893,"K05575.01","FALSE POSITIVE",1.50650036,2.762,45.4,15.00,6201.00,1.1260
8836224,"K05576.01","FALSE POSITIVE",194.48732212,3.6,,,,
8841297,"K05577.01","CANDIDATE",495.51899,3.592,297.6,6.60,6043.00,1.6340
8868481,"K05578.01","CANDIDATE",388.048463,3.456,149.6,8.30,5779.00,2.4600
8888745,"K05579.01","CANDIDATE",34.0269868,1.586,361.7,6.20,4999.00,0.8010
8890417,"K05580.01","CANDIDATE",173.219879,1.875,239.5,5.70,6007.00,1.5180
8891684,"K05581.01","CONFIRMED",374.878133,10.556,914.6,21.90,5636.00,1.3540
8904714,"K05582.01","FALSE POSITIVE",5.2362026,3.148,2019.5,28.20,6176.00,1.6310
8915379,"K05583.01","CANDIDATE",20.5858591,3.069,260.2,6.60,5523.00,0.7530
8935352,"K05584.01","FALSE POSITIVE",10.90962154,17.8024,499921,2345.10,5323.00,2.0640
8937555,"K05585.01","CANDIDATE",113.573945,3.007,249.6,7.80,5155.00,2.2330
8939211,"K05586.01","FALSE POSITIVE",27.0779813,138.54,347.5,139.40,5906.00,0.8500
8939650,"K05587.01","FALSE POSITIVE",1.827660875,3.986,46676.8,890.30,6352.00,1.0720
8946267,"K05588.01","CANDIDATE",542.91133,15.9,750.1,13.10,5583.00,0.8240
8949512,"K05589.01","FALSE POSITIVE",376.554588,3.182,481,5.40,5926.00,0.9130
8955741,"K05590.01","FALSE POSITIVE",538.4263,12.751,242,16.20,5962.00,2.0280
8959240,"K05591.01","CANDIDATE",317.009388,3.013,326.9,7.50,5066.00,2.2700
8971044,"K05592.01","CANDIDATE",482.51701,14.791,573,10.30,6168.00,0.9600
8975776,"K05593.01","FALSE POSITIVE",224.469892,2.952,458.6,5.50,5911.00,1.0910
8979500,"K05594.01","FALSE POSITIVE",113.556471,2.383,278.7,7.60,4842.00,4.1640
9003126,"K05595.01","FALSE POSITIVE",208.02789,10.82,255,8.80,4285.00,0.6320
9008125,"K05596.01","FALSE POSITIVE",308.024953,2.665,352.6,10.20,5220.00,1.8870
9011877,"K05597.01","CANDIDATE",7.77710639,3.418,77.4,10.60,5073.00,0.8510
9012244,"K05598.01","CANDIDATE",376.934014,4.28,382.4,6.10,6074.00,1.0340
9016592,"K05599.01","FALSE POSITIVE",46.50446209,1.37,,,,
9018021,"K05600.01","CANDIDATE",17.168095,13.04,143.1,8.10,5053.00,1.9070
9024568,"K05601.01","FALSE POSITIVE",124.091252,2.172,281.4,5.70,5275.00,0.7920
9026007,"K05602.01","CANDIDATE",403.163148,5.735,681.1,12.10,5812.00,0.9630
9026248,"K05603.01","CANDIDATE",341.557931,3.365,433,9.60,5138.00,3.0980
9044060,"K05604.01","CANDIDATE",476.91977,5.07,193.6,7.40,6282.00,1.7250
9047416,"K05605.01","CANDIDATE",9.011888,4.167,987.6,15.50,5627.00,1.7350
9049550,"K05606.01","FALSE POSITIVE",23.81490574,1.9948,79201,444.40,5421.00,1.8900
9049697,"K05607.01","FALSE POSITIVE",1.3274511,3.465,123.6,16.60,4137.00,0.6100
9073549,"K05608.01","CANDIDATE",87.565484,2.527,396,6.70,6064.00,1.0690
9079671,"K05609.01","CANDIDATE",535.1515,2.826,362.3,8.60,5468.00,1.4230
9079767,"K05610.01","CANDIDATE",495.40462,0.63,904,5.50,6225.00,1.0310
9087071,"K05611.01","FALSE POSITIVE",209.238576,2.245,154.7,5.40,6302.00,1.1350
9087853,"K05612.01","CANDIDATE",353.65927,4.543,1018,7.50,5438.00,0.8200
9097470,"K05613.01","CANDIDATE",346.4174,9.23,662,7.90,5754.00,0.9460
9101279,"K05614.01","FALSE POSITIVE",1.811461128,8.42343,921671,3934.30,8572.00,3.0340
9108058,"K05615.01","FALSE POSITIVE",2.17491508,8.4418,635412,1572.00,6792.00,1.6360
9114614,"K05616.01","CANDIDATE",441.61919,5.372,820,7.80,4351.00,0.5920
9116075,"K05617.01","FALSE POSITIVE",24.5002702,4.079,153.5,13.30,4519.00,0.5970
9116510,"K05618.01","CANDIDATE",318.49078,3.012,630,6.30,6026.00,1.1760
9117123,"K05619.01","FALSE POSITIVE",2.16402661,2.78,,,,
9118858,"K05620.01","FALSE POSITIVE",392.89275632,4.93,,,,
9137257,"K05621.01","FALSE POSITIVE",114.734287,3.724,242.9,6.70,5083.00,0.7100
9141355,"K05622.01","CONFIRMED",469.61309,13.709,1234.7,18.20,5474.00,0.7630
9142225,"K05623.01","FALSE POSITIVE",583.73632,15.75,338.6,11.40,6003.00,1.4420
9142334,"K05624.01","FALSE POSITIVE",502.658,19.51,216,10.00,3754.00,0.4730
9147012,"K05625.01","CANDIDATE",116.454312,15.826,2125.3,30.00,5197.00,0.7360
9147029,"K05626.01","CANDIDATE",397.499229,8.019,2629.7,34.80,6423.00,1.2310
9153246,"K05627.01","FALSE POSITIVE",243.954706,2.562,291.7,5.20,5578.00,0.7940
9157030,"K05628.01","CANDIDATE",24.9093027,3.8,332.6,10.40,4810.00,0.6850
9157523,"K05629.01","CANDIDATE",192.138741,3.218,151.4,8.20,6065.00,1.5690
9159461,"K05630.01","FALSE POSITIVE",80.519237,4.044,92.5,7.20,6251.00,1.1190
9164003,"K05631.01","FALSE POSITIVE",149.356804,15.415,171.6,14.00,6569.00,2.2030
9166700,"K05632.01","CANDIDATE",264.466625,6.371,437.3,27.00,6551.00,1.2360
9173014,"K05633.01","CANDIDATE",151.77884,2.615,189.7,8.20,6328.00,3.1340
9178502,"K05634.01","FALSE POSITIVE",50.47759052,2.02,,,,
9178894,"K05635.01","CANDIDATE",113.993156,7.721,69.7,15.60,7892.00,2.4960
9180282,"K05636.01","FALSE POSITIVE",2.79123954,2.843,154.8,25.30,6407.00,1.6680
9181402,"K05637.01","FALSE POSITIVE",223.31769215,3.54,,,,
9209981,"K05638.01","CANDIDATE",290.02002,23.87,172.5,7.60,6452.00,1.1480
9210738,"K05639.01","CANDIDATE",279.21957,10.015,333.5,10.50,5159.00,2.6040
9214176,"K05640.01","CANDIDATE",348.665961,3.849,391.2,10.80,5183.00,4.8900
9216231,"K05641.01","FALSE POSITIVE",616.34132,12.724,1287,12.50,4197.00,0.5880
9217583,"K05642.01","CANDIDATE",222.28056,3.035,271.9,8.00,6543.00,1.5310
9220614,"K05643.01","CANDIDATE",570.01886,3.52,428.5,6.80,5496.00,0.7900
9224514,"K05644.01","CANDIDATE",378.93139106,14.11,,,,
9229807,"K05645.01","CANDIDATE",580.85326788,16.63,,,,
9265521,"K05646.01","FALSE POSITIVE",386.62189,17.72,193.2,12.30,6085.00,1.0330
9268456,"K05647.01","FALSE POSITIVE",84.644104,48.182,512,33.50,5229.00,15.5170
9271739,"K05648.01","FALSE POSITIVE",575.95408,8.618,1210,11.40,5398.00,0.8540
9274092,"K05649.01","CANDIDATE",426.942225,3.965,1209,11.80,5126.00,0.6690
9274431,"K05650.01","FALSE POSITIVE",117.844963,1.951,1043,6.60,5317.00,0.7690
9282853,"K05651.01","CANDIDATE",83.499618,16.03,501,16.10,5141.00,0.7730
9292100,"K05652.01","CANDIDATE",91.507044,5.019,539,12.40,5040.00,0.6260
9300066,"K05653.01","CANDIDATE",188.664098,5.179,960,9.40,4788.00,0.6720
9304976,"K05654.01","CANDIDATE",54.6957124,6.89,1096,12.40,5299.00,0.7570
9306677,"K05655.01","FALSE POSITIVE",532.9307,3.89,181.4,5.30,7872.00,3.3730
9330740,"K05656.01","CANDIDATE",169.84787744,2.82,,,,
9334027,"K05657.01","CANDIDATE",284.699924,3.709,371.1,7.60,6054.00,1.0280
9357578,"K05658.01","FALSE POSITIVE",171.69799,2.904,878,7.70,5033.00,13.6790
9362842,"K05659.01","FALSE POSITIVE",444.89411,7.937,363,13.20,6195.00,2.4390
9363944,"K05660.01","CANDIDATE",402.20969,5.298,472.5,9.50,4961.00,4.6490
9368524,"K05661.01","FALSE POSITIVE",229.86928,12.91,1659,10.60,6065.00,2.3440
9390655,"K05662.01","FALSE POSITIVE",9.5497037,1.881,706.7,12.40,3705.00,0.5690
9391817,"K05663.01","CANDIDATE",140.884533,10.245,158,16.40,5960.00,1.2130
9394762,"K05664.01","FALSE POSITIVE",77.138911,7.229,603.3,19.00,5778.00,0.9110
9394953,"K05665.01","CANDIDATE",100.494129,2.679,57.6,6.90,6018.00,1.7500
9397862,"K05666.01","CANDIDATE",182.453195,2.721,184,5.20,6164.00,0.9270
9402670,"K05667.01","FALSE POSITIVE",0.536551592,4.89,153.2,26.20,6140.00,1.0270
9402859,"K05668.01","FALSE POSITIVE",68.54443156,2.05,,,,
9407689,"K05669.01","FALSE POSITIVE",130.110715,2.227,251.9,6.40,5960.00,0.8280
9412267,"K05670.01","FALSE POSITIVE",542.16158927,8.77,,,,
9417931,"K05671.01","CANDIDATE",190.905243,2.529,227.1,7.40,6098.00,1.1310
9418508,"K05672.01","FALSE POSITIVE",11.0153889,2.666,3446,31.80,5515.00,1.6780
9449320,"K05673.01","FALSE POSITIVE",28.34230575,1.65,,,,
9451521,"K05674.01","FALSE POSITIVE",231.521608,2.819,478.7,6.10,5695.00,0.8720
9455322,"K05675.01","FALSE POSITIVE",180.890384,1.901,205.3,5.80,7037.00,1.6830
9455526,"K05676.01","FALSE POSITIVE",60.0546149,3.435,326.1,11.80,5242.00,2.9170
9456887,"K05677.01","CANDIDATE",20.5142642,3.524,153.2,9.00,5221.00,0.9360
9457533,"K05678.01","FALSE POSITIVE",37.3683802,2.8,206.6,8.80,5101.00,6.4220
9463329,"K05679.01","FALSE POSITIVE",615.81928,14.93,168,11.00,6120.00,0.9550
9466486,"K05680.01","CANDIDATE",557.92882,4.788,262.2,8.10,5553.00,1.8440
9472328,"K05681.01","CANDIDATE",77.51257,3.15,1510,5.80,5261.00,3.6300
9472341,"K05682.01","CANDIDATE",46.969389,1.944,1875,7.10,5401.00,1.7170
9474485,"K05683.01","FALSE POSITIVE",0.512581525,2.54719,384482,1583.70,4612.00,0.6040
9475697,"K05684.01","CANDIDATE",206.801125,6.6,716,16.70,5048.00,8.6110
9481235,"K05685.01","CANDIDATE",14.0019064,4.257,376.1,11.60,4883.00,6.5020
9489348,"K05686.01","FALSE POSITIVE",3.34465934,10.796,57.6,24.30,5966.00,1.5510
9517242,"K05687.01","FALSE POSITIVE",513.14417,14.13,223.8,7.90,5709.00,0.8370
9532603,"K05688.01","CANDIDATE",14.5555096,2.07,725,8.10,5176.00,0.7380
9534832,"K05689.01","CANDIDATE",114.12716,1.719,974,6.30,4816.00,0.8230
9536727,"K05690.01","CANDIDATE",17.0497376,3.271,478.6,6.40,5039.00,14.9540
9543302,"K05691.01","FALSE POSITIVE",13.0366377,3.184,154.6,15.40,6084.00,1.6770
9575728,"K05692.01","CANDIDATE",2.64181261,2.127,70,12.70,4147.00,0.6830
9579072,"K05693.01","FALSE POSITIVE",612.882452,2.024,631,7.50,6029.00,0.9560
9579606,"K05694.01","CANDIDATE",107.904526,2.053,249.4,6.10,5565.00,0.8020
9591728,"K05695.01","FALSE POSITIVE",11.03571773,5.62958,144955,959.60,6201.00,1.2300
9594184,"K05696.01","FALSE POSITIVE",42.093314,4.649,886,7.40,4885.00,0.7630
9594992,"K05697.01","FALSE POSITIVE",274.10859251,6.59,,,,
9596820,"K05698.01","CANDIDATE",282.029084,4.686,312.8,8.10,6886.00,1.2870
9598315,"K05699.01","FALSE POSITIVE",339.18109,5.34,157.9,11.50,6407.00,1.3440
9602595,"K05700.01","FALSE POSITIVE",3.55650976,12.7364,687454,3867.70,8105.00,2.4330
9645188,"K05701.01","FALSE POSITIVE",48.55059299,1.79,,,,
9659022,"K05702.01","CANDIDATE",511.882,4.822,610,6.50,6141.00,1.0070
9662475,"K05703.01","FALSE POSITIVE",247.372131,3.271,513.4,12.40,5780.00,1.0000
9674789,"K05704.01","CANDIDATE",96.16705,2.775,270.7,7.20,5147.00,0.7160
9705620,"K05705.01","FALSE POSITIVE",95.254421,3.379,465.4,6.10,6063.00,1.0120
9715631,"K05706.01","CONFIRMED",425.483539,17.856,996.6,19.60,5977.00,1.0220
9723746,"K05707.01","CANDIDATE",208.800733,1.964,594,4.90,6208.00,1.1680
9724993,"K05708.01","FALSE POSITIVE",7.863361238,3.42771,18156.7,723.30,5615.00,1.4000
9758615,"K05709.01","FALSE POSITIVE",94.20561159,6.62,,,,
9771920,"K05710.01","FALSE POSITIVE",378.70643955,14.66,,,,
9775475,"K05711.01","FALSE POSITIVE",78.4286313,3.7368,83303,112.60,5780.00,1.0000
9776907,"K05712.01","CANDIDATE",287.75613,5.487,1987,6.60,4965.00,0.7810
9780149,"K05713.01","FALSE POSITIVE",2.53021,21.79,367.9,24.20,5780.00,1.2960
9786017,"K05714.01","FALSE POSITIVE",2.249000963,9.6022,58776.2,1159.50,6025.00,2.2930
9832379,"K05715.01","CANDIDATE",189.961729,12.46,699.9,11.90,5335.00,0.7420
9837659,"K05716.01","FALSE POSITIVE",121.62387378,2.73,,,,
9838414,"K05717.01","FALSE POSITIVE",1.33261458,5.161,1335.3,17.50,4611.00,0.7600
9838582,"K05718.01","CANDIDATE",233.64574,10.05,2268,7.60,5780.00,1.0000
9839030,"K05719.01","CANDIDATE",27.285315,7.47,396.5,9.60,6304.00,1.0940
9845362,"K05720.01","FALSE POSITIVE",105.895315,2.581,1227,7.00,5271.00,0.7810
9845931,"K05721.01","FALSE POSITIVE",61.224558,4.103,544.2,9.70,6343.00,1.1400
9847239,"K05722.01","FALSE POSITIVE",28.507877538,3.13331,24372.3,449.00,6131.00,0.9450
9848760,"K05723.01","FALSE POSITIVE",444.46522,0.767,4084,9.00,5134.00,0.7460
9850843,"K05724.01","FALSE POSITIVE",8.48039,6.134,133.7,12.00,6193.00,1.0670
9851638,"K05725.01","CANDIDATE",351.25069,3.648,1324,6.50,4828.00,0.6300
9875101,"K05726.01","FALSE POSITIVE",212.771978,2.115,1239,6.90,5122.00,0.8240
9881660,"K05727.01","CANDIDATE",65.3558881,2.165,1158,9.60,4703.00,0.7640
9896438,"K05728.01","FALSE POSITIVE",18.0766788,3.06,28831,26.60,5780.00,1.0000
9899514,"K05729.01","FALSE POSITIVE",1.33255577,4.282,126.5,15.40,5122.00,0.8810
9899607,"K05730.01","FALSE POSITIVE",1.33259275,4.014,79.1,15.90,6091.00,0.9670
9908486,"K05731.01","FALSE POSITIVE",36.6092739,1.835,1102,7.60,4770.00,16.1140
9910043,"K05732.01","CANDIDATE",39.399926,5.729,341.4,9.40,5913.00,0.7950
9911112,"K05733.01","FALSE POSITIVE",1.166835206,2.17596,15527.2,388.60,8982.00,2.1230
9933600,"K05734.01","FALSE POSITIVE",230.70578883,2.69,,,,
9934274,"K05735.01","FALSE POSITIVE",4.99471597,3.44,53,14.10,6409.00,2.8300
9935983,"K05736.01","CANDIDATE",161.651504,2.509,253.6,8.40,5725.00,1.2890
9941136,"K05737.01","CANDIDATE",376.24253,4.064,185.7,6.30,5916.00,0.9600
9941387,"K05738.01","FALSE POSITIVE",27.659607786,4.16321,318404,4791.00,5310.00,0.7680
9941550,"K05739.01","FALSE POSITIVE",476.727302,9.327,1035.7,17.90,5068.00,7.4170
9942658,"K05740.01","CANDIDATE",21.7997515,4.756,109.5,8.70,6122.00,0.9640
9953491,"K05741.01","CANDIDATE",362.0619,14.02,886.2,13.50,5271.00,0.6980
9954225,"K05742.01","FALSE POSITIVE",1.340649911,5.0912,627633,791.00,6332.00,1.2220
9957659,"K05743.01","FALSE POSITIVE",30.69537638,5.6634,19941,186.80,6185.00,1.1920
9957668,"K05744.01","FALSE POSITIVE",30.69533113,5.94855,88771.2,7846.30,6335.00,1.2860
9962595,"K05745.01","CANDIDATE",11.374442708,2.30694,27904.9,643.60,5297.00,0.8080
9967398,"K05746.01","FALSE POSITIVE",49.873958,1.351,562,5.70,4979.00,0.6290
9968924,"K05747.01","CANDIDATE",411.447056,3.481,285.2,7.30,6519.00,1.6720
9993683,"K05748.01","CANDIDATE",29.9371143,4.435,194.3,11.60,5115.00,0.8660
9994381,"K05749.01","CANDIDATE",281.95332,2.756,1039,7.60,4864.00,0.6920
10002266,"K05750.01","FALSE POSITIVE",12.71368909,1.875,192.2,9.80,5715.00,0.7820
10004515,"K05751.01","FALSE POSITIVE",25.26363805,2.72,,,,
10004772,"K05752.01","FALSE POSITIVE",1.391716834,1.421,41,9.70,3749.00,59.6840
10006096,"K05753.01","FALSE POSITIVE",70.516233809,4.09296,330180,3168.80,5511.00,0.7890
10007492,"K05754.01","FALSE POSITIVE",2.645596805,2.9095,1272.7,166.80,4980.00,5.4430
10007916,"K05755.01","CANDIDATE",388.67155,11.701,371.3,10.10,5354.00,0.7880
10018364,"K05756.01","FALSE POSITIVE",105.6327297,2.73,,,,
10023469,"K05757.01","FALSE POSITIVE",44.637111,5.868,282.5,9.40,5222.00,0.7800
10027861,"K05758.01","CANDIDATE",102.493119,2.814,636.1,8.30,5166.00,0.7910
10064591,"K05759.01","CANDIDATE",284.94212784,3.2,,,,
10074700,"K05760.01","FALSE POSITIVE",365.620697,32.263,27188,671.10,5273.00,0.7680
10083325,"K05761.01","CANDIDATE",6.13292733,1.561,58.7,10.00,5877.00,2.0340
10090854,"K05762.01","CANDIDATE",12.63063129,2.212,300.8,9.50,5579.00,0.7980
10096697,"K05763.01","FALSE POSITIVE",191.272501,3.064,286.5,5.80,5727.00,0.9180
10098540,"K05764.01","CANDIDATE",286.02266,10.43,1036,9.80,4368.00,0.6370
10130646,"K05765.01","FALSE POSITIVE",390.40832,7.916,251.9,8.50,3659.00,0.4000
10132552,"K05766.01","FALSE POSITIVE",191.528018,2.342,171.8,6.40,6054.00,1.0090
10132908,"K05767.01","FALSE POSITIVE",386.59946,3.305,380.7,5.80,6137.00,0.9630
10141271,"K05768.01","FALSE POSITIVE",15.4032765,3.246,253,9.20,5272.00,0.7990
10146103,"K05769.01","CANDIDATE",7.58062893,3.484,86.1,10.90,5753.00,1.0410
10158715,"K05770.01","FALSE POSITIVE",61.0011095,1.049,408,4.60,6418.00,1.1710
10161534,"K05771.01","FALSE POSITIVE",198.232389,1.919,416.4,5.70,6263.00,1.1130
10186761,"K05772.01","CANDIDATE",75.636309,2.588,174.6,6.00,6072.00,0.9940
10189542,"K05773.01","FALSE POSITIVE",24.614775,2.395,229.4,10.50,5654.00,0.8490
10191056,"K05774.01","FALSE POSITIVE",1.21374744,5.79293,185129,8755.20,6791.00,1.6190
10191449,"K05775.01","CANDIDATE",492.23808,12.53,676.8,13.20,5609.00,0.8540
10199984,"K05776.01","CANDIDATE",198.6004,3.53,300.8,9.80,5357.00,2.5220
10201891,"K05777.01","FALSE POSITIVE",372.30881,3.874,535.2,14.90,5966.00,0.9040
10208477,"K05778.01","FALSE POSITIVE",454.244158,3.399,241,9.90,6446.00,1.8740
10222603,"K05779.01","FALSE POSITIVE",112.48226,1.923,195.7,5.20,6089.00,0.9500
10227881,"K05780.01","FALSE POSITIVE",5.14108479,25.93,611.2,57.00,5893.00,0.9410
10266852,"K05781.01","FALSE POSITIVE",179.27230765,2.21,,,,
10272858,"K05782.01","CANDIDATE",584.55603,3.671,346.7,10.00,5208.00,3.6200
10292000,"K05783.01","FALSE POSITIVE",200.83849979,2.37,,,,
10319341,"K05784.01","FALSE POSITIVE",40.1043796,3.471,187.3,9.20,6174.00,1.0890
10319834,"K05785.01","CANDIDATE",70.31252504,13.66,,,,
10320341,"K05786.01","FALSE POSITIVE",30.114681501,5.68713,87057.3,2858.10,6273.00,1.0440
10339000,"K05787.01","CANDIDATE",69.775633,9.205,140.9,9.70,6224.00,0.9830
10356840,"K05788.01","FALSE POSITIVE",242.484764,6.451,361.7,7.60,6068.00,0.8290
10387792,"K05789.01","CANDIDATE",383.26217,4.84,448.4,11.00,5074.00,0.7610
10394802,"K05790.01","CANDIDATE",178.266978,5.276,1857,12.50,4899.00,0.7130
10399137,"K05791.01","FALSE POSITIVE",385.593209,2.799,282.9,5.60,6205.00,1.3580
10416390,"K05792.01","FALSE POSITIVE",215.737826,7.257,8476,36.80,4889.00,0.7240
10419108,"K05793.01","FALSE POSITIVE",507.48249,8.19,232.1,9.70,5227.00,0.7440
10453009,"K05794.01","CANDIDATE",30.9771151,3.188,125,6.80,5197.00,3.7840
10459749,"K05795.01","CANDIDATE",19.11280242,1.58,,,,
10470779,"K05796.01","CANDIDATE",495.854189,8.65,548.6,10.90,5613.00,1.0440
10480952,"K05797.01","FALSE POSITIVE",2.037453129,5.43155,315914,6944.90,6456.00,2.0560
10487228,"K05798.01","CANDIDATE",318.25858,4.39,756,6.00,5108.00,0.7590
10519727,"K05799.01","CANDIDATE",184.883155,3.025,304.1,9.90,5620.00,1.6210
10525077,"K05800.01","CANDIDATE",11.006795,5.112,146.4,10.90,6091.00,1.0470
10535708,"K05801.01","CANDIDATE",177.37583,21.14,459.7,12.40,5849.00,0.9190
10535708,"K05801.02","FALSE POSITIVE",0.93373761,3.303,58.7,9.70,5534.00,1.3260
10547378,"K05802.01","FALSE POSITIVE",35.164087,86.05,1528.9,38.30,5485.00,2.0870
10548411,"K05803.01","FALSE POSITIVE",107.11003503,2.12,,,,
10551346,"K05804.01","FALSE POSITIVE",1.42796645,12.8653,6012.3,347.60,6099.00,0.9190
10552151,"K05805.01","CANDIDATE",525.757041,4.995,830.2,14.40,5277.00,3.9310
10552263,"K05806.01","CANDIDATE",313.82752,4.187,168,8.70,5914.00,0.9730
10554421,"K05807.01","CANDIDATE",236.09799849,3.65,,,,
10556891,"K05808.01","FALSE POSITIVE",70.61977122,2.09,,,,
10579570,"K05809.01","FALSE POSITIVE",216.10910854,3.95,,,,
10581308,"K05810.01","CANDIDATE",425.593391,3.815,237.6,6.50,5458.00,1.4410
10591578,"K05811.01","FALSE POSITIVE",44.51439331,1.55,,,,
10601163,"K05812.01","CANDIDATE",3.1318392,1.632,159.9,6.00,6070.00,1.1590
10616317,"K05813.01","FALSE POSITIVE",38.27772448,1.73,,,,
10616656,"K05814.01","FALSE POSITIVE",25.285232337,4.76313,63021.6,5902.40,6486.00,1.1360
10618044,"K05815.01","CANDIDATE",207.767894,5.21,320.6,7.70,5210.00,1.8490
10656842,"K05816.01","CANDIDATE",82.508054,3.806,351.9,11.40,4986.00,7.7330
10658177,"K05817.01","CANDIDATE",113.083522,10.315,130.7,13.00,5903.00,1.4000
10661679,"K05818.01","FALSE POSITIVE",1.23138339,3.943,72.7,21.00,5791.00,0.9580
10663976,"K05819.01","CANDIDATE",381.37504,16.57,286.5,11.80,5513.00,0.7290
10677763,"K05820.01","FALSE POSITIVE",120.16983803,3.19,,,,
10678912,"K05821.01","CANDIDATE",113.71363032,2.45,,,,
10685764,"K05822.01","CANDIDATE",17.634272,1.387,76.7,9.70,4885.00,1.9790
10724569,"K05823.01","FALSE POSITIVE",0.745086745,4.29,270,61.40,5325.00,0.7500
10734441,"K05824.01","FALSE POSITIVE",247.47724314,7.6,,,,
10737437,"K05825.01","CANDIDATE",208.047137,3.22,287.5,6.90,5991.00,1.2000
10747162,"K05826.01","CANDIDATE",30.561533,2.227,585.7,6.90,4294.00,0.6640
10777591,"K05827.01","CONFIRMED",6.10968225,5.735,60.3,18.60,6024.00,1.0090
10799291,"K05828.01","FALSE POSITIVE",270.98477,6.718,13883,10.70,11068.00,1.5550
10802364,"K05829.01","CANDIDATE",583.8531,5.09,491,5.40,5591.00,0.8600
10809888,"K05830.01","CANDIDATE",72.782432,3.726,245.8,8.50,5099.00,7.3170
10813078,"K05831.01","CANDIDATE",10.552241908,2.7355,954,12.30,4031.00,0.5850
10817600,"K05832.01","FALSE POSITIVE",2.74703312,2.655,152.2,23.10,8237.00,3.1340
10850327,"K05833.01","CANDIDATE",440.171272,12.217,783.5,38.00,6261.00,1.6790
10855545,"K05834.01","CANDIDATE",37.537859,6.513,269,8.20,6095.00,1.0820
10858504,"K05835.01","CANDIDATE",474.96952,4.58,595,6.40,6287.00,0.9620
10865043,"K05836.01","CANDIDATE",202.18722766,2.77,,,,
10878117,"K05837.01","CANDIDATE",280.92070688,3.48,,,,
10879247,"K05838.01","FALSE POSITIVE",432.074696,4.763,1088,7.60,5183.00,0.7390
10879899,"K05839.01","CANDIDATE",169.415073,3.884,239.9,9.80,6362.00,1.3780
10905641,"K05840.01","FALSE POSITIVE",460.77905,15.541,239.3,12.70,6126.00,2.7170
10920086,"K05841.01","FALSE POSITIVE",3.21318517,15.47,2046.1,662.90,6712.00,1.5130
10933306,"K05842.01","CANDIDATE",57.7749373,4.731,283.6,10.40,6277.00,1.0970
10958972,"K05843.01","FALSE POSITIVE",331.78248134,4.94,,,,
10964747,"K05844.01","FALSE POSITIVE",344.961485,3.023,427.9,6.20,5481.00,0.7750
10967168,"K05845.01","CANDIDATE",22.2659599,4.816,61.3,8.30,6888.00,1.4920
10977671,"K05846.01","CANDIDATE",199.064336,13.623,265,15.40,5157.00,3.4360
10978581,"K05847.01","CANDIDATE",277.114286,3.926,567.1,10.40,5117.00,7.5490
10979952,"K05848.01","CANDIDATE",323.159363,2.427,368.6,7.40,5251.00,1.8110
10989620,"K05849.01","CANDIDATE",21.512259,4.337,131.3,7.10,5611.00,0.9970
10991389,"K05850.01","CANDIDATE",303.226376,1.802,1464,12.70,5952.00,0.9550
10991431,"K05851.01","CANDIDATE",322.221973,7.531,465.6,8.90,6026.00,1.0060
11021266,"K05852.01","CANDIDATE",235.413973,3.065,1027,6.90,6028.00,1.0010
11021676,"K05853.01","CANDIDATE",366.68293,3.854,1075,6.40,5217.00,0.8690
11026582,"K05854.01","CANDIDATE",240.57135,11.164,921.5,36.90,6146.00,0.9430
11036168,"K05855.01","CANDIDATE",217.792748,4.695,1487,16.60,5600.00,1.2830
11037818,"K05856.01","CONFIRMED",259.34304,16.04,349.7,13.10,5490.00,3.2040
11046723,"K05857.01","CANDIDATE",388.03884851,4.44,,,,
11046870,"K05858.01","FALSE POSITIVE",8.34410791,1.606,255.2,9.90,6321.00,1.0580
11069681,"K05859.01","CANDIDATE",172.621943,4.435,788,3.40,5119.00,9.3430
11072982,"K05860.01","CANDIDATE",264.708077,3.975,461.3,6.30,5283.00,2.9070
11073238,"K05861.01","FALSE POSITIVE",452.40428,17.2,216.7,8.20,6195.00,1.0290
11076176,"K05862.01","FALSE POSITIVE",0.699985822,3.02633,389433,626.90,5264.00,0.7240
11080702,"K05863.01","CANDIDATE",8.67237968,2.826,99.1,12.30,5620.00,0.8820
11082795,"K05864.01","CANDIDATE",35.9216912,0.585,221.3,5.60,5161.00,0.8290
11090561,"K05865.01","FALSE POSITIVE",35.8726918,4.402,916.3,24.60,5254.00,15.3690
11090926,"K05866.01","CANDIDATE",102.300622,4.473,781.2,13.00,4895.00,9.4350
11097752,"K05867.01","CANDIDATE",359.8455,34.84,503.9,12.30,4945.00,6.6320
11098704,"K05868.01","CANDIDATE",22.7783121,1.037,155.6,7.30,6538.00,1.4770
11100170,"K05869.01","CANDIDATE",114.406187,4.92,1306,11.40,4641.00,0.6910
11129145,"K05870.01","CANDIDATE",132.114,2.514,216.8,5.70,4342.00,0.5230
11145391,"K05871.01","CANDIDATE",623.2344,14.448,602.8,15.80,5600.00,0.8390
11145637,"K05872.01","CANDIDATE",46.16051579,2.37,,,,
11147785,"K05873.01","CANDIDATE",217.170081,4.291,937,9.50,5083.00,11.7230
11152511,"K05874.01","CANDIDATE",287.33114,12.722,406.7,19.70,5426.00,1.0070
11176166,"K05875.01","CONFIRMED",9.8788502,2.951,454.7,13.40,6477.00,1.1480
11176166,"K05875.02","CANDIDATE",4.2742605,2.687,263.8,11.40,6477.00,1.1480
11182213,"K05876.01","CANDIDATE",189.456089,3.077,453,5.40,5991.00,1.0260
11183752,"K05877.01","CANDIDATE",230.358183,2.031,1023,6.20,5803.00,0.8840
11191364,"K05878.01","CANDIDATE",211.54114,5.4,751,5.30,5433.00,0.6890
11198419,"K05879.01","CANDIDATE",88.523517,7.22,828,7.70,3827.00,0.4620
11199233,"K05880.01","FALSE POSITIVE",386.22400908,4.93,,,,
11251991,"K05881.01","CANDIDATE",134.35872,13.3,75.2,16.50,6948.00,1.4330
11298442,"K05882.01","CANDIDATE",55.01469183,2.34,,,,
11305417,"K05883.01","CANDIDATE",198.781156,6.77,138.3,10.30,6493.00,1.4240
11338918,"K05884.01","FALSE POSITIVE",588.63759,3.84,322.1,7.40,5135.00,0.8490
11340218,"K05885.01","CANDIDATE",111.149082,2.911,394.2,5.90,5763.00,0.9480
11341266,"K05886.01","CANDIDATE",284.87177,15.63,106.7,10.10,6437.00,1.7730
11341314,"K05887.01","FALSE POSITIVE",9.8338474,14.585,57.6,23.80,5929.00,1.2020
11348610,"K05888.01","CANDIDATE",190.860818,2.823,512,6.20,5463.00,0.8030
11351454,"K05889.01","CANDIDATE",374.41813,17.9,430.2,8.90,6195.00,1.1240
11355925,"K05890.01","CANDIDATE",263.30198,2.213,377.6,5.60,5758.00,1.1320
11391512,"K05891.01","CANDIDATE",370.31761,12.588,1885,15.10,4665.00,0.7010
11393248,"K05892.01","CANDIDATE",37.959659,2.793,287.9,6.90,5573.00,0.8270
11393633,"K05893.01","CANDIDATE",405.6296,11.26,304.3,5.80,5583.00,0.7900
11401845,"K05894.01","FALSE POSITIVE",1.080695116,7.449,312773,198.80,7796.00,2.3400
11407847,"K05895.01","CANDIDATE",11.8307724,8.791,136,12.40,5550.00,0.9580
11414368,"K05896.01","CANDIDATE",434.28175,8.14,663.1,12.80,5544.00,0.7500
11444772,"K05897.01","CANDIDATE",395.94327,16.09,1506,14.50,4596.00,0.6780
11444974,"K05898.01","CANDIDATE",76.37924,0.645,276.3,5.70,5451.00,0.9360
11446961,"K05899.01","CANDIDATE",58.669218,3.712,169.4,10.00,5548.00,0.9860
11453930,"K05900.01","CANDIDATE",355.84731,16.68,123.9,9.80,6823.00,1.4930
11453930,"K05900.02","FALSE POSITIVE",0.687739345,0.1866,37.6,11.00,6823.00,1.4930
11456256,"K05901.01","CANDIDATE",61.611129,14.96,82.9,22.00,6533.00,1.3860
11457664,"K05902.01","CANDIDATE",150.728285,2.718,213.5,5.60,5778.00,0.8710
11465658,"K05903.01","CANDIDATE",253.790434,3.702,604,6.40,5426.00,0.8500
11465869,"K05904.01","FALSE POSITIVE",322.544807,11.236,88,12.10,5359.00,0.7410
11493378,"K05905.01","CANDIDATE",35.6606167,1.59,,,,
11506938,"K05906.01","FALSE POSITIVE",22.57494749,36.756,1344.1,302.60,6581.00,1.4680
11513366,"K05907.01","CANDIDATE",587.38162,11.973,863.6,12.80,4784.00,11.8390
11513441,"K05908.01","FALSE POSITIVE",85.5692223,4.954,539.2,18.20,5361.00,1.9510
11520114,"K05909.01","CANDIDATE",7.07987663,2.589,309.8,10.00,4808.00,0.8060
11520465,"K05910.01","CANDIDATE",91.240335,2.314,206.1,5.70,6493.00,1.2050
11559493,"K05911.01","CANDIDATE",357.41382,3.675,777,6.70,6233.00,1.0760
11598638,"K05912.01","CANDIDATE",359.854745,3.429,302.4,6.10,6495.00,1.1680
11598894,"K05913.01","CANDIDATE",89.366114,3.945,494,6.30,5861.00,0.8750
11599800,"K05914.01","FALSE POSITIVE",422.255426,4.974,1935,17.40,6273.00,1.1390
11599937,"K05915.01","CANDIDATE",37.6259039,3.91,411,11.70,5874.00,0.8710
11600299,"K05916.01","CANDIDATE",100.41475198,1.72,,,,
11601425,"K05917.01","CANDIDATE",41.9934673,3.226,293.7,9.40,5766.00,0.9150
11601633,"K05918.01","CANDIDATE",94.67782,2.215,287,5.90,5360.00,0.8660
11601972,"K05919.01","CANDIDATE",290.196139,13.698,281,15.70,6238.00,1.4030
11603298,"K05920.01","FALSE POSITIVE",471.39698,10.714,329.9,13.10,6587.00,1.0080
11614808,"K05921.01","CANDIDATE",175.452812,2.734,141.8,6.10,6184.00,3.3040
11615258,"K05922.01","CANDIDATE",367.07446,5.887,368.3,6.60,6315.00,1.1160
11615521,"K05923.01","CANDIDATE",366.684634,3.284,456.3,9.10,5090.00,4.9620
11616434,"K05924.01","CANDIDATE",291.306507,2.91,1132,7.10,5031.00,0.7480
11651240,"K05925.01","CANDIDATE",93.006,2.461,125.4,6.70,5518.00,1.7420
11652427,"K05926.01","CANDIDATE",26.46288074,1.4,,,,
11654039,"K05927.01","FALSE POSITIVE",436.42852,13.8,163.9,9.20,5997.00,0.9710
11674709,"K05928.01","CANDIDATE",20.69920737,2.17,,,,
11716643,"K05929.01","CANDIDATE",466.002988,10.278,2363.6,42.30,5830.00,0.8760
11722217,"K05930.01","CANDIDATE",302.77571,3.183,1106,7.10,3358.00,0.3030
11773174,"K05931.01","CANDIDATE",115.19952922,2.67,,,,
11803074,"K05932.01","CANDIDATE",355.86134,23.39,1220.7,15.20,5736.00,0.8010
11807906,"K05933.01","CANDIDATE",236.506437,5.004,744.4,10.60,5066.00,3.9000
11811382,"K05934.01","CANDIDATE",19.3854894,1.031,4560,2.70,5432.00,0.9130
11818566,"K05935.01","CANDIDATE",416.87893121,4.45,,,,
11819396,"K05936.01","CANDIDATE",48.38798413,1.23,,,,
11824578,"K05937.01","CANDIDATE",357.588538,3.367,344.8,7.20,7435.00,1.8760
11860294,"K05938.01","CANDIDATE",545.205601,3.296,199.7,7.10,6273.00,1.1550
11868941,"K05939.01","CANDIDATE",105.053389,1.988,176.7,5.80,6471.00,1.1300
11905398,"K05940.01","CANDIDATE",24.7967294,4.278,970.5,13.80,5496.00,0.7760
11910670,"K05941.01","CANDIDATE",44.7060191,0.25,292,6.60,5509.00,0.8110
11911929,"K05942.01","CANDIDATE",125.277815,4.442,432.3,11.00,5119.00,7.7380
11923213,"K05943.01","CANDIDATE",27.2020672,1.811,180.3,8.70,5869.00,1.3960
11924426,"K05944.01","FALSE POSITIVE",64.713168094,5.69869,312970,3582.50,6175.00,0.9740
11959893,"K05945.01","CANDIDATE",40.7282314,13.677,221.8,19.40,6531.00,2.2310
11966643,"K05946.01","CANDIDATE",183.38048452,3.25,,,,
11968514,"K05947.01","FALSE POSITIVE",1.036592136,2.296,2118.2,150.60,4884.00,8.7470
12007270,"K05948.01","CANDIDATE",398.51312,5.41,249.2,5.90,5776.00,0.7590
12009917,"K05949.01","CANDIDATE",559.785594,3.496,274.8,7.30,6201.00,1.1110
12020376,"K05950.01","CANDIDATE",109.43946,3.801,187.1,7.30,5359.00,0.7410
12066767,"K05951.01","CANDIDATE",194.25835342,3.15,,,,
12071775,"K05952.01","CANDIDATE",164.507439,11.428,433.8,11.70,5866.00,1.0200
12102775,"K05953.01","CANDIDATE",370.84786,13.966,1440,15.20,5291.00,0.8860
12105086,"K05954.01","CANDIDATE",73.908995,3.916,100.5,7.00,5865.00,0.9180
12110901,"K05955.01","CANDIDATE",96.32561456,2.28,,,,
12121701,"K05956.01","CANDIDATE",212.646179,2.539,953,5.40,6108.00,1.0300
12156805,"K05957.01","FALSE POSITIVE",371.54879,9.841,125.6,10.10,5225.00,0.9540
12165063,"K05958.01","FALSE POSITIVE",226.499243,1.328,127.4,4.70,5093.00,0.7980
12168895,"K05959.01","CANDIDATE",251.48808,6.8,305,6.40,5979.00,0.9020
12170767,"K05960.01","CANDIDATE",32.4185265,5.154,110.7,7.90,5622.00,1.4410
12253490,"K05961.01","CANDIDATE",19.159760875,3.10166,32491.1,900.30,4492.00,0.5160
12257851,"K05962.01","FALSE POSITIVE",2.61594288,6.45,72.1,13.40,6063.00,1.0120
12265150,"K05963.01","FALSE POSITIVE",1.686009643,1.1818,390.4,48.50,5783.00,0.8800
12300524,"K05964.01","CANDIDATE",32.033211,5.289,71.3,9.20,6039.00,1.0050
12349560,"K05965.01","CANDIDATE",43.3975622,3.908,585.3,8.60,4871.00,0.7250
12350136,"K05966.01","CANDIDATE",478.79185021,4.06,,,,
12401859,"K05967.01","CANDIDATE",22.8631517,1.659,103.3,8.50,5043.00,4.8740
12402588,"K05968.01","CANDIDATE",97.942437,2.575,100.2,7.80,5997.00,2.2840
12405436,"K05969.01","FALSE POSITIVE",163.820347,1.331,1196,7.00,4822.00,0.7710
12417572,"K05970.01","FALSE POSITIVE",151.577009,2.59,467.9,9.30,6854.00,1.6740
12418418,"K05971.01","CANDIDATE",493.30572,5.425,404.5,7.20,4558.00,0.5480
12505590,"K05972.01","CANDIDATE",449.87203,6.539,1130,10.50,5310.00,0.7860
12506986,"K05973.01","CANDIDATE",419.93373,10.29,285,12.00,6686.00,1.0530
12554212,"K05974.01","CANDIDATE",4.76815507,2.115,61,9.20,4680.00,0.6490
12645262,"K05975.01","FALSE POSITIVE",545.45623972,5.91,,,,
12645761,"K05976.01","FALSE POSITIVE",2.709570339,5.57527,13170.8,900.90,5030.00,5.2080
12690465,"K05977.01","CANDIDATE",49.49059818,1.61,,,,
12734110,"K05978.01","CANDIDATE",364.18129,6.65,469.5,7.00,4988.00,0.8500
12735793,"K05979.01","CANDIDATE",37.7935113,1.718,67.2,6.90,6178.00,1.0760
12736658,"K05980.01","FALSE POSITIVE",0.855294909,2.89112,6771.6,870.30,5846.00,1.2070
12835139,"K05981.01","FALSE POSITIVE",350.609298,1.621,369.5,3.60,6658.00,1.9920
2309587,"K05982.01","FALSE POSITIVE",1.838514245,3.2601,118965,470.00,5799.00,1.0550
2445134,"K05983.01","FALSE POSITIVE",8.412008943,5.41096,136113,5696.20,6247.00,1.3140
3241344,"K05984.01","FALSE POSITIVE",3.912679136,3.556,291510,1229.90,5616.00,0.7200
3347485,"K05985.01","FALSE POSITIVE",7.544804312,8.2678,6501.7,587.20,5953.00,1.6090
3530668,"K05986.01","FALSE POSITIVE",1.946198513,4.0336,130722,902.80,6224.00,1.4330
3532985,"K05987.01","CANDIDATE",5.288547653,3.2646,2185.3,218.90,4918.00,9.1690
3831911,"K05988.01","FALSE POSITIVE",30.4838006,2.6,18441,9.40,3857.00,0.5310
3852258,"K05989.01","FALSE POSITIVE",5.7584367,2.587,736.6,26.80,4754.00,25.2870
3858919,"K05990.01","FALSE POSITIVE",25.9522913,10.977,557.8,14.00,5692.00,0.8660
3869326,"K05991.01","FALSE POSITIVE",8.58599537,2.4078,818,36.90,4805.00,13.9410
3971315,"K05992.01","FALSE POSITIVE",9.892240848,4.1774,5283.2,314.00,6225.00,1.0090
4037428,"K05993.01","FALSE POSITIVE",4.264729569,2.2075,22672,201.60,6052.00,1.4170
4049124,"K05994.01","FALSE POSITIVE",4.804469712,3.51946,132624,1177.80,5561.00,0.8090
4275328,"K05995.01","FALSE POSITIVE",6.150529292,4.4562,2417.1,301.40,6691.00,1.5650
4753561,"K05996.01","FALSE POSITIVE",4.944927575,3.4648,1028.7,62.50,4428.00,0.7010
4912991,"K05997.01","FALSE POSITIVE",4.442517008,2.43922,25341.5,396.20,6316.00,1.1190
5036966,"K05998.01","FALSE POSITIVE",62.7356439,10.7925,243702,1115.30,6211.00,1.4400
5254230,"K05999.01","FALSE POSITIVE",7.035518449,3.5286,2139,91.50,5288.00,0.7100
5385139,"K06000.01","FALSE POSITIVE",12.4297161,15.078,192.7,13.30,5754.00,0.9050
5385150,"K06001.01","FALSE POSITIVE",12.4288476,16.43,165.4,15.20,5595.00,0.8860
5385269,"K06002.01","FALSE POSITIVE",12.4258252,21.841,130.2,30.00,5968.00,1.0480
5385509,"K06003.01","FALSE POSITIVE",12.4257907,19.859,340.1,28.20,4873.00,0.6930
5385566,"K06004.01","FALSE POSITIVE",12.4253356,27.49,374.4,35.40,5442.00,0.7830
5385773,"K06005.01","FALSE POSITIVE",12.4254201,18.56,144.5,24.90,5571.00,0.6910
5386163,"K06006.01","FALSE POSITIVE",12.424995,20.282,51.5,21.40,6098.00,2.6570
5470960,"K06007.01","FALSE POSITIVE",12.4227918,27.29,202.6,15.50,5279.00,0.7200
5471068,"K06008.01","FALSE POSITIVE",12.426469,25.71,180.5,24.20,5691.00,0.8870
5471192,"K06009.01","FALSE POSITIVE",12.4262889,18.764,94.2,20.50,6246.00,1.0920
5471217,"K06010.01","FALSE POSITIVE",12.424747,25.24,139,30.70,5514.00,0.8260
5471769,"K06011.01","FALSE POSITIVE",12.4255705,28.88,139.4,21.10,5742.00,0.8270
5471770,"K06012.01","FALSE POSITIVE",12.426173,30.64,115.1,36.90,6367.00,1.3570
5556804,"K06013.01","FALSE POSITIVE",12.4244306,26.15,214.1,15.50,5761.00,0.7910
5597970,"K06014.01","FALSE POSITIVE",6.71738328,3.60057,164979,1208.20,5301.00,0.9360
5643492,"K06015.01","FALSE POSITIVE",41.86539723,6.663,4309.3,103.40,6063.00,0.7880
5795648,"K06016.01","FALSE POSITIVE",4.553370029,3.2209,23692.1,570.60,6306.00,1.1090
5961350,"K06017.01","FALSE POSITIVE",5.262652179,2.85554,22650.6,2246.90,7049.00,1.5490
5979863,"K06018.01","FALSE POSITIVE",16.621853404,3.91517,55296.7,1872.60,5949.00,0.9070
6117415,"K06019.01","FALSE POSITIVE",19.741616041,3.07231,88821.5,2153.00,6535.00,1.5290
6128027,"K06020.01","FALSE POSITIVE",5.455766383,2.8923,104538,536.80,5067.00,0.6940
6146418,"K06021.01","FALSE POSITIVE",22.44620704,7.5491,1626.8,138.80,6070.00,1.7770
6150977,"K06022.01","FALSE POSITIVE",2.765621941,2.3191,8342.2,173.20,5423.00,0.8280
6182019,"K06023.01","FALSE POSITIVE",3.664964374,3.9058,90827,437.80,5726.00,0.9870
6191945,"K06024.01","FALSE POSITIVE",6.8072842,1.9477,14578,32.90,5182.00,1.8240
6209347,"K06025.01","FALSE POSITIVE",2.136577151,2.4682,79078,124.30,5457.00,0.9050
6268722,"K06026.01","FALSE POSITIVE",2.638432816,2.42989,48488,529.40,6502.00,1.7530
6301030,"K06027.01","FALSE POSITIVE",11.991000357,6.4648,375940,802.90,5988.00,1.1300
6606934,"K06028.01","FALSE POSITIVE",37.80694072,3.84264,106334,1571.80,6387.00,1.1050
6614926,"K06029.01","FALSE POSITIVE",3.026764871,4.32532,66719.9,1561.20,6283.00,1.0100
6628237,"K06030.01","FALSE POSITIVE",3.840130917,2.8951,60401,275.60,5931.00,1.0120
6694186,"K06031.01","FALSE POSITIVE",5.554227226,4.77434,142313,1517.70,5433.00,0.8430
6934587,"K06032.01","FALSE POSITIVE",1.570919281,3.2232,65124,316.90,6192.00,1.1620
7219906,"K06033.01","FALSE POSITIVE",35.08976902,3.9623,5754.6,170.80,5603.00,0.8460
7257373,"K06034.01","FALSE POSITIVE",5.233450136,8.57374,430422,3921.80,5841.00,0.9770
7295570,"K06035.01","FALSE POSITIVE",3.6037011,2.994,16112,33.40,5633.00,1.5470
7362852,"K06036.01","FALSE POSITIVE",3.518356021,6.90375,316750,3217.60,6201.00,0.9890
7373877,"K06037.01","FALSE POSITIVE",32.669962587,3.581,365.4,6.20,4871.00,0.7410
7436177,"K06038.01","FALSE POSITIVE",19.93364711,8.6122,174830,1863.40,6505.00,1.2900
7537945,"K06039.01","FALSE POSITIVE",1.071911311,3.8559,9817.8,397.60,5885.00,0.9330
7624297,"K06040.01","FALSE POSITIVE",18.019651402,5.08572,176998,3373.30,5278.00,0.6590
7695093,"K06041.01","FALSE POSITIVE",4.032762189,4.14212,119350,1520.00,5960.00,0.9620
7749318,"K06042.01","FALSE POSITIVE",2.371589507,3.5116,235104,386.00,5340.00,0.6010
7777397,"K06043.01","FALSE POSITIVE",5.09112124,2.159,115.1,11.40,6705.00,3.2930
7830321,"K06044.01","FALSE POSITIVE",2.027383251,1.5528,3856.2,126.10,5544.00,0.8750
7841986,"K06045.01","FALSE POSITIVE",10.73370737,7.6706,6155.3,239.50,5971.00,2.0030
7877820,"K06046.01","FALSE POSITIVE",9.449438672,5.5479,12867.3,231.40,6558.00,1.4310
7914906,"K06047.01","FALSE POSITIVE",8.752913958,3.4546,41770,326.10,7279.00,2.6240
8019043,"K06048.01","FALSE POSITIVE",1.985586627,2.53163,72584.2,1594.10,6651.00,3.2190
8019043,"K06048.02","FALSE POSITIVE",0.80489537,0.92,,,,
8023317,"K06049.01","FALSE POSITIVE",16.579028045,7.803,37979.8,813.60,5870.00,2.3000
8121067,"K06050.01","FALSE POSITIVE",2.064900876,6.8769,10939.4,364.00,5714.00,0.9010
8153568,"K06051.01","FALSE POSITIVE",3.60727417,14.0841,841897,710.90,7026.00,1.7850
8167938,"K06052.01","FALSE POSITIVE",2.565717939,1.7084,1941.7,45.80,11360.00,4.7120
8167978,"K06053.01","FALSE POSITIVE",22.05274533,5.5924,13857.7,343.50,5510.00,0.7410
8168581,"K06054.01","FALSE POSITIVE",2.881338104,3.5943,2533.7,111.30,5783.00,0.8800
8230809,"K06055.01","FALSE POSITIVE",4.078355243,6.4649,36133,310.00,5872.00,0.8670
8364115,"K06056.01","FALSE POSITIVE",7.73590441,4.4389,465.3,59.50,5927.00,0.8600
8458207,"K06057.01","FALSE POSITIVE",3.530164642,4.11466,69923,731.20,6208.00,1.3440
8580438,"K06058.01","FALSE POSITIVE",6.496031958,5.21924,108889,1797.60,5516.00,0.9880
8581232,"K06059.01","FALSE POSITIVE",4.012537983,2.0101,19796,166.00,4483.00,0.6300
8655458,"K06060.01","FALSE POSITIVE",1.594162001,5.4958,9876.3,415.00,5388.00,0.8850
8695779,"K06061.01","FALSE POSITIVE",10.238939876,3.4851,3153.1,427.60,6244.00,1.8070
8953059,"K06062.01","FALSE POSITIVE",5.499941387,5.1339,40110.4,506.40,6435.00,1.1570
9048145,"K06063.01","FALSE POSITIVE",8.667826242,5.06514,43491,4638.10,6712.00,1.5380
9214712,"K06064.01","FALSE POSITIVE",265.2996227,8.8452,100158,616.30,5873.00,0.8630
9214712,"K06064.02","FALSE POSITIVE",265.299451,4.563,4946,34.30,5873.00,0.8630
9214715,"K06065.01","FALSE POSITIVE",265.2999623,8.8577,31778,154.70,6108.00,0.9970
9214715,"K06065.02","FALSE POSITIVE",265.310499,4.013,1530,11.60,6108.00,0.9970
9221398,"K06066.01","FALSE POSITIVE",13.787520532,2.55435,12978.3,2126.10,6399.00,1.2890
9411317,"K06067.01","FALSE POSITIVE",8.2904597,2.6002,173007,297.20,4601.00,0.5660
9418619,"K06068.01","CANDIDATE",6.150251376,1.68923,2128.7,471.00,8914.00,2.8670
9532123,"K06069.01","FALSE POSITIVE",8.214204254,4.5905,74177,613.10,5654.00,0.7740
9549471,"K06070.01","FALSE POSITIVE",15.71377375,7.464,9482,98.10,5812.00,0.9600
9649222,"K06071.01","FALSE POSITIVE",5.918619554,3.94804,94124,1117.00,5957.00,0.9710
9664215,"K06072.01","FALSE POSITIVE",3.319523463,3.3465,38832,249.40,5761.00,0.7910
9714358,"K06073.01","FALSE POSITIVE",6.474202359,3.35989,203491,1284.00,4947.00,0.6240
9851123,"K06074.01","FALSE POSITIVE",8.4803048,7.5348,2672.9,70.10,5478.00,0.8120
9966115,"K06075.01","FALSE POSITIVE",8.947426242,4.89701,85995.2,7878.00,6297.00,1.5060
10026458,"K06076.01","FALSE POSITIVE",9.93443795,8.098,2750,92.80,5763.00,0.9980
10139305,"K06077.01","FALSE POSITIVE",2.173552528,1.6107,3026,35.90,5008.00,0.5940
10288922,"K06078.01","FALSE POSITIVE",10.157715971,2.9526,9520.1,168.00,5993.00,0.9860
10659313,"K06079.01","FALSE POSITIVE",15.249335907,3.82224,34565.1,635.50,6385.00,1.1890
10710755,"K06080.01","FALSE POSITIVE",4.816610903,3.82353,80226,759.10,5796.00,0.9040
10727668,"K06081.01","FALSE POSITIVE",2.305903447,3.3828,23268.7,511.70,9696.00,2.4920
10735519,"K06082.01","FALSE POSITIVE",1.814128042,3.0646,2063.6,163.90,4822.00,12.8990
10935310,"K06083.01","FALSE POSITIVE",4.128795314,2.771,154870,1041.80,5949.00,1.0830
11021252,"K06084.01","FALSE POSITIVE",3.269176601,2.7233,59095,515.50,6372.00,1.0150
11404644,"K06085.01","CANDIDATE",5.902596818,5.5711,54894,533.90,6184.00,1.0940
11408935,"K06086.01","FALSE POSITIVE",15.995094054,8.45037,44315.3,2019.70,5899.00,0.8050
11519226,"K06087.01","FALSE POSITIVE",22.16127178,3.699,5259,56.60,5893.00,1.7450
11756821,"K06088.01","FALSE POSITIVE",2.745121487,2.9845,14608,86.70,4608.00,0.6580
11769146,"K06089.01","FALSE POSITIVE",282.9656538,21.4259,467860,1365.90,5999.00,0.9590
11812199,"K06090.01","FALSE POSITIVE",37.32030954,6.9616,4325,171.30,5910.00,0.9400
11826400,"K06091.01","FALSE POSITIVE",5.889372452,4.94674,56841,4146.70,7249.00,2.0710
12010534,"K06092.01","FALSE POSITIVE",2.581595167,4.9153,171132,338.20,5720.00,0.9890
2019477,"K06093.01","CANDIDATE",20.5736113,11.222,76,12.30,5440.00,4.5240
2019477,"K06093.02","CANDIDATE",27.2497521,11.609,102,14.60,5440.00,4.5240
2161623,"K06094.01","FALSE POSITIVE",2.283466438,7.7999,864260,1103.10,6723.00,1.7190
2707097,"K06095.01","FALSE POSITIVE",0.692807507,1.49242,25338.3,260.90,5780.00,1.0000
2719873,"K06096.01","FALSE POSITIVE",17.279290765,5.07591,164308,2841.50,5251.00,0.6580
2852810,"K06097.01","CANDIDATE",93.05654364,2.34,,,,
2852810,"K06097.02","CANDIDATE",88.433122,2.392,120.4,4.00,7092.00,1.5250
2852810,"K06097.03","CANDIDATE",282.34315,3.956,220.5,3.70,7092.00,1.5250
2852810,"K06097.04","CANDIDATE",126.505657,8.836,95.5,3.70,7092.00,1.5250
2997455,"K06098.01","FALSE POSITIVE",1.129848432,2.07578,4658.5,490.60,4846.00,7.1020
3003991,"K06099.01","FALSE POSITIVE",7.244778994,3.3873,99147.1,1761.40,5530.00,0.7880
3003991,"K06099.02","FALSE POSITIVE",110.1552727,2.04,,,,
3229028,"K06100.01","FALSE POSITIVE",0.730964241,2.483,44,28.70,5929.00,1.4630
3229028,"K06100.02","CANDIDATE",117.684591,2.219,134.6,5.30,6362.00,1.2790
3230787,"K06101.01","FALSE POSITIVE",17.734020239,7.27595,186680,2905.90,5883.00,1.5540
3545840,"K06102.01","CANDIDATE",54.2916336,3.364,97.8,7.90,6711.00,1.5650
3634051,"K06103.01","CONFIRMED",453.54212,17.026,861,48.80,5874.00,3.0060
3634051,"K06103.02","CANDIDATE",122.8054416,2.663,313,10.60,5874.00,3.0060
3761319,"K06104.01","FALSE POSITIVE",16.2480865,8.232,438.7,21.10,5729.00,0.9230
3761319,"K06104.02","FALSE POSITIVE",466.9407,30.56,979.2,13.70,5729.00,0.9230
3762553,"K06105.01","FALSE POSITIVE",289.788624,2.857,473.9,6.60,8057.00,2.4070
3965879,"K06106.01","FALSE POSITIVE",55.00402906,6.06,,,,
4035675,"K06107.01","FALSE POSITIVE",2.873657901,2.1054,43895,65.60,5692.00,2.2870
4139254,"K06108.01","CANDIDATE",485.92297,3.756,122.9,5.50,5551.00,0.9570
4144236,"K06109.01","FALSE POSITIVE",22.913446297,4.11699,251835,6512.70,6621.00,1.2970
4144236,"K06109.02","FALSE POSITIVE",10.0046881,2.389,50.6,8.30,6620.00,2.6410
4150701,"K06110.01","FALSE POSITIVE",8.65315602,2.627,417.5,13.60,4746.00,0.6960
4255944,"K06111.01","CANDIDATE",228.65412,2.487,179.1,6.60,6845.00,2.6740
4285087,"K06112.01","FALSE POSITIVE",2.243015737,4.31675,277946,5552.20,6181.00,1.4440
4346875,"K06113.01","FALSE POSITIVE",4.694218481,4.53365,175471,739.80,5512.00,0.7870
4459068,"K06114.01","FALSE POSITIVE",24.955998503,2.76331,4856.1,555.60,8617.00,3.0180
4464394,"K06115.01","CANDIDATE",168.66934782,4.07,,,,
4547480,"K06116.01","FALSE POSITIVE",4.426942241,1.6116,2896.6,68.90,5511.00,0.7460
4737267,"K06117.01","FALSE POSITIVE",9.524076544,10.4891,198399,1942.50,5180.00,3.3710
4739229,"K06118.01","CANDIDATE",571.280892,21.827,460.7,37.80,7081.00,1.6190
4739229,"K06118.02","CANDIDATE",4.66185924,3.164,49.3,15.80,7081.00,1.6190
4740676,"K06119.01","FALSE POSITIVE",3.454241684,4.69505,88194.9,6581.30,6562.00,2.4330
4742420,"K06120.01","CANDIDATE",90.097375,12.697,282.6,11.50,6116.00,1.0080
4742420,"K06120.02","CANDIDATE",205.41415,10.26,283.8,7.90,6123.00,0.9910
4826439,"K06121.01","FALSE POSITIVE",1.237147407,7.06623,435364,5557.40,6064.00,1.4490
4933476,"K06122.01","FALSE POSITIVE",1.28619671,1.114,137.2,5.90,5650.00,0.9260
4990977,"K06123.01","FALSE POSITIVE",2.649026189,2.4698,52172,190.10,5838.00,0.9880
5034333,"K06124.01","FALSE POSITIVE",6.932281325,11.0301,6405.9,325.80,8675.00,2.1680
5039441,"K06125.01","FALSE POSITIVE",2.151384476,3.34471,263861,2657.60,6184.00,1.2570
5121173,"K06126.01","FALSE POSITIVE",17.4352218,51.666,603.3,121.80,6313.00,2.6410
5306984,"K06127.01","CANDIDATE",114.27173902,2.19,,,,
5385548,"K06128.01","FALSE POSITIVE",12.42555055,28.492,409,123.70,6381.00,1.4230
5385778,"K06129.01","FALSE POSITIVE",12.42592247,31.5,8707.6,190.80,4849.00,6.9520
5428657,"K06130.01","CANDIDATE",1.54287434,1.1121,401.4,20.70,4530.00,0.5390
5471617,"K06131.01","FALSE POSITIVE",12.4237327,18.15,30.1,20.10,5221.00,2.0670
5471617,"K06131.02","FALSE POSITIVE",94.38163,11.87,91.2,7.50,5221.00,2.0670
5629353,"K06132.01","CANDIDATE",33.3200908,6.5265,6186.9,84.50,6264.00,1.6510
5629353,"K06132.02","CONFIRMED",7.5844241,3.918,1005,23.80,6264.00,1.6510
5629353,"K06132.03","CANDIDATE",11.867172,4.815,595.6,13.40,6264.00,1.6510
5641294,"K06133.01","FALSE POSITIVE",2.6160943,21.34,29.3,5.60,6645.00,1.4200
5738698,"K06134.01","FALSE POSITIVE",2.404386969,7.40348,313168,8577.40,6466.00,1.2100
5768927,"K06135.01","FALSE POSITIVE",4.390513938,2.9472,46829,290.70,6081.00,1.4540
5814635,"K06136.01","FALSE POSITIVE",3.86963822,2.29,,,,
5816144,"K06137.01","CANDIDATE",12.4970599,3.877,180,10.60,6174.00,1.0210
5816144,"K06137.02","FALSE POSITIVE",7.384681,3.548,142.8,10.60,6174.00,1.0210
5817566,"K06138.01","FALSE POSITIVE",4.206070484,10.6988,119812,508.00,8212.00,3.1850
5952403,"K06139.01","FALSE POSITIVE",0.905677864,2.2432,3670.4,107.40,5037.00,7.5530
5955321,"K06140.01","FALSE POSITIVE",11.637858887,11.8851,427948,2637.00,6360.00,1.0580
6032730,"K06141.01","CANDIDATE",96.509214,0.589,1528,3.80,7343.00,2.9550
6116172,"K06142.01","CANDIDATE",69.64679311,3.71,,,,
6116172,"K06142.02","CANDIDATE",111.65546,1.051,2887,7.00,6967.00,1.8630
6116172,"K06142.03","CANDIDATE",86.13201864,3.11,,,,
6182093,"K06143.01","FALSE POSITIVE",297.113395,4.529,275.4,10.10,6626.00,3.2060
6182093,"K06143.02","FALSE POSITIVE",50.900813,3.3,,,,
6197038,"K06144.01","FALSE POSITIVE",9.751720174,16.1937,332900,1767.30,5147.00,3.1450
6221385,"K06145.01","CONFIRMED",19.672324,4.812,649.9,20.60,6486.00,1.4850
6221385,"K06145.02","CONFIRMED",32.657035,5.953,620.4,17.90,6486.00,1.4850
6221385,"K06145.03","CANDIDATE",7.3138454,2.273,247.7,9.20,6486.00,1.4850
6362386,"K06146.01","FALSE POSITIVE",4.592401261,4.96038,87426.1,5784.80,7201.00,1.7240
6449358,"K06147.01","FALSE POSITIVE",5.776794344,6.33505,121544,8022.80,7666.00,3.6010
6593968,"K06148.01","FALSE POSITIVE",23.19923256,2.09,,,,
6674908,"K06149.01","FALSE POSITIVE",0.503199724,1.117,275.6,10.10,4013.00,0.6300
6946681,"K06150.01","CANDIDATE",48.9528113,1.66,,,,
6946708,"K06151.01","CANDIDATE",431.78556,9.135,332.6,9.40,5642.00,0.7470
6967278,"K06152.01","FALSE POSITIVE",395.07333,7.844,645.1,16.40,3599.00,98.3800
7108433,"K06153.01","FALSE POSITIVE",1.51918335,5.45573,499989,899.30,7426.00,1.6980
7119080,"K06154.01","FALSE POSITIVE",13.59940118,2.52,,,,
7129465,"K06155.01","FALSE POSITIVE",2.745910734,4.02594,286812,1550.90,5372.00,0.9600
7174617,"K06156.01","FALSE POSITIVE",1.608363345,2.1988,96134,312.30,5022.00,0.5890
7190639,"K06157.01","FALSE POSITIVE",98.1020983,1.225,184.4,6.90,6669.00,1.4270
7198881,"K06158.01","FALSE POSITIVE",182.467019,7.607,1020,12.50,6299.00,1.1670
7198881,"K06158.02","FALSE POSITIVE",126.57837267,2.5,,,,
7422883,"K06159.01","FALSE POSITIVE",11.41437505,6.276,45966,34.20,6826.00,1.5200
7464205,"K06160.01","FALSE POSITIVE",151.31847,16.45,105.4,6.00,6003.00,1.0850
7622059,"K06161.01","FALSE POSITIVE",10.4032399,23.85,1056.2,272.80,6428.00,1.4360
7750740,"K06162.01","FALSE POSITIVE",5.874197307,4.26585,205698,2200.00,6103.00,1.0830
7779942,"K06163.01","FALSE POSITIVE",19.7959731,5.342,334,16.60,6731.00,1.8760
7835312,"K06164.01","CANDIDATE",29.5126153,6.314,188.2,9.40,5746.00,1.3510
7835312,"K06164.02","FALSE POSITIVE",209.00055019,2.52,,,,
7838906,"K06165.01","FALSE POSITIVE",5.614892073,3.7294,2373,122.30,4289.00,35.6950
7838906,"K06165.02","FALSE POSITIVE",35.4261827,4.393,317.6,7.10,4289.00,35.6950
7908367,"K06166.01","CONFIRMED",12.2064304,2.407,1337.2,16.20,5254.00,1.5140
7908367,"K06166.02","CONFIRMED",6.6513189,2.135,1058.4,15.30,5254.00,1.5140
7940533,"K06167.01","FALSE POSITIVE",3.905532605,6.8091,73081,350.40,5495.00,0.7980
7974634,"K06168.01","CANDIDATE",131.258668,4.89,153,8.50,6443.00,1.2480
7974634,"K06168.02","CANDIDATE",75.072964,9.21,74.3,7.10,6443.00,1.2480
7974634,"K06168.03","FALSE POSITIVE",404.701927,3.981,236.2,7.80,6443.00,1.2480
8043882,"K06169.01","FALSE POSITIVE",0.779609509,4.013,88.5,21.00,5899.00,1.0700
8058507,"K06170.01","FALSE POSITIVE",15.80529628,1.56,,,,
8095099,"K06171.01","FALSE POSITIVE",2.103239235,7.08365,314928,3069.40,6074.00,0.9650
8163784,"K06172.01","CANDIDATE",31.8134892,1.422,234.2,5.20,5505.00,0.7760
8165617,"K06173.01","CANDIDATE",214.013044,7.87,123.2,9.00,6698.00,1.3700
8181016,"K06174.01","FALSE POSITIVE",0.70914232,1.936,2560,2.60,5350.00,0.6930
8197761,"K06175.01","FALSE POSITIVE",9.86869589,2.876,5915,15.80,7301.00,1.7170
8223568,"K06176.01","CANDIDATE",143.09688,17.74,125,6.40,6725.00,1.3100
8223568,"K06176.02","CANDIDATE",73.4567573,2.74,,,,
8265156,"K06177.01","FALSE POSITIVE",0.978362973,1.206,37.1,15.90,7193.00,1.6710
8355178,"K06178.01","CANDIDATE",13.0327301,3.902,242.3,11.10,6122.00,0.9960
8355178,"K06178.02","CANDIDATE",33.814176,7.69,222.6,8.10,6122.00,0.9960
8374077,"K06179.01","CANDIDATE",16.2957847,5.16,409.8,14.20,6063.00,1.0120
8494783,"K06180.01","CANDIDATE",28.201998,3.86,,,,
8494783,"K06180.02","CANDIDATE",58.92565,14.56,44.7,5.30,7282.00,2.2160
8517303,"K06181.01","FALSE POSITIVE",24.0733775,19.612,1325.7,76.90,4647.00,6.0550
8590149,"K06182.01","CANDIDATE",19.2405821,4.99,207.4,9.00,5031.00,0.8480
8590149,"K06182.02","CANDIDATE",28.684308,4.64,282.3,9.10,5243.00,0.8210
8590780,"K06183.01","FALSE POSITIVE",4.326946311,5.55905,409031,4247.80,6231.00,1.5010
8613338,"K06184.01","FALSE POSITIVE",527.29093,14.305,200.8,16.00,5671.00,0.9190
8646141,"K06185.01","FALSE POSITIVE",168.858303,12.964,119.1,9.70,6608.00,2.1890
8653134,"K06186.01","CONFIRMED",5.34264143,2.453,691.3,19.90,5101.00,0.6700
8702921,"K06187.01","FALSE POSITIVE",19.38444245,20.5899,3372,685.30,4968.00,5.0260
8822421,"K06188.01","CANDIDATE",1.645319649,1.635,1082,11.80,5416.00,0.7560
8957954,"K06189.01","FALSE POSITIVE",2.179924994,4.87581,253149,4541.10,6106.00,0.9660
8984706,"K06190.01","FALSE POSITIVE",10.135401047,5.6831,256062,4311.30,5895.00,1.4150
9093086,"K06191.01","CANDIDATE",9.7043379,3.515,129,8.60,6273.00,1.0440
9093086,"K06191.02","CANDIDATE",12.7713826,3.347,141.8,8.00,6273.00,1.0440
9101400,"K06192.01","FALSE POSITIVE",0.829019343,4.8401,278264,631.10,6645.00,1.3280
9119652,"K06193.01","FALSE POSITIVE",1.1080999,3.3542,380934,155.40,5299.00,1.7690
9145861,"K06194.01","CANDIDATE",42.294739,34.63,254.2,25.20,4926.00,7.8490
9145861,"K06194.02","FALSE POSITIVE",215.778765,3.737,377.6,5.80,4902.00,7.0560
9153823,"K06195.01","CANDIDATE",1.444486083,1.437,980.7,12.00,4569.00,0.5590
9282687,"K06196.01","FALSE POSITIVE",1.680425996,5.4548,277249,440.10,6844.00,1.6290
9289960,"K06197.01","FALSE POSITIVE",0.53345831,1.32,,,,
9291629,"K06198.01","FALSE POSITIVE",20.686460198,37.7424,136154,1656.70,4809.00,5.1450
9304842,"K06199.01","FALSE POSITIVE",131.68018,14.73,2067,9.20,6468.00,1.3020
9304923,"K06200.01","FALSE POSITIVE",200.762693,2.215,1920,5.50,7981.00,3.2980
9343862,"K06201.01","FALSE POSITIVE",1.123258617,4.27355,377575,779.20,7945.00,2.1700
9389245,"K06202.01","CANDIDATE",47.25643291,2,,,,
9394605,"K06203.01","FALSE POSITIVE",0.87683182,1.96,,,,
9471755,"K06204.01","FALSE POSITIVE",0.953734449,1.7616,1240.4,120.50,7332.00,1.4600
9479460,"K06205.01","FALSE POSITIVE",2.073873563,6.5605,603811,637.10,7803.00,3.3730
9549472,"K06206.01","FALSE POSITIVE",15.713787218,11.3122,60384.4,3602.00,5843.00,1.0060
9576197,"K06207.01","FALSE POSITIVE",7.964440392,9.1701,68454,693.80,5250.00,0.7360
9579860,"K06208.01","FALSE POSITIVE",2.151214629,2.226,332.6,28.50,4748.00,8.1790
9655711,"K06209.01","CANDIDATE",12.7143635,3.101,524.8,9.90,5947.00,0.9620
9655711,"K06209.02","CANDIDATE",7.72966941,2.091,426.7,8.40,5947.00,0.9620
9727765,"K06210.01","CANDIDATE",51.85656556,2.21,,,,
9767392,"K06211.01","FALSE POSITIVE",1.457256942,6.51381,364905,2443.80,6630.00,1.4160
9774400,"K06212.01","FALSE POSITIVE",10.818248422,18.2848,13695.9,581.00,5955.00,0.8940
9839081,"K06213.01","FALSE POSITIVE",2.559236603,1.6706,11273,45.70,5955.00,0.8830
9974142,"K06214.01","FALSE POSITIVE",281.35877,7.74,278.5,6.20,6049.00,2.5220
9974142,"K06214.02","CANDIDATE",154.536881,15.44,258.5,3.50,6049.00,2.5220
10163066,"K06215.01","FALSE POSITIVE",462.12345,8.46,699,6.90,4547.00,0.7470
10198662,"K06216.01","CANDIDATE",26.40805532,2.7,,,,
10198662,"K06216.02","CANDIDATE",46.07931317,1.87,,,,
10200627,"K06217.01","CANDIDATE",7.7016694,10.898,155.7,17.80,5174.00,3.6080
10219361,"K06218.01","FALSE POSITIVE",117.634213,3.82,253.1,8.70,5236.00,2.3320
10228942,"K06219.01","FALSE POSITIVE",21.025447023,6.52216,115743,4881.90,6631.00,2.4380
10341878,"K06220.01","FALSE POSITIVE",0.933753371,4.438,47.3,19.80,7286.00,2.0560
10357831,"K06221.01","FALSE POSITIVE",1.72153588,1.9227,39929,29.30,4535.00,0.6680
10363233,"K06222.01","FALSE POSITIVE",210.899577,2.167,3345,7.80,5332.00,0.8430
10385682,"K06223.01","FALSE POSITIVE",3.103730697,6.93402,369228,5143.60,6075.00,1.0910
10414727,"K06224.01","CANDIDATE",91.20573037,4.17,,,,
10414727,"K06224.02","FALSE POSITIVE",253.40538,7.43,240.8,5.00,7304.00,1.6900
10483644,"K06225.01","FALSE POSITIVE",5.110771787,2.48392,50681,394.00,6029.00,0.8940
10601549,"K06226.01","FALSE POSITIVE",1.463773705,1.9123,64776,119.70,5446.00,0.6680
10614158,"K06227.01","FALSE POSITIVE",4.46255312,14.0957,22720,140.90,4847.00,3.6190
10717220,"K06228.01","CONFIRMED",21.0907909,4.751,417.6,19.70,5723.00,0.8180
10728219,"K06229.01","FALSE POSITIVE",3.371796653,3.4421,366901,560.20,5615.00,0.9120
10735988,"K06230.01","FALSE POSITIVE",1.927177921,2.7742,136135,204.70,5193.00,0.7740
10971944,"K06231.01","FALSE POSITIVE",496.17566,11.63,293,11.30,6643.00,1.9760
10973583,"K06232.01","FALSE POSITIVE",6.256352128,2.3512,3289.3,120.40,5772.00,0.8360
10989274,"K06233.01","CONFIRMED",16.17803,5.18,449,6.00,5929.00,1.0690
11099351,"K06234.01","FALSE POSITIVE",2.37795507,2.4329,4391.1,257.50,9565.00,2.2860
11147460,"K06235.01","FALSE POSITIVE",2.053866175,4.8045,5021.3,380.50,5051.00,4.0890
11252617,"K06236.01","FALSE POSITIVE",4.478116695,3.357,117981,3665.40,6304.00,1.0580
11252617,"K06236.02","FALSE POSITIVE",1.27620899,2.169,186.2,11.40,6304.00,1.0580
11296437,"K06237.01","FALSE POSITIVE",528.50344,6.394,133.8,11.70,7102.00,1.8740
11296437,"K06237.02","CANDIDATE",47.14404783,4.35,,,,
11341164,"K06238.01","CANDIDATE",197.05431574,6.38,,,,
11462969,"K06239.01","CANDIDATE",406.496216,3.495,380.2,6.90,5847.00,0.8840
11462969,"K06239.02","CANDIDATE",491.61516814,6.31,,,,
11516930,"K06240.01","FALSE POSITIVE",4.768540307,0.9938,347.6,4.00,5491.00,0.8870
11558882,"K06241.01","FALSE POSITIVE",73.91858615,6.9735,184074,933.50,6300.00,1.0570
11656928,"K06242.01","CANDIDATE",212.43503674,4.26,,,,
11656928,"K06242.02","CANDIDATE",76.83994597,3.11,,,,
11656928,"K06242.03","CANDIDATE",78.86684,4.5,86.1,4.80,6907.00,1.3810
11673686,"K06243.01","FALSE POSITIVE",4.618767943,6.03,32609.2,674.90,6195.00,1.7810
11724210,"K06244.01","FALSE POSITIVE",5.746017234,3.6347,29236.3,393.90,5940.00,0.9600
11775507,"K06245.01","CANDIDATE",144.102562,2.753,171.3,4.10,6528.00,1.2600
11775507,"K06245.02","CANDIDATE",112.317402,3.471,182.4,7.80,6528.00,1.2600
11775507,"K06245.03","FALSE POSITIVE",276.32360146,9.8964,81.3,4.60,6528.00,1.2600
11856178,"K06246.01","CANDIDATE",9.13315062,2.1557,231.2,23.00,6122.00,0.9640
11867071,"K06247.01","FALSE POSITIVE",3.963787093,3.10316,25015.2,584.80,6617.00,1.1800
11975363,"K06248.01","FALSE POSITIVE",1.759208679,4.60837,362327,1967.20,5721.00,0.9610
12207117,"K06249.01","FALSE POSITIVE",1.6031794,0.91,,,,
12367464,"K06250.01","FALSE POSITIVE",1.853209359,1.7543,12319.1,238.90,6384.00,1.7160
12470041,"K06251.01","FALSE POSITIVE",14.66769462,2.4462,29862,86.50,7517.00,3.2260
1026032,"K06252.01","FALSE POSITIVE",8.460438928,4.73492,76412.9,1797.40,5951.00,0.7020
1293379,"K06253.01","CANDIDATE",27.556452,8.23,289.2,6.70,5509.00,0.8360
1433531,"K06254.01","FALSE POSITIVE",567.71329,12.85,259.4,6.60,6248.00,1.9960
1717528,"K06255.01","FALSE POSITIVE",9.31392071,0.971,163.7,6.60,6032.00,0.9730
1871483,"K06256.01","CANDIDATE",14.137062,2.264,393,7.50,4861.00,0.7090
2012722,"K06257.01","FALSE POSITIVE",2.32539968,16.791,288.1,79.90,7046.00,2.7240
2013883,"K06258.01","FALSE POSITIVE",0.764597756,1.119,16.6,12.00,6218.00,1.7260
2161949,"K06259.01","CANDIDATE",4.78113942,2.733,105.8,9.60,5683.00,1.1150
2161949,"K06259.02","CANDIDATE",7.18864064,2.364,133.5,9.30,5683.00,1.1150
2162994,"K06260.01","FALSE POSITIVE",4.101595158,6.10362,366585,3809.80,5610.00,0.8080
2167444,"K06261.01","FALSE POSITIVE",2.43574046,22.25,6223,74.60,7239.00,1.7810
2283362,"K06262.01","CANDIDATE",0.673141323,0.921,229.5,10.50,5461.00,0.8580
2301068,"K06263.01","CANDIDATE",8.60965352,2.218,63.2,9.90,5418.00,4.2330
2305372,"K06264.01","FALSE POSITIVE",1.40469182,6.26327,702439,2651.10,6230.00,1.8630
2306740,"K06265.01","FALSE POSITIVE",10.306982793,11.4277,341790,3691.90,5912.00,1.2170
2308957,"K06266.01","FALSE POSITIVE",1.109841858,8.11952,300713,2082.60,5788.00,3.2110
2422820,"K06267.01","CANDIDATE",13.8911152,5.062,204.9,10.30,5472.00,0.7900
2437452,"K06268.01","FALSE POSITIVE",7.234965722,7.0245,164848,671.30,5653.00,0.7980
2437804,"K06269.01","FALSE POSITIVE",7.45301717,3.685,551.5,18.30,4475.00,16.7550
2438061,"K06270.01","FALSE POSITIVE",2.442941283,4.1847,37338,229.70,5780.00,1.0000
2438062,"K06271.01","FALSE POSITIVE",2.44295727,4.0656,15298,85.50,5780.00,1.0000
2438517,"K06272.01","FALSE POSITIVE",3.31587688,3.152,185.6,11.40,5385.00,0.8750
2442084,"K06273.01","FALSE POSITIVE",49.788613011,7.41807,219219,1566.80,3892.00,0.5420
2449245,"K06274.01","CANDIDATE",18.1772927,4.703,213.1,7.90,6158.00,1.0260
2450716,"K06275.01","FALSE POSITIVE",1.38607973,8.7,64.6,2.80,5261.00,0.7680
2557350,"K06276.01","CANDIDATE",3.09872834,1.89,248,10.10,3628.00,0.4100
2557430,"K06277.01","FALSE POSITIVE",0.648868342,2.82428,34769.5,477.00,6531.00,1.5240
2568971,"K06278.01","FALSE POSITIVE",5.088582739,7.6066,448.9,40.30,7514.00,1.9550
2570505,"K06279.01","FALSE POSITIVE",1.89129338,5.677,33.8,15.10,4986.00,0.7330
2570767,"K06280.01","FALSE POSITIVE",1.89124453,5.08,31,19.40,5850.00,1.9770
2571075,"K06281.01","FALSE POSITIVE",1.89134201,4.674,128.9,8.90,5658.00,0.8150
2576692,"K06282.01","FALSE POSITIVE",87.87826191,12.8138,339056,1974.60,5784.00,1.6420
2580872,"K06283.01","FALSE POSITIVE",15.926632768,7.42888,271858,2278.90,5496.00,0.9170
2583777,"K06284.01","FALSE POSITIVE",0.958116585,2.3496,2374.1,296.00,6032.00,1.3650
2693092,"K06285.01","FALSE POSITIVE",39.841522897,8.79024,143685,4421.60,6078.00,2.0700
2708156,"K06286.01","FALSE POSITIVE",1.891268461,8.24958,641910,4211.80,11287.00,4.6620
2708172,"K06287.01","FALSE POSITIVE",1.89114441,8.724,49.9,16.70,4267.00,0.6270
2708445,"K06288.01","FALSE POSITIVE",1.89117723,6.986,176.2,17.40,5086.00,6.8600
2708614,"K06289.01","FALSE POSITIVE",52.884577,7.892,11969,72.60,6483.00,1.0780
2711114,"K06290.01","FALSE POSITIVE",1.429439352,2.424,3367.1,292.00,6491.00,1.3710
2716979,"K06291.01","CANDIDATE",8.8324193,2.252,74.1,8.10,6060.00,1.1330
2720354,"K06292.01","FALSE POSITIVE",2.821328194,5.02692,64776,1227.30,6701.00,1.5060
2834463,"K06293.01","CANDIDATE",5.88836941,1.05,119.9,8.30,6243.00,1.0840
2852560,"K06294.01","FALSE POSITIVE",11.961308501,4.6414,310679,1907.80,5564.00,0.7850
2856960,"K06295.01","FALSE POSITIVE",204.280255,37.2,10579,35.10,4907.00,0.7270
2860594,"K06296.01","FALSE POSITIVE",5.499941793,11.3096,47751.3,814.10,7079.00,2.6340
2860788,"K06297.01","FALSE POSITIVE",2.629870555,6.606,101310,1026.00,5566.00,0.9670
2969638,"K06298.01","FALSE POSITIVE",1.97362159,3.29,,,,
2970670,"K06299.01","CANDIDATE",0.947554749,1.097,65.4,12.40,5508.00,0.8400
2973509,"K06300.01","FALSE POSITIVE",6.62761199,6.15281,227141,4355.50,6316.00,1.3330
2994092,"K06301.01","CANDIDATE",50.271927,6.073,574.5,9.30,6520.00,1.2150
2998124,"K06302.01","FALSE POSITIVE",28.597880332,7.71925,85951.6,2526.20,6590.00,2.4740
3098194,"K06303.01","FALSE POSITIVE",30.476518853,10.2264,326626,1347.90,5527.00,1.0730
3102024,"K06304.01","FALSE POSITIVE",13.782522208,8.27762,248937,1524.10,5246.00,0.6680
3110937,"K06305.01","FALSE POSITIVE",1.89121656,5.14,66.8,10.70,5741.00,0.8840
3115480,"K06306.01","FALSE POSITIVE",3.693702974,3.37146,25208,568.70,6309.00,1.3960
3120320,"K06307.01","FALSE POSITIVE",10.265613245,5.67553,150465,5640.00,5865.00,1.4230
3127817,"K06308.01","FALSE POSITIVE",2.163569702,7.60963,54518,1513.20,6425.00,1.7180
3228740,"K06309.01","FALSE POSITIVE",0.730956716,2.097,27.8,11.20,6028.00,1.0780
3230206,"K06310.01","FALSE POSITIVE",7.04715073,1.434,282.5,9.80,5941.00,0.9110
3230227,"K06311.01","FALSE POSITIVE",7.047106212,3.16223,69626,548.50,8162.00,2.3210
3241619,"K06312.01","FALSE POSITIVE",1.703347524,3.3039,504406,1288.00,5325.00,0.6480
3241662,"K06313.01","FALSE POSITIVE",1.70332915,1.663,98.5,8.90,5749.00,0.8640
3245000,"K06314.01","FALSE POSITIVE",20.413812,5.806,496.4,11.60,5514.00,0.8260
3246867,"K06315.01","CANDIDATE",5.32737192,2.226,107.7,6.80,4905.00,0.6790
3247294,"K06316.01","FALSE POSITIVE",67.41958542,7.645,182171,836.00,6071.00,0.9620
3248332,"K06317.01","FALSE POSITIVE",7.363572395,5.7545,129696,224.90,6793.00,1.5080
3249334,"K06318.01","CANDIDATE",5.90260586,1.832,337.7,8.20,4960.00,0.7070
3323289,"K06319.01","FALSE POSITIVE",33.693201537,7.44219,508772,1618.40,5427.00,0.8990
3324069,"K06320.01","CANDIDATE",22.80265,19.34,53.1,11.80,5011.00,3.3240
3327980,"K06321.01","FALSE POSITIVE",2.115510941,7.2877,415163,1351.50,7563.00,2.6380
3329643,"K06322.01","FALSE POSITIVE",1.015044104,10.994,158.2,33.60,5910.00,1.1240
3335816,"K06323.01","FALSE POSITIVE",3.711013336,3.31024,24989.1,757.00,6338.00,1.2470
3337438,"K06324.01","FALSE POSITIVE",2.97606298,4.124,72.2,17.80,5321.00,6.6690
3337548,"K06325.01","FALSE POSITIVE",2.97586085,4.513,105.9,9.10,5481.00,0.8350
3339538,"K06326.01","FALSE POSITIVE",14.658013949,3.03316,129645,3361.50,5146.00,1.6260
3341934,"K06327.01","FALSE POSITIVE",18.839487435,5.62797,182722,2003.10,6208.00,1.0240
3343866,"K06328.01","FALSE POSITIVE",0.555973803,1.271,75.3,23.30,5445.00,2.1170
3346543,"K06329.01","CANDIDATE",12.4701111,3.616,89.7,9.30,5623.00,2.1090
3352751,"K06330.01","FALSE POSITIVE",3.495457889,6.9796,114625,724.00,8529.00,1.5580
3356193,"K06331.01","CANDIDATE",5.8229815,2.8,281.6,8.10,5704.00,0.8040
3427776,"K06332.01","FALSE POSITIVE",4.01668015,2.2828,38007,87.90,5448.00,0.7940
3437739,"K06333.01","FALSE POSITIVE",1.89134156,5.891,68.4,10.30,6387.00,1.1050
3440230,"K06334.01","FALSE POSITIVE",2.881100027,9.43866,662832,3316.50,8104.00,3.3690
3441340,"K06335.01","FALSE POSITIVE",0.806277023,7.275,70.8,37.90,6122.00,0.9960
3448323,"K06336.01","FALSE POSITIVE",0.513482156,2.732,91.6,12.60,5495.00,0.8820
3458919,"K06337.01","FALSE POSITIVE",0.892061734,2.24307,75590,398.10,5561.00,0.8550
3542573,"K06338.01","FALSE POSITIVE",3.471399214,5.07707,92284.9,3230.40,6026.00,1.6890
3543270,"K06339.01","FALSE POSITIVE",4.176929219,5.2003,70355,187.00,5462.00,0.7080
3544678,"K06340.01","FALSE POSITIVE",6.3762199,2.24,,,,
3545626,"K06341.01","CANDIDATE",9.78184193,2.3,,,,
3547178,"K06342.01","CANDIDATE",8.1770751,4.608,44.3,10.60,6501.00,1.2090
3548622,"K06343.01","CANDIDATE",569.45051,9.63,425.4,8.20,6117.00,0.9470
3556742,"K06344.01","FALSE POSITIVE",0.823014905,3.5426,850.5,130.50,4975.00,0.7240
3558803,"K06345.01","FALSE POSITIVE",1.353414369,13.416,610.2,100.80,4850.00,8.5860
3634169,"K06346.01","FALSE POSITIVE",2.9590637,28.81,23.6,6.40,6192.00,1.3220
3644174,"K06347.01","FALSE POSITIVE",1.806631432,1.102,217.5,10.40,4606.00,0.6990
3655326,"K06348.01","FALSE POSITIVE",15.066491533,6.2852,106051,893.00,5751.00,1.6260
3656322,"K06349.01","FALSE POSITIVE",1.831829703,7.289,40509,140.40,5269.00,2.1830
3656700,"K06350.01","FALSE POSITIVE",0.738527259,1.2174,422.9,104.10,5869.00,2.3130
3659940,"K06351.01","FALSE POSITIVE",0.89627093,2.2033,66994,152.90,5551.00,0.8610
3663494,"K06352.01","CANDIDATE",5.11683678,3.119,161.4,9.20,5955.00,0.9100
3733638,"K06353.01","CANDIDATE",10.0714369,6.891,49.5,10.80,5768.00,2.8100
3746248,"K06354.01","FALSE POSITIVE",0.62240698,1.186,155.8,10.20,6661.00,1.2900
3748855,"K06355.01","CANDIDATE",4.37198905,2.177,103.7,9.90,5823.00,0.9190
3748855,"K06355.02","CANDIDATE",6.72876606,2.277,117.4,7.80,5823.00,0.9190
3757588,"K06356.01","FALSE POSITIVE",24.09002065,11.0494,6782.2,252.30,5354.00,0.8040
3764411,"K06357.01","FALSE POSITIVE",4.4158933,1.155,191.1,5.80,5977.00,1.0220
3765692,"K06358.01","CANDIDATE",3.09383248,1.576,373.7,9.70,5327.00,0.6810
3766353,"K06359.01","FALSE POSITIVE",2.666961614,2.4774,7583.4,249.50,6609.00,0.9740
3830820,"K06360.01","FALSE POSITIVE",15.582794732,3.76683,52760,439.30,3849.00,0.5460
3831523,"K06361.01","FALSE POSITIVE",1.529283907,14.0075,54.8,41.50,6438.00,2.2660
3834364,"K06362.01","FALSE POSITIVE",2.908454772,2.6005,64325,252.80,5631.00,0.7640
3836413,"K06363.01","FALSE POSITIVE",1.540396094,2.8044,55123,340.40,5780.00,1.0000
3836439,"K06364.01","FALSE POSITIVE",1.540395674,2.80168,70614.6,997.90,7394.00,2.2830
3838004,"K06365.01","FALSE POSITIVE",2.344138713,0.4495,110.8,8.60,5313.00,2.0950
3851134,"K06366.01","FALSE POSITIVE",0.91849333,2.399,58.7,13.00,6469.00,1.1930
3851193,"K06367.01","FALSE POSITIVE",1.341078755,3.86492,112151,1829.30,6368.00,1.2250
3854496,"K06368.01","CANDIDATE",9.4588054,3.66,270,8.60,6247.00,1.0660
3858757,"K06369.01","FALSE POSITIVE",25.9534494,6.001,528.9,10.50,5591.00,0.8600
3858767,"K06370.01","FALSE POSITIVE",3.49550335,3.799,60.9,9.60,5582.00,0.8500
3858884,"K06371.01","FALSE POSITIVE",25.95193721,15.9897,399167,915.30,6569.00,1.7290
3936061,"K06372.01","CANDIDATE",71.008017,5.395,170.2,6.60,5847.00,0.8490
3938073,"K06373.01","FALSE POSITIVE",31.024310431,7.63621,96480.3,4403.80,6011.00,1.7410
3972391,"K06374.01","FALSE POSITIVE",0.634131057,2.851,27.1,11.70,6428.00,1.1090
3972432,"K06375.01","CANDIDATE",2.90805147,2.812,103.1,8.30,5889.00,0.8690
3973002,"K06376.01","FALSE POSITIVE",1.992098705,4.03833,69414,1186.00,6024.00,0.9000
3973504,"K06377.01","FALSE POSITIVE",4.318726936,2.67349,59429,394.40,5896.00,0.9160
4042088,"K06378.01","FALSE POSITIVE",3.22598684,1.67,,,,
4055092,"K06379.01","FALSE POSITIVE",76.45315813,5.1822,9662.2,151.80,4831.00,0.5400
4067549,"K06380.01","FALSE POSITIVE",7.698431197,5.43677,42548.8,942.60,5774.00,0.8760
4069063,"K06381.01","FALSE POSITIVE",0.504296702,1.4145,5995.4,231.80,6140.00,1.1870
4069213,"K06382.01","FALSE POSITIVE",5.194256813,7.25775,38851.4,2390.40,6100.00,2.0860
4075064,"K06383.01","FALSE POSITIVE",61.42252657,3.76585,337545,850.40,4867.00,0.6130
4076061,"K06384.01","CANDIDATE",566.28176,20.39,1200,8.90,5829.00,0.8020
4076952,"K06385.01","FALSE POSITIVE",9.761172507,11.4007,205866,3150.90,6468.00,2.0480
4078693,"K06386.01","FALSE POSITIVE",2.756536015,1.5908,3590.8,100.10,5496.00,1.6690
4142768,"K06387.01","FALSE POSITIVE",13.99585365,5.0308,19681,118.10,5638.00,2.7030
4149684,"K06388.01","FALSE POSITIVE",4.320850062,4.26661,75927.4,1691.50,6098.00,1.0830
4150703,"K06389.01","FALSE POSITIVE",8.6532378,2.974,126,9.00,5561.00,0.8540
4157488,"K06390.01","FALSE POSITIVE",5.197420145,6.78534,91307.3,4262.10,6248.00,1.5280
4160669,"K06391.01","FALSE POSITIVE",2.183517999,4.2703,1321.6,147.70,3198.00,162.7250
4171955,"K06392.01","FALSE POSITIVE",383.61248,12.263,619.3,10.20,6011.00,0.9020
4174507,"K06393.01","FALSE POSITIVE",1.945914237,2.8712,9880.5,299.20,5967.00,0.8300
4180396,"K06394.01","FALSE POSITIVE",3.684337918,2.1931,76.7,31.40,9609.00,2.1080
4245897,"K06395.01","FALSE POSITIVE",11.2570616,29.059,690235,655.20,6915.00,1.8750
4252226,"K06396.01","FALSE POSITIVE",21.858963291,6.32492,117113,2951.20,5923.00,2.0600
4261960,"K06397.01","FALSE POSITIVE",1.461270059,16.467,3348.7,131.00,5226.00,0.6740
4269252,"K06398.01","FALSE POSITIVE",9.4022333,2.79,316,9.80,4597.00,13.8740
4274071,"K06399.01","CANDIDATE",6.76890076,3.616,123.1,10.80,5737.00,1.1250
4281895,"K06400.01","FALSE POSITIVE",9.543584955,3.72007,68184.5,3442.20,5537.00,1.7850
4282390,"K06401.01","CANDIDATE",1.96134311,11.856,207.8,59.50,6221.00,2.1980
4284147,"K06402.01","FALSE POSITIVE",1.1611022,2.48,,,,
4349935,"K06403.01","FALSE POSITIVE",0.792023257,3.2604,176.6,49.60,4447.00,0.6250
4352168,"K06404.01","FALSE POSITIVE",10.643743766,6.29783,436506,3167.90,5282.00,0.6940
4356621,"K06405.01","FALSE POSITIVE",1.7317958,2.924,60.6,10.50,5691.00,1.5080
4357985,"K06406.01","FALSE POSITIVE",8.65298599,1.549,313.8,12.40,5210.00,0.7490
4367544,"K06407.01","FALSE POSITIVE",1.19563447,5.3934,8245,105.80,5583.00,1.4130
4372410,"K06408.01","FALSE POSITIVE",0.550537628,1.216,72,4.90,8098.00,2.1990
4372620,"K06409.01","CANDIDATE",19.9310602,8.48,97.9,14.20,5500.00,2.4910
4372961,"K06410.01","FALSE POSITIVE",2.53470797,20.143,328.2,99.50,6440.00,2.2540
4375101,"K06411.01","FALSE POSITIVE",61.25964956,12.1777,233258,880.30,5912.00,0.8890
4380283,"K06412.01","FALSE POSITIVE",0.872359598,3.74512,267053,1063.20,6240.00,1.0480
4384793,"K06413.01","FALSE POSITIVE",374.318792,5.96,1.5414e+06,10.30,5997.00,0.8150
4445630,"K06414.01","FALSE POSITIVE",5.627911313,7.08223,434329,2890.70,6280.00,1.1150
4446411,"K06415.01","FALSE POSITIVE",0.62927655,0.9698,839.5,30.90,5628.00,0.9760
4454219,"K06416.01","FALSE POSITIVE",1.22578134,2.235,99376,86.80,5780.00,1.0000
4456622,"K06417.01","FALSE POSITIVE",0.751408792,2.2974,17481,267.30,5697.00,0.9030
4482738,"K06418.01","FALSE POSITIVE",0.866344816,1.9188,233.6,46.50,4936.00,4.5270
4484312,"K06419.01","FALSE POSITIVE",2.24294107,2.532,39.4,12.10,6082.00,1.1840
4484356,"K06420.01","FALSE POSITIVE",0.572079631,2.27811,127786,578.20,5233.00,0.6390
4489844,"K06421.01","FALSE POSITIVE",0.822314545,3.3374,32.7,3.80,5709.00,0.9380
4540632,"K06422.01","FALSE POSITIVE",31.005392846,3.073,560314,1236.10,5023.00,1.7840
4544623,"K06423.01","FALSE POSITIVE",2.189097,5.768,3001,13.50,3624.00,0.4060
4565985,"K06424.01","FALSE POSITIVE",17.51191534,5.678,728.8,41.00,4029.00,20.8880
4567118,"K06425.01","CANDIDATE",521.10826,18.36,244.7,8.70,5942.00,0.9470
4569590,"K06426.01","FALSE POSITIVE",41.3701638,29.254,6907.1,91.30,4764.00,6.8830
4574310,"K06427.01","FALSE POSITIVE",1.306220168,5.14519,481370,2019.40,6600.00,1.1240
4575824,"K06428.01","FALSE POSITIVE",631.632,16.13,295.1,8.60,5689.00,0.8940
4578594,"K06429.01","FALSE POSITIVE",252.1638623,23.92,103788,864.50,5432.00,0.7450
4587448,"K06430.01","FALSE POSITIVE",2.23416013,2.12,,,,
4633434,"K06431.01","FALSE POSITIVE",22.271198511,4.58598,179042,2141.30,5068.00,0.7300
4661634,"K06432.01","FALSE POSITIVE",73.894163515,9.48995,213900,3902.30,5442.00,0.8410
4665989,"K06433.01","FALSE POSITIVE",1.124033822,5.5728,247561,792.90,7141.00,1.5630
4671584,"K06434.01","FALSE POSITIVE",2.796661168,3.3781,2363.8,251.40,6331.00,1.3260
4678171,"K06435.01","FALSE POSITIVE",15.288709179,5.00366,512474,1758.70,4464.00,0.7190
4681152,"K06436.01","FALSE POSITIVE",1.83592242,5.9942,30745.9,1378.90,5930.00,0.9760
4725292,"K06437.01","FALSE POSITIVE",1.15495063,2.31,,,,
4729553,"K06438.01","FALSE POSITIVE",0.961292561,4.64294,325530,1703.00,6300.00,1.4040
4736208,"K06439.01","FALSE POSITIVE",63.68192888,12.6047,341717,963.50,5979.00,1.0540
4737302,"K06441.01","FALSE POSITIVE",9.455586047,8.42272,115171,1876.90,7221.00,4.2400
4739194,"K06442.01","FALSE POSITIVE",1.246585716,4.62051,406770,2165.30,6440.00,1.1830
4739565,"K06443.01","FALSE POSITIVE",0.898932836,2.437,61.1,22.30,5712.00,1.8720
4740688,"K06444.01","FALSE POSITIVE",3.45423296,2.965,149.8,10.20,4186.00,0.6350
4753988,"K06445.01","FALSE POSITIVE",7.304451735,4.09326,143628,2096.80,6024.00,0.9000
4757331,"K06446.01","FALSE POSITIVE",1.181046137,2.6923,52609,324.40,5229.00,0.6920
4758350,"K06447.01","FALSE POSITIVE",1.120997701,11.243,145.6,58.10,6720.00,4.8450
4758350,"K06447.02","CANDIDATE",91.649983,10.294,193.6,8.70,6705.00,1.6080
4758368,"K06448.01","FALSE POSITIVE",1.874967748,10.0159,31525.9,1566.60,4588.00,18.3280
4760959,"K06449.01","CANDIDATE",29.9315174,2.53,353,5.60,5551.00,0.8090
4764969,"K06450.01","CANDIDATE",0.602277579,2.38,34.6,26.70,6510.00,1.2280
4768756,"K06451.01","FALSE POSITIVE",2.40440112,5.49,27.1,16.70,5433.00,0.7690
4769824,"K06452.01","FALSE POSITIVE",21.926779,10.05,198.6,10.50,5853.00,0.8680
4773155,"K06453.01","FALSE POSITIVE",25.706001174,10.969,464960,2008.10,5642.00,0.9030
4830859,"K06454.01","CANDIDATE",27.2173855,3.268,155.9,6.70,6263.00,1.0190
4832273,"K06455.01","FALSE POSITIVE",501.90703,12.43,306.9,10.30,6316.00,1.0360
4839180,"K06456.01","FALSE POSITIVE",4.426344495,5.84235,276139,732.50,6228.00,1.2260
4840263,"K06457.01","FALSE POSITIVE",0.957823876,3.7232,104692,454.10,5908.00,2.0330
4840818,"K06458.01","FALSE POSITIVE",5.024768971,3.82433,53046.4,696.50,6322.00,0.9890
4847832,"K06459.01","FALSE POSITIVE",30.960216668,15.4308,340408,4578.30,5291.00,0.9260
4851217,"K06460.01","FALSE POSITIVE",2.470283788,7.8391,193828,967.70,7823.00,2.6750
4851338,"K06461.01","FALSE POSITIVE",1.23516416,4.713,64.6,13.00,6249.00,1.0760
4851356,"K06462.01","FALSE POSITIVE",1.23513471,5.44,42.8,12.00,5930.00,0.9970
4862332,"K06463.01","FALSE POSITIVE",0.8903331,2.643,134.1,10.80,4981.00,18.3740
4862625,"K06464.01","FALSE POSITIVE",20.000242814,5.0042,13137.9,796.50,6373.00,1.0470
4862625,"K06464.02","FALSE POSITIVE",225.66716,16.6,342.9,11.70,6363.00,1.0350
4862625,"K06464.03","CANDIDATE",541.742985,10.47,1038.6,25.90,6373.00,1.0470
4863369,"K06465.01","FALSE POSITIVE",4.24748886,3.053,121,10.00,5807.00,0.9220
4863753,"K06466.01","FALSE POSITIVE",1.000012952,1.221,36,11.90,5176.00,3.6050
4902030,"K06467.01","FALSE POSITIVE",0.878803439,2.74503,410723,524.80,4524.00,0.7370
4908495,"K06468.01","FALSE POSITIVE",1.560158562,3.4248,240156,459.90,4926.00,0.7490
4912589,"K06469.01","FALSE POSITIVE",34.188302705,3.01179,118440,2594.90,5757.00,1.3450
4914709,"K06470.01","FALSE POSITIVE",8.65303996,1.091,497,14.70,5301.00,0.8400
4914737,"K06471.01","FALSE POSITIVE",8.65311903,1.273,206.8,8.90,3929.00,0.5500
4917014,"K06472.01","FALSE POSITIVE",0.796815149,1.0727,55.9,4.80,4897.00,13.4990
4931073,"K06473.01","FALSE POSITIVE",26.951237675,8.27486,86749.2,1451.70,6675.00,2.7470
4932691,"K06474.01","FALSE POSITIVE",18.11208877,6.7828,116633,217.70,7323.00,1.7220
4939265,"K06475.01","CANDIDATE",4.84505985,2.078,298.4,10.70,4337.00,0.7140
4940201,"K06476.01","FALSE POSITIVE",4.408295716,3.62479,37964,386.10,5496.00,0.7430
4946680,"K06477.01","FALSE POSITIVE",8.665259912,3.1088,1840.6,181.40,6071.00,2.3890
4947726,"K06478.01","FALSE POSITIVE",4.726086185,4.39793,181820,1564.30,5873.00,0.8630
4948863,"K06479.01","FALSE POSITIVE",8.643550046,3.1273,67298.6,849.30,5679.00,0.7470
4949027,"K06480.01","FALSE POSITIVE",1.06100327,1.675,95.9,9.70,5966.00,0.9610
4949214,"K06481.01","FALSE POSITIVE",0.922030594,4.367,13859,331.70,6484.00,1.1530
4950341,"K06482.01","FALSE POSITIVE",611.09299,15.22,270,12.20,6032.00,0.9290
4950557,"K06483.01","FALSE POSITIVE",24.714790706,5.06776,208732,5148.80,6300.00,1.8620
4995716,"K06484.01","CANDIDATE",16.1191449,3.039,262.2,8.20,5319.00,0.7830
5000179,"K06485.01","FALSE POSITIVE",3.6329347,2.3,,,,
5017058,"K06486.01","FALSE POSITIVE",1.161947482,4.46886,129896,2435.40,6225.00,1.4570
5018787,"K06487.01","FALSE POSITIVE",0.607191908,1.30166,17368.7,961.90,5370.00,0.6710
5019567,"K06488.01","FALSE POSITIVE",1.17430183,9.587,64.5,13.50,7537.00,2.1450
5021432,"K06489.01","CANDIDATE",14.05652256,2.56,,,,
5021732,"K06490.01","FALSE POSITIVE",15.039464523,5.39796,66876.8,1133.50,6410.00,1.1780
5022440,"K06491.01","FALSE POSITIVE",3.693951168,2.2534,28290,173.20,5968.00,0.8810
5022900,"K06492.01","FALSE POSITIVE",1.05680287,5.748,82.3,10.90,5584.00,0.8850
5024126,"K06493.01","FALSE POSITIVE",0.787122102,3.0999,596.8,57.40,5210.00,0.7990
5024268,"K06494.01","FALSE POSITIVE",2.15045295,4.453,169.1,25.80,4899.00,18.9200
5024372,"K06495.01","FALSE POSITIVE",0.561524348,3.336,34.1,15.70,5919.00,0.7150
5025217,"K06496.01","FALSE POSITIVE",1.78752921,5.315,62.9,16.00,6286.00,7.3420
5025234,"K06497.01","FALSE POSITIVE",1.77555333,14.41,83.5,14.10,6594.00,1.1380
5025294,"K06498.01","FALSE POSITIVE",5.462689263,3.2605,4184.6,82.60,5929.00,0.8880
5026187,"K06499.01","FALSE POSITIVE",3.58966681,18.534,421.3,102.30,6564.00,3.8370
5031804,"K06500.01","FALSE POSITIVE",1.37347867,12.62,289.9,27.20,6877.00,1.7530
5031882,"K06501.01","FALSE POSITIVE",1.00960235,7.847,31.9,12.50,6028.00,2.4120
5036516,"K06502.01","FALSE POSITIVE",1.060996585,2.6494,41142,339.50,5433.00,1.3480
5036530,"K06503.01","FALSE POSITIVE",2.735152701,0.1046,283.3,4.70,6333.00,1.5230
5036530,"K06503.02","FALSE POSITIVE",1.36513839,1.86,,,,
5036538,"K06504.01","FALSE POSITIVE",1.061008464,2.8029,408767,997.70,4239.00,0.4540
5038469,"K06505.01","FALSE POSITIVE",1.36840167,4.58,,,,
5039687,"K06506.01","FALSE POSITIVE",5.8957069,56.84,129.7,24.10,5956.00,0.9340
5042785,"K06507.01","FALSE POSITIVE",1.67473779,5.67,,,,
5078879,"K06508.01","FALSE POSITIVE",1.039370613,1.0713,743.6,182.90,6429.00,3.1370
5080346,"K06509.01","FALSE POSITIVE",2.31169425,8.689,38.4,16.00,9451.00,2.6790
5080652,"K06510.01","FALSE POSITIVE",2.072177815,4.54864,293717,590.70,5519.00,0.7180
5083138,"K06511.01","CANDIDATE",27.122801,5.255,234.7,8.10,5878.00,0.9450
5083252,"K06512.01","FALSE POSITIVE",2.500560859,7.5902,20.4,4.50,6305.00,1.0520
5087223,"K06513.01","CANDIDATE",5.62241111,1.185,464.1,8.50,3894.00,0.5410
5091075,"K06514.01","FALSE POSITIVE",1.25625738,9.726,15.2,50.10,7450.00,3.0630
5091614,"K06515.01","FALSE POSITIVE",21.142458554,5.17846,73960.9,3830.90,6079.00,0.9450
5092799,"K06516.01","CANDIDATE",11.2901559,10.475,163.8,8.60,5025.00,0.6570
5092799,"K06516.02","CANDIDATE",28.24753303,13.2,,,,
5094301,"K06517.01","FALSE POSITIVE",0.99519559,2.293,13.7,7.40,5506.00,0.7820
5095269,"K06518.01","FALSE POSITIVE",18.611957253,4.24721,124833,2671.70,6492.00,1.1700
5097278,"K06519.01","FALSE POSITIVE",0.73240662,4.33,329,15.30,7392.00,1.7720
5098757,"K06520.01","FALSE POSITIVE",2.954598,24.79,337.8,18.10,6955.00,2.1610
5111801,"K06521.01","FALSE POSITIVE",0.562006231,3.496,14.2,12.80,6609.00,1.4550
5112198,"K06522.01","FALSE POSITIVE",3.21559054,16.261,202.4,87.10,6300.00,1.0360
5113809,"K06523.01","FALSE POSITIVE",1.547426532,16.1346,532.9,210.10,6612.00,1.2640
5115178,"K06524.01","FALSE POSITIVE",12.851722103,5.71731,42518.6,1537.80,5838.00,0.9670
5115379,"K06525.01","FALSE POSITIVE",4.2055797,19.4,100.5,71.70,6190.00,1.2590
5115688,"K06526.01","CANDIDATE",486.77832,15.29,370.8,10.40,5039.00,4.9500
5119143,"K06527.01","FALSE POSITIVE",0.530799654,3.487,318.5,12.50,6534.00,1.6220
5125048,"K06528.01","FALSE POSITIVE",0.56818769,2,,,,
5126627,"K06529.01","FALSE POSITIVE",1.0094779,3.72,,,,
5130890,"K06530.01","FALSE POSITIVE",0.91057795,2.73,,,,
5164794,"K06531.01","FALSE POSITIVE",1.0429419,7.22,412,40.90,5780.00,1.0000
5171707,"K06532.01","CANDIDATE",0.813998812,0.675,183.4,13.70,5705.00,0.9890
5172274,"K06533.01","FALSE POSITIVE",6.12650913,15.43,2434,3.10,6881.00,1.5340
5174492,"K06534.01","FALSE POSITIVE",0.720589427,4.329,70,1.70,8497.00,2.2110
5174920,"K06535.01","FALSE POSITIVE",0.950487062,2.9283,11.5,15.40,8107.00,3.3850
5181455,"K06536.01","FALSE POSITIVE",5.579631021,3.38646,118321,1268.70,6188.00,1.0220
5193386,"K06537.01","FALSE POSITIVE",21.37831102,21.7174,80571,852.20,4905.00,3.4840
5193439,"K06538.01","CANDIDATE",129.847318,13.057,198.4,11.10,6133.00,1.0320
5196851,"K06539.01","FALSE POSITIVE",0.541396363,2.384,181,20.40,7118.00,1.4890
5199978,"K06540.01","FALSE POSITIVE",0.550509602,1.1836,123.5,24.00,4891.00,4.5290
5211470,"K06541.01","FALSE POSITIVE",2.404293523,4.4649,8150.9,471.20,4697.00,17.0320
5211470,"K06541.02","FALSE POSITIVE",0.938074536,1.9618,575.9,36.10,4697.00,17.0320
5215508,"K06542.01","CANDIDATE",0.8867443,3.16,,,,
5216727,"K06543.01","FALSE POSITIVE",0.756511623,2.81832,41596.1,845.00,6343.00,1.4170
5218014,"K06544.01","FALSE POSITIVE",10.845286549,4.3876,7473.8,416.10,5096.00,7.0230
5255552,"K06545.01","FALSE POSITIVE",32.45541269,7.3736,136386,180.90,4869.00,0.5430
5263167,"K06546.01","CANDIDATE",3.39401963,2.984,98.4,10.00,6181.00,1.0290
5266937,"K06547.01","FALSE POSITIVE",5.917085496,23.7545,563292,1331.50,5661.00,0.9870
5269407,"K06548.01","FALSE POSITIVE",0.958871144,2.74361,232350,1191.20,5530.00,0.8920
5271803,"K06549.01","FALSE POSITIVE",0.5402463,13.93,1148,1.60,7296.00,1.4980
5272571,"K06550.01","FALSE POSITIVE",1.288046428,3.637,32.3,20.30,5216.00,3.8710
5282656,"K06551.01","FALSE POSITIVE",1.516372183,1.239,93.8,8.80,6142.00,1.0460
5284133,"K06552.01","FALSE POSITIVE",8.784575777,5.3022,262984,4761.50,8144.00,1.9140
5285607,"K06553.01","FALSE POSITIVE",1.949700508,4.35014,38119.2,2271.00,6469.00,1.1930
5286786,"K06554.01","FALSE POSITIVE",9.948701373,3.2922,2749.5,103.10,5152.00,0.7860
5288543,"K06555.01","FALSE POSITIVE",3.457078812,5.24058,315517,6009.00,6526.00,1.4820
5294739,"K06556.01","FALSE POSITIVE",3.735993484,17.4877,617987,1587.70,5467.00,4.0550
5295206,"K06557.01","CANDIDATE",6.63448023,3.603,71.2,10.30,6463.00,1.2250
5298620,"K06558.01","FALSE POSITIVE",12.4239677,16.01,162.4,12.80,4995.00,0.6980
5300878,"K06559.01","FALSE POSITIVE",0.639721284,2.69771,465918,1012.90,4794.00,0.6250
5301955,"K06560.01","FALSE POSITIVE",0.68396452,1.3,,,,
5306862,"K06561.01","FALSE POSITIVE",2.025580416,4.48448,44998.1,987.80,6348.00,1.9900
5307574,"K06562.01","FALSE POSITIVE",58.64379,24.44,182.1,12.00,5833.00,0.7750
5308778,"K06563.01","FALSE POSITIVE",20.28281916,36.048,2797.5,306.70,5043.00,3.9560
5310435,"K06564.01","FALSE POSITIVE",4.931365987,14.7088,255953,772.70,6562.00,2.2630
5343976,"K06565.01","FALSE POSITIVE",4.331392455,3.7278,200403,1234.30,5655.00,0.8540
5347537,"K06566.01","FALSE POSITIVE",345.1846728,6.5468,29988.7,687.50,5712.00,0.9710
5347784,"K06567.01","FALSE POSITIVE",9.58405667,6.82752,119630,2595.90,5605.00,2.2750
5353938,"K06568.01","CANDIDATE",6.27651592,1.973,166,8.90,3914.00,0.5150
5359678,"K06569.01","FALSE POSITIVE",3.115304946,4.88748,149524,1398.80,6367.00,1.0870
5380812,"K06570.01","CANDIDATE",16.214474,4.149,161.7,9.40,6801.00,2.6370
5385469,"K06571.01","FALSE POSITIVE",12.422524,13.55,33.9,6.70,7225.00,1.4140
5385647,"K06572.01","FALSE POSITIVE",12.4269264,21.826,126.6,28.30,5349.00,1.5050
5385667,"K06573.01","FALSE POSITIVE",12.4261809,29.09,92.2,39.00,5948.00,1.4320
5388229,"K06574.01","FALSE POSITIVE",0.61810542,6.666,12264,118.70,5371.00,0.9490
5389184,"K06575.01","FALSE POSITIVE",1.06995136,1.322,54.8,10.80,5869.00,1.2210
5393558,"K06576.01","FALSE POSITIVE",10.217121652,4.35647,205223,3617.50,5931.00,1.3490
5397905,"K06577.01","FALSE POSITIVE",0.618060842,1.892,25.1,9.60,5339.00,0.7930
5444392,"K06578.01","FALSE POSITIVE",0.759764419,5.72501,393266,1728.10,5807.00,1.9090
5456979,"K06579.01","CANDIDATE",2.6528082,2.297,153.1,9.80,5778.00,0.9350
5460835,"K06580.01","FALSE POSITIVE",21.539269242,5.32432,143753,2642.20,6136.00,0.9330
5462901,"K06581.01","FALSE POSITIVE",5.270733213,2.7822,293637,553.00,4348.00,0.6780
5466109,"K06582.01","CANDIDATE",2.43135542,1.401,123.6,9.30,6231.00,0.9550
5471010,"K06583.01","FALSE POSITIVE",12.4232158,17.67,261.5,23.60,5497.00,0.8090
5471141,"K06584.01","FALSE POSITIVE",12.4253812,19.781,115.3,26.80,5925.00,1.0660
5471328,"K06585.01","FALSE POSITIVE",12.42555999,28.083,2964.8,122.00,4922.00,0.7040
5471415,"K06586.01","FALSE POSITIVE",12.4257442,29.122,936,49.60,8691.00,2.1930
5471480,"K06587.01","FALSE POSITIVE",12.4254241,24.98,378.9,36.00,5853.00,0.8950
5475712,"K06588.01","FALSE POSITIVE",2.991884392,7.5583,123880,1280.30,6596.00,1.0940
5479973,"K06589.01","FALSE POSITIVE",1.795273026,7.3232,125416,877.80,6363.00,1.0120
5513822,"K06590.01","FALSE POSITIVE",0.755109271,2.619,23.2,12.90,5606.00,0.9620
5513833,"K06591.01","FALSE POSITIVE",0.755101141,3.371,76.7,13.40,3256.00,0.2070
5529501,"K06592.01","FALSE POSITIVE",1.51945182,2.95,13.7,9.60,6168.00,1.3070
5529560,"K06593.01","FALSE POSITIVE",0.759755409,2.734,70,15.90,6090.00,1.0710
5530881,"K06594.01","FALSE POSITIVE",5.082523739,5.04732,276277,5286.20,6507.00,1.1450
5534476,"K06595.01","FALSE POSITIVE",1.02547271,1.996,27,10.90,6862.00,1.7120
5534702,"K06596.01","FALSE POSITIVE",1.025465924,3.71841,152685,1120.80,6700.00,1.8830
5535280,"K06597.01","FALSE POSITIVE",74.985292949,6.23451,105346,1754.80,5955.00,0.9100
5552808,"K06598.01","CANDIDATE",10.95210361,1.5,,,,
5553624,"K06599.01","FALSE POSITIVE",25.762056721,14.8694,447716,3469.50,5539.00,1.0270
5564082,"K06600.01","CANDIDATE",2.70581614,6.56,46.9,41.80,5992.00,0.9610
5597361,"K06601.01","CANDIDATE",17.9925973,2.762,198.5,8.70,5931.00,1.0870
5598639,"K06602.01","FALSE POSITIVE",0.648775795,4.34648,108824,6873.90,5143.00,0.7760
5610698,"K06603.01","FALSE POSITIVE",4.132521615,12.4949,156249,440.00,6567.00,1.6360
5616489,"K06604.01","FALSE POSITIVE",410.88527,24.1,2059.6,21.50,5015.00,18.4890
5617510,"K06605.01","CANDIDATE",74.371666,12.59,102.8,12.10,6865.00,2.2110
5621294,"K06606.01","FALSE POSITIVE",0.938905082,5.00453,358893,2584.70,8615.00,3.0030
5621299,"K06607.01","FALSE POSITIVE",0.93891532,2.134,39.1,8.20,6534.00,1.7970
5622250,"K06608.01","FALSE POSITIVE",16.294213708,6.01687,174006,7486.20,6237.00,1.5080
5632781,"K06609.01","FALSE POSITIVE",11.02520205,12.8097,429759,2585.50,6047.00,2.3000
5633259,"K06610.01","CANDIDATE",315.07717192,10.31,,,,
5647638,"K06611.01","FALSE POSITIVE",1.21607873,4.686,29.4,11.20,6234.00,2.5000
5653126,"K06612.01","FALSE POSITIVE",38.49536985,12.8716,93327,201.90,6050.00,2.3450
5653126,"K06612.02","FALSE POSITIVE",2.404483552,0.2961,0.8,0.00,6050.00,2.3450
5686974,"K06613.01","FALSE POSITIVE",4.18224416,6.209,57.2,13.80,6057.00,0.9990
5696909,"K06614.01","FALSE POSITIVE",0.643002821,1.02608,2671.5,295.60,5681.00,1.0360
5697628,"K06615.01","FALSE POSITIVE",1.95119541,1.907,59.7,7.70,4936.00,0.6280
5700330,"K06616.01","FALSE POSITIVE",53.220416998,17.7344,72895.3,4563.50,5653.00,2.0570
5702770,"K06617.01","CANDIDATE",8.0018897,3.425,102.7,9.80,5830.00,0.8760
5706592,"K06618.01","CANDIDATE",8.6040858,3.01,87.6,6.40,6250.00,0.9860
5716244,"K06619.01","FALSE POSITIVE",1.330333096,5.045,61867,700.50,5984.00,0.9060
5725851,"K06620.01","FALSE POSITIVE",1.140133012,9.251,223.2,63.40,6715.00,5.9700
5731312,"K06621.01","FALSE POSITIVE",7.946367138,2.58667,278086,1228.90,4789.00,0.5730
5735878,"K06622.01","FALSE POSITIVE",16.832079803,7.79748,48374.6,5156.60,6300.00,2.7550
5736461,"K06623.01","FALSE POSITIVE",7.346159047,6.5974,121807,2541.20,5616.00,0.8100
5737869,"K06624.01","FALSE POSITIVE",26.2402438,3.024,174,7.90,5649.00,0.8750
5771589,"K06625.01","FALSE POSITIVE",10.738427243,2.3544,1684.2,112.80,6180.00,1.6860
5781192,"K06626.01","FALSE POSITIVE",9.459993213,5.3012,237595,3164.40,5569.00,0.8290
5802285,"K06627.01","FALSE POSITIVE",1.208524388,1.8478,4759.6,181.30,4963.00,0.7010
5802470,"K06628.01","FALSE POSITIVE",3.79187443,3.5521,230736,1111.90,5622.00,0.7230
5807579,"K06629.01","FALSE POSITIVE",17.844323157,5.07999,222364,4456.60,5993.00,1.4850
5809372,"K06630.01","FALSE POSITIVE",34.6506368,10.287,502.5,21.60,6681.00,4.1850
5860347,"K06631.01","CANDIDATE",2.56271232,2.163,29.4,8.20,5190.00,0.8990
5871918,"K06632.01","FALSE POSITIVE",12.643303542,5.48853,236718,2907.60,3977.00,0.5620
5894825,"K06633.01","FALSE POSITIVE",1.36293943,10.32,54.4,15.80,6831.00,2.1060
5894972,"K06634.01","FALSE POSITIVE",3.34328534,27.29,166.8,79.50,6541.00,2.6520
5951140,"K06635.01","CANDIDATE",0.52740121,4.807,1316,31.10,3582.00,0.4100
5952309,"K06636.01","FALSE POSITIVE",0.905678252,1.249,70.4,11.10,6075.00,0.9090
5952457,"K06637.01","FALSE POSITIVE",0.905672916,1,110.4,12.10,4949.00,0.7410
5962514,"K06639.01","FALSE POSITIVE",0.790046373,4.9939,149304,174.50,6785.00,1.3420
5962716,"K06640.01","FALSE POSITIVE",1.804591904,3.85009,137295,1666.60,6271.00,1.5150
5966732,"K06641.01","CANDIDATE",1.400903699,0.883,136.5,9.80,6375.00,0.9750
5977541,"K06642.01","FALSE POSITIVE",1.14073528,2.394,13.5,7.80,8847.00,1.6850
5977804,"K06643.01","FALSE POSITIVE",3.31976683,4.523,48,8.50,6100.00,0.9400
5983348,"K06644.01","FALSE POSITIVE",25.150788449,7.72717,37582.6,1504.90,6015.00,1.1010
5990753,"K06645.01","FALSE POSITIVE",7.21636091,2.218,384.7,37.20,5029.00,9.4760
6019971,"K06646.01","CANDIDATE",7.1356633,1.789,255.5,9.80,4926.00,0.7930
6029130,"K06647.01","FALSE POSITIVE",12.591656377,5.53385,302584,3990.50,5293.00,0.7560
6035335,"K06648.01","FALSE POSITIVE",1.044408447,3.633,46.2,15.10,7274.00,1.6980
6041511,"K06649.01","FALSE POSITIVE",0.97705114,2.33,20.1,7.40,6527.00,1.6310
6042116,"K06650.01","FALSE POSITIVE",5.407157086,5.8919,74653.3,2882.00,7617.00,2.4390
6042663,"K06651.01","FALSE POSITIVE",30.971766472,8.31171,228680,3245.90,5633.00,0.8290
6044064,"K06652.01","FALSE POSITIVE",5.06318803,13.8913,662677,1602.70,5375.00,0.7520
6045093,"K06653.01","CANDIDATE",28.2682167,1.355,197,6.00,5496.00,0.8380
6046311,"K06654.01","FALSE POSITIVE",0.957476003,0.6624,450.7,20.20,6312.00,1.1220
6048106,"K06655.01","FALSE POSITIVE",1.559360638,5.4458,280066,419.90,7002.00,1.4880
6048255,"K06656.01","FALSE POSITIVE",0.57627248,1.75,,,,
6057750,"K06657.01","CANDIDATE",1.6037058,9.067,32.8,22.40,6400.00,2.5120
6060580,"K06658.01","FALSE POSITIVE",2.313367981,2.42645,13437.5,733.60,5508.00,0.7640
6063448,"K06659.01","FALSE POSITIVE",76.01811375,13.4849,80671,604.30,6703.00,1.8920
6066107,"K06660.01","FALSE POSITIVE",0.82883944,1.83,,,,
6068947,"K06661.01","FALSE POSITIVE",0.573036404,1.3176,4174.5,419.60,5745.00,1.1960
6103049,"K06662.01","FALSE POSITIVE",0.643171495,2.31285,41160,641.40,5899.00,0.9890
6109688,"K06663.01","FALSE POSITIVE",14.086776961,10.1279,106837,1856.90,7138.00,1.8900
6111011,"K06664.01","CANDIDATE",14.7639145,3.14,162.5,7.70,5541.00,0.7330
6128141,"K06665.01","FALSE POSITIVE",1.872620976,1.7626,1530.6,181.90,6031.00,1.0040
6128245,"K06666.01","CANDIDATE",1.118510435,1.111,72.7,9.90,5918.00,0.8650
6131659,"K06667.01","FALSE POSITIVE",17.527826808,5.78491,347519,2450.10,5079.00,0.7320
6146838,"K06668.01","FALSE POSITIVE",27.467217305,4.17961,71766.5,1986.10,5503.00,0.7420
6147573,"K06669.01","FALSE POSITIVE",25.836831272,6.32201,145045,3016.90,5691.00,0.8970
6152521,"K06670.01","FALSE POSITIVE",0.94895231,3.952,57.7,18.10,6661.00,3.0670
6185717,"K06671.01","FALSE POSITIVE",11.702203927,2.75173,28998.7,2184.70,6148.00,2.1330
6187508,"K06672.01","CANDIDATE",2.28494301,1.01,161.8,10.60,5396.00,0.7890
6205460,"K06673.01","FALSE POSITIVE",3.722775537,14.3309,107594,864.90,5425.00,2.5920
6206751,"K06674.01","FALSE POSITIVE",1.245342215,4.40308,234086,1178.50,6967.00,1.4760
6207053,"K06675.01","FALSE POSITIVE",0.604755462,1.3741,334.5,40.30,4842.00,0.7260
6209225,"K06676.01","CANDIDATE",439.21978,9.392,342.3,10.30,6553.00,0.9620
6220470,"K06677.01","FALSE POSITIVE",8.144135648,8.88876,87880.8,6113.70,7605.00,1.8620
6228703,"K06678.01","FALSE POSITIVE",4.200206781,5.21948,82364.4,943.70,6873.00,1.9230
6231401,"K06679.01","FALSE POSITIVE",6.091954982,3.60482,36700,1508.70,6063.00,0.9130
6265961,"K06680.01","CANDIDATE",5.52507406,2.565,61.5,9.80,5600.00,1.0370
6279823,"K06681.01","FALSE POSITIVE",485.52409,11.04,4147,10.80,5227.00,0.8000
6283224,"K06682.01","FALSE POSITIVE",0.76647343,2.46345,199901,545.00,5297.00,0.7220
6285094,"K06683.01","FALSE POSITIVE",5.2439783,10.1,93.5,13.10,6029.00,0.9560
6285396,"K06684.01","FALSE POSITIVE",5.2436639,10.53,93.5,10.40,6212.00,0.8620
6285397,"K06685.01","FALSE POSITIVE",5.2438269,8.235,128.6,11.30,4634.00,0.6890
6292732,"K06686.01","FALSE POSITIVE",1.25338826,3.828,44.7,14.80,5869.00,0.9420
6307000,"K06687.01","CANDIDATE",1.002591901,1.247,143.2,11.10,4893.00,0.7390
6311637,"K06688.01","FALSE POSITIVE",1.620813697,5.9968,121323,680.40,5757.00,1.1770
6345758,"K06689.01","CANDIDATE",3.37116682,4.708,71.4,9.80,5653.00,1.1630
6364126,"K06690.01","FALSE POSITIVE",5.2434664,18.47,119.4,10.70,5047.00,0.7660
6364195,"K06691.01","FALSE POSITIVE",5.2439542,9.82,143.8,14.20,4920.00,0.6910
6364200,"K06692.01","FALSE POSITIVE",5.2441517,9.69,90.1,10.50,6060.00,0.9250
6364247,"K06693.01","FALSE POSITIVE",5.2443332,11.268,29.9,13.50,5952.00,0.9710
6364294,"K06694.01","FALSE POSITIVE",5.2436612,11.39,88.3,14.50,6598.00,1.1450
6367439,"K06695.01","FALSE POSITIVE",3.7789374,10.767,56,15.10,5017.00,0.6050
6367628,"K06696.01","FALSE POSITIVE",1.88984957,19.45,249668,401.50,5328.00,0.7160
6368222,"K06697.01","CANDIDATE",82.97062172,8.22,,,,
6372268,"K06698.01","CANDIDATE",5.22422449,4.56,,,,
6384840,"K06699.01","FALSE POSITIVE",2.49904083,2.651,128.2,8.10,5525.00,0.9300
6386784,"K06700.01","FALSE POSITIVE",1.99567242,3.58,18,14.20,6773.00,1.6900
6390236,"K06701.01","FALSE POSITIVE",0.89879279,1.031,26.6,5.70,6224.00,1.0960
6421188,"K06702.01","FALSE POSITIVE",16.434352831,5.15682,45699.5,2171.40,5963.00,1.1340
6421483,"K06703.01","FALSE POSITIVE",2.158398259,8.1633,93038,217.00,5210.00,1.9460
6421937,"K06704.01","FALSE POSITIVE",359.534371,24.205,5732,96.00,5087.00,5.8990
6423922,"K06705.01","CANDIDATE",0.9951412,5.588,101.7,17.60,3325.00,0.1090
6428942,"K06706.01","FALSE POSITIVE",534.86668,8.19,565,8.30,6668.00,1.7910
6436505,"K06707.01","CANDIDATE",43.535891,4.712,576.6,13.90,5481.00,0.7780
6436505,"K06707.02","FALSE POSITIVE",24.7222403,4.53,290.1,9.30,5481.00,0.7780
6437993,"K06708.01","FALSE POSITIVE",1.39797542,9.06,43.2,15.50,5074.00,0.7610
6442246,"K06709.01","FALSE POSITIVE",2.2127498,3.054,22.7,9.30,6195.00,1.4050
6443392,"K06710.01","FALSE POSITIVE",0.776976021,1.95401,21245,1582.90,5999.00,1.0420
6447326,"K06711.01","FALSE POSITIVE",4.3206933,50.68,147.9,35.70,6225.00,1.0310
6448768,"K06712.01","FALSE POSITIVE",16.486796364,7.06797,48942.8,3181.50,6020.00,2.0970
6449291,"K06713.01","FALSE POSITIVE",5.7768734,5.762,71,10.10,5473.00,2.1620
6449552,"K06714.01","FALSE POSITIVE",20.148807707,8.52557,526949,3487.50,5547.00,0.9180
6452742,"K06715.01","FALSE POSITIVE",0.687772143,2.56725,40368.3,679.80,5885.00,0.9330
6464285,"K06716.01","FALSE POSITIVE",0.843651274,2.80468,305452,1509.30,5220.00,0.6950
6466939,"K06717.01","FALSE POSITIVE",1.142946648,3.40234,412554,1054.40,5058.00,0.6080
6468938,"K06718.01","FALSE POSITIVE",7.217010987,4.4215,78713.8,1307.00,6047.00,1.2110
6471229,"K06719.01","FALSE POSITIVE",1.75251585,3.489,125.9,14.20,5952.00,0.8440
6471230,"K06720.01","FALSE POSITIVE",1.752450163,3.0255,55.5,3.40,5779.00,0.9900
6521174,"K06721.01","FALSE POSITIVE",8.27923132,2.355,164.9,10.90,5631.00,0.8470
6521542,"K06722.01","FALSE POSITIVE",2.212877035,4.66961,376200,2731.00,6153.00,1.0000
6522353,"K06723.01","FALSE POSITIVE",0.845097627,1.873,86.5,10.70,5252.00,0.7830
6522750,"K06724.01","FALSE POSITIVE",17.445640466,6.08966,334158,4093.90,5759.00,0.9450
6523216,"K06725.01","FALSE POSITIVE",14.313157391,8.90236,21566.9,4262.90,5750.00,2.3790
6531485,"K06726.01","FALSE POSITIVE",0.676990194,1.69459,20505.9,997.00,5813.00,0.8160
6531801,"K06727.01","FALSE POSITIVE",0.515875396,1.21,1773,9.10,7229.00,1.3800
6543682,"K06728.01","FALSE POSITIVE",1.195516859,6.17216,513813,1153.40,5780.00,1.0000
6545018,"K06729.01","FALSE POSITIVE",1.995728294,6.43532,251876,1496.50,5807.00,0.8610
6548447,"K06730.01","FALSE POSITIVE",10.768391927,12.5252,107382,2085.70,5226.00,1.6430
6551106,"K06731.01","CANDIDATE",3.84615171,2.24,137.1,9.30,6106.00,0.9660
6584167,"K06732.01","FALSE POSITIVE",0.733724504,2.208,45.9,21.40,6175.00,1.4050
6584278,"K06733.01","CANDIDATE",1.28940823,3.652,32.1,10.30,5826.00,4.1890
6590726,"K06734.01","CANDIDATE",498.27269,8.92,534,6.60,5618.00,0.9320
6591789,"K06735.01","FALSE POSITIVE",5.08840787,4.77204,386682,3095.00,5618.00,0.7910
6593363,"K06736.01","FALSE POSITIVE",18.527824075,5.88678,76231.1,5547.20,6154.00,2.3210
6594972,"K06737.01","FALSE POSITIVE",10.819169459,5.50262,437142,5258.20,5955.00,0.9910
6595662,"K06738.01","FALSE POSITIVE",2.680514453,3.21178,195748,665.50,6038.00,1.0760
6603765,"K06739.01","CANDIDATE",19.164111,2.773,215.9,8.10,5103.00,0.6740
6606282,"K06740.01","FALSE POSITIVE",1.053573674,1.70116,3063,445.30,5838.00,7.3850
6606669,"K06741.01","FALSE POSITIVE",0.970085646,1.129,153,9.80,4555.00,15.6300
6607610,"K06742.01","FALSE POSITIVE",63.52017525,17.1759,32548.4,1708.10,4938.00,4.3300
6610219,"K06743.01","FALSE POSITIVE",11.300987626,10.5199,325703,5027.80,6143.00,1.4480
6610433,"K06744.01","FALSE POSITIVE",0.92098747,2.04,,,,
6614748,"K06745.01","CANDIDATE",383.85362,9.76,422.9,7.50,6675.00,1.2930
6628926,"K06746.01","CANDIDATE",2.564012541,0.9433,2551.9,5.30,6274.00,1.4280
6629156,"K06747.01","FALSE POSITIVE",0.71538172,5,,,,
6629588,"K06748.01","FALSE POSITIVE",2.264471713,7.1803,187430,873.70,6782.00,1.7520
6636020,"K06749.01","FALSE POSITIVE",18.3602239,2.352,574.6,12.40,5713.00,0.8560
6664842,"K06750.01","CANDIDATE",5.21395046,3.188,78.5,8.60,5529.00,1.4120
6665064,"K06751.01","CANDIDATE",24.996068,5.623,621.7,9.40,5761.00,0.9560
6665064,"K06751.02","FALSE POSITIVE",0.698359996,1.4959,774.1,26.10,5761.00,0.9560
6670610,"K06752.01","CANDIDATE",8.9429645,1.803,233.5,7.20,4183.00,0.5940
6670742,"K06753.01","CANDIDATE",72.28198,2.478,1265,5.40,7694.00,3.6270
6672229,"K06754.01","FALSE POSITIVE",23.832382513,7.06068,278997,2389.20,5722.00,1.0000
6676725,"K06755.01","FALSE POSITIVE",1.428766771,3.9753,92.2,3.60,6197.00,1.0350
6695622,"K06756.01","FALSE POSITIVE",14.5567427,1.421,185.1,8.90,6153.00,0.9930
6695889,"K06757.01","FALSE POSITIVE",1.106560721,2.64151,253683,643.60,6205.00,0.8730
6697716,"K06758.01","FALSE POSITIVE",0.721624431,2.54242,157754,514.40,5067.00,0.7150
6697976,"K06759.01","CANDIDATE",371.70965709,4.65,,,,
6698670,"K06760.01","FALSE POSITIVE",10.81589054,4.73495,45399.6,4313.40,6269.00,1.5080
6706287,"K06761.01","FALSE POSITIVE",1.267693801,3.57993,333641,713.80,5446.00,0.9610
6715997,"K06762.01","CANDIDATE",15.08186,4.004,81.6,7.10,5794.00,1.0120
6763884,"K06763.01","CANDIDATE",2.44693823,0.954,26.4,9.00,5821.00,1.0330
6766748,"K06764.01","FALSE POSITIVE",7.002865192,5.90232,349695,8168.60,6818.00,1.2160
6768616,"K06765.01","CANDIDATE",13.05609,3.498,170.8,10.80,6078.00,0.9940
6768616,"K06765.02","FALSE POSITIVE",8.8249556,2.976,121.1,8.60,6078.00,0.9940
6774408,"K06766.01","FALSE POSITIVE",0.85450941,3.723,13.7,9.00,5922.00,0.9210
6778289,"K06767.01","FALSE POSITIVE",30.130130001,13.4919,280751,2583.70,6674.00,1.3470
6781047,"K06768.01","FALSE POSITIVE",7.0435762,15.76,,,,
6781535,"K06769.01","FALSE POSITIVE",9.12208711,4.62417,58790.4,1599.10,5857.00,1.0390
6792124,"K06770.01","FALSE POSITIVE",0.52880817,2.2865,57.7,38.80,6224.00,2.3680
6804648,"K06771.01","FALSE POSITIVE",0.700606479,0.993,23.5,9.00,6280.00,2.4490
6806632,"K06772.01","FALSE POSITIVE",9.469191607,9.55999,63501.9,4419.30,9454.00,1.8320
6841577,"K06773.01","FALSE POSITIVE",15.53753378,5.8262,209006,2807.80,5704.00,0.8680
6842345,"K06774.01","CANDIDATE",17.3816224,2.73456,59099.4,1149.70,6116.00,1.0200
6852488,"K06775.01","FALSE POSITIVE",2.172042913,8.0331,154381,583.60,7128.00,1.7750
6853172,"K06776.01","CANDIDATE",28.655498,8.58,173.6,10.10,6268.00,1.1000
6859546,"K06777.01","CANDIDATE",13.4450174,2.118,196.2,8.30,5003.00,0.7590
6859813,"K06778.01","FALSE POSITIVE",10.88242209,5.51934,206811,4284.20,6200.00,1.0450
6863840,"K06779.01","FALSE POSITIVE",1.926366998,3.98088,399528,1093.20,5176.00,0.7600
6864569,"K06780.01","FALSE POSITIVE",2.325185422,7.2871,268.5,256.30,11076.00,2.8960
6864706,"K06781.01","CANDIDATE",14.5909249,1.591,146.9,6.30,5214.00,0.7660
6864859,"K06782.01","FALSE POSITIVE",40.877841988,9.88456,256094,5260.30,6807.00,2.5900
6867219,"K06783.01","CANDIDATE",11.8496351,3.319,183.8,9.60,6032.00,0.9290
6877673,"K06784.01","FALSE POSITIVE",36.75892725,15.5723,261730,4263.60,6085.00,0.9790
6877871,"K06785.01","FALSE POSITIVE",0.536869783,4.164,221.7,27.80,6495.00,1.1680
6878408,"K06786.01","CANDIDATE",455.62395,13.07,1112.1,14.00,5883.00,0.8920
6890618,"K06787.01","FALSE POSITIVE",1.574063832,5.6357,1118.1,145.30,5951.00,0.9620
6925263,"K06788.01","FALSE POSITIVE",2.51989935,1.55,147.2,7.70,5646.00,0.8410
6927629,"K06789.01","FALSE POSITIVE",3.867613816,5.36467,340908,1379.10,5780.00,1.0460
6929016,"K06790.01","FALSE POSITIVE",0.733726452,2.309,114.6,13.80,5855.00,0.7970
6936977,"K06791.01","FALSE POSITIVE",36.473115046,2.91005,161926,1899.10,5452.00,0.7660
6939670,"K06792.01","FALSE POSITIVE",4.238855579,5.2235,68002,374.80,5655.00,0.8040
6947623,"K06793.01","CANDIDATE",3.62657392,1.791,98.5,10.70,5416.00,0.8000
6947837,"K06794.01","FALSE POSITIVE",1.17033848,11.56,17.3,13.40,8027.00,2.3140
6949550,"K06795.01","FALSE POSITIVE",7.841066931,5.47901,342094,3314.70,5973.00,0.8290
6950275,"K06796.01","FALSE POSITIVE",40.879068,6.562,499.2,12.20,6072.00,0.9230
6953219,"K06797.01","FALSE POSITIVE",0.566802325,1.842,288.4,70.30,5233.00,0.8240
6956176,"K06798.01","CANDIDATE",2.64185268,1.76,149.8,7.90,5195.00,2.9350
6962018,"K06799.01","FALSE POSITIVE",0.634946497,2.40541,426554,541.40,4446.00,0.7370
6965293,"K06800.01","FALSE POSITIVE",5.077746556,3.1718,18836.7,616.90,6174.00,1.2710
6967430,"K06801.01","FALSE POSITIVE",2.00383703,3.473,42.3,10.50,6045.00,1.0280
7009828,"K06802.01","FALSE POSITIVE",5.321224925,7.48973,98872.1,1203.40,5787.00,0.7580
7025851,"K06803.01","FALSE POSITIVE",2.340534383,4.43017,241360,881.50,6300.00,1.1360
7031132,"K06804.01","FALSE POSITIVE",0.566795196,2.18,14.8,13.10,5680.00,0.9080
7031732,"K06805.01","FALSE POSITIVE",0.566798827,3.662,34.9,21.90,5548.00,0.8890
7031767,"K06806.01","FALSE POSITIVE",0.56678012,3.257,27.6,13.50,5674.00,0.9110
7031948,"K06807.01","FALSE POSITIVE",0.566800113,3.315,104,18.10,3844.00,0.5260
7031992,"K06808.01","FALSE POSITIVE",0.56679293,3.814,101.1,22.10,5812.00,0.8530
7032117,"K06809.01","FALSE POSITIVE",0.566809491,3.156,69.5,21.00,4987.00,0.6540
7032174,"K06810.01","FALSE POSITIVE",0.566799218,4.227,18.2,19.20,6108.00,1.7530
7032383,"K06811.01","FALSE POSITIVE",0.566797404,4.109,69.4,18.80,5313.00,0.7840
7032968,"K06812.01","FALSE POSITIVE",0.56678702,3.074,7.5,11.20,6045.00,0.9990
7033713,"K06813.01","FALSE POSITIVE",2.19642864,4.933,99.5,11.80,5376.00,0.8060
7033748,"K06814.01","FALSE POSITIVE",2.19635512,9.65516,266552,2132.00,6438.00,1.2730
7049486,"K06815.01","FALSE POSITIVE",26.718417546,8.14155,72975.7,2173.10,5957.00,1.2860
7050754,"K06816.01","FALSE POSITIVE",0.615787196,3.067,110.6,23.90,6315.00,3.0750
7090801,"K06817.01","FALSE POSITIVE",548.08441,17.66,560,7.40,5780.00,1.0000
7097571,"K06818.01","FALSE POSITIVE",2.213964145,6.7598,123355,951.40,6256.00,1.5140
7103300,"K06819.01","CANDIDATE",3.226232203,0.4022,36.3,9.90,6534.00,1.4370
7105574,"K06820.01","FALSE POSITIVE",20.726069913,6.47393,118864,1216.80,6011.00,0.9020
7115200,"K06821.01","FALSE POSITIVE",0.566801447,2.352,16.2,13.80,5966.00,1.3490
7115332,"K06822.01","FALSE POSITIVE",0.566794934,4.399,68.9,21.70,6395.00,1.0490
7115463,"K06823.01","FALSE POSITIVE",0.566800287,3.487,73.9,23.30,6075.00,0.9690
7115597,"K06824.01","FALSE POSITIVE",0.566791946,2.77,125.7,14.10,5836.00,0.9700
7115878,"K06825.01","FALSE POSITIVE",0.566790294,3.641,64,22.60,6100.00,1.0930
7116043,"K06826.01","FALSE POSITIVE",0.566799725,4.097,46.7,12.50,5576.00,1.1320
7116226,"K06827.01","FALSE POSITIVE",0.566801325,4.176,92.1,26.40,6273.00,1.0210
7116236,"K06828.01","FALSE POSITIVE",0.566793818,4.929,100.3,18.30,5707.00,0.8280
7117513,"K06829.01","FALSE POSITIVE",0.566797474,2.708,98.8,12.30,6046.00,1.0070
7117541,"K06830.01","FALSE POSITIVE",1.585673651,3.20763,44116.4,717.50,6117.00,1.0250
7118545,"K06831.01","FALSE POSITIVE",14.797219157,7.61037,252699,7795.30,6343.00,0.9310
7125636,"K06832.01","FALSE POSITIVE",6.49066214,3.47128,195090,1680.00,4448.00,0.5630
7128918,"K06833.01","FALSE POSITIVE",7.11879848,4.11282,107665,1483.20,5578.00,0.7540
7132015,"K06834.01","FALSE POSITIVE",6.99510404,1.7556,71.8,6.30,3681.00,229.9080
7135549,"K06835.01","CANDIDATE",22.50053441,7.44,,,,
7137798,"K06836.01","FALSE POSITIVE",2.25353739,5.74622,182828,904.80,6951.00,1.6620
7177553,"K06837.01","FALSE POSITIVE",17.99646148,4.65638,62755.2,1951.80,5684.00,2.2490
7177892,"K06838.01","FALSE POSITIVE",1.386249249,2.99104,47187.6,560.00,6226.00,1.5940
7185487,"K06839.01","FALSE POSITIVE",0.53482911,0.996,704,9.80,3229.00,0.2010
7198648,"K06840.01","FALSE POSITIVE",0.566799833,5.543,198,54.00,5488.00,0.7890
7199935,"K06841.01","FALSE POSITIVE",0.566795728,2.79,18.9,12.40,6130.00,1.3930
7200102,"K06842.01","FALSE POSITIVE",14.665759784,3.65814,336981,1143.60,5385.00,1.0020
7200225,"K06843.01","FALSE POSITIVE",0.566780836,4.937,60.9,18.70,5949.00,0.9620
7200301,"K06844.01","FALSE POSITIVE",0.566791802,2.2,49.3,15.60,5691.00,0.8870
7203179,"K06845.01","FALSE POSITIVE",2.245738777,8.61629,483487,2121.80,6508.00,1.3120
7203194,"K06846.01","FALSE POSITIVE",2.24572117,3.88,48.2,13.60,6158.00,1.0260
7204073,"K06847.01","FALSE POSITIVE",0.566801906,1.626,89.7,27.00,4208.00,0.5830
7212722,"K06848.01","FALSE POSITIVE",2.316171991,4.03025,251484,2338.30,5932.00,0.7950
7217088,"K06849.01","CANDIDATE",12.54474243,1.24,263.1,10.80,5767.00,1.1590
7280953,"K06850.01","FALSE POSITIVE",0.56680208,1.22,,,,
7281217,"K06851.01","FALSE POSITIVE",0.566810701,6.19,200,45.90,5593.00,0.7520
7281229,"K06852.01","FALSE POSITIVE",0.566813319,3.752,129.1,17.00,6108.00,1.0300
7281356,"K06853.01","FALSE POSITIVE",2.83401711,5.938,84.2,11.50,6247.00,1.0020
7281399,"K06854.01","FALSE POSITIVE",0.566803996,3.399,141.6,23.40,4373.00,0.5440
7281410,"K06855.01","FALSE POSITIVE",0.56681118,2.06,,,,
7281616,"K06856.01","FALSE POSITIVE",0.566799927,4.71,145.1,28.90,5092.00,0.6450
7281699,"K06857.01","FALSE POSITIVE",0.566786121,3.404,81.8,14.00,5603.00,0.8460
7282008,"K06858.01","FALSE POSITIVE",0.56679797,4.503,72.6,14.00,5230.00,0.7770
7285616,"K06859.01","FALSE POSITIVE",0.566802891,1.861,49.2,14.40,6487.00,1.7480
7335514,"K06860.01","CANDIDATE",0.576732089,1.856,35.4,9.10,4524.00,0.7170
7336754,"K06861.01","FALSE POSITIVE",12.155241119,6.84353,85531.5,1767.80,5761.00,0.9320
7345335,"K06862.01","CANDIDATE",11.0495766,2.13,102.8,5.70,5533.00,0.8190
7350067,"K06863.01","CONFIRMED",4.48559215,0.8161,2265,15.00,3236.00,0.1930
7362534,"K06864.01","FALSE POSITIVE",0.566789763,4.008,25.4,15.40,5799.00,0.7580
7362632,"K06865.01","FALSE POSITIVE",0.566811926,4.181,82.6,22.50,6165.00,0.9420
7365447,"K06866.01","FALSE POSITIVE",2.525386934,3.71613,124878,1003.00,6826.00,1.2330
7366036,"K06867.01","FALSE POSITIVE",0.566801506,1.738,29.5,19.20,6398.00,1.1110
7366065,"K06868.01","FALSE POSITIVE",0.566803738,1.8481,100.6,33.10,6300.00,1.0570
7368103,"K06869.01","FALSE POSITIVE",2.182515126,6.8413,114931,861.60,8051.00,2.3470
7369523,"K06870.01","FALSE POSITIVE",2.659418888,6.98414,305233,5776.10,6156.00,0.9320
7376982,"K06871.01","FALSE POSITIVE",2.31610674,3.347,33.6,13.00,6025.00,1.1930
7381580,"K06872.01","CANDIDATE",13.5164708,2.628,140.1,7.10,5442.00,0.7470
7381695,"K06873.01","FALSE POSITIVE",0.948683571,1.676,150.9,13.80,5576.00,0.8520
7385387,"K06874.01","FALSE POSITIVE",1.65546056,3.52,125.1,12.40,5438.00,0.8200
7385478,"K06875.01","FALSE POSITIVE",1.655472351,5.09197,174198,823.80,6725.00,2.1710
7421876,"K06876.01","FALSE POSITIVE",4.50279037,6.72,,,,
7431665,"K06877.01","FALSE POSITIVE",281.509095,40.963,5948.7,182.50,4797.00,10.7090
7447895,"K06878.01","CANDIDATE",2.405625303,0.6283,163.5,12.00,5450.00,0.8300
7455553,"K06879.01","FALSE POSITIVE",3.258249472,2.6358,1643.5,202.00,6712.00,2.3610
7456521,"K06880.01","FALSE POSITIVE",552.8295063,16.0851,266298,942.60,5956.00,0.9290
7461314,"K06881.01","FALSE POSITIVE",0.773595312,0.781,93,13.20,5973.00,0.9350
7461521,"K06882.01","CANDIDATE",0.7735301,1.335,185.4,14.20,6296.00,1.3500
7499571,"K06883.01","FALSE POSITIVE",533.6593,12.81,533.5,7.80,5695.00,0.8390
7537660,"K06884.01","CANDIDATE",2.42186898,6.22,,,,
7541502,"K06885.01","FALSE POSITIVE",44.827323809,6.86103,237120,4484.50,5160.00,3.2790
7541746,"K06886.01","FALSE POSITIVE",4.1747072,11.13,,,,
7584778,"K06887.01","FALSE POSITIVE",0.622303871,1.84,80.9,9.90,5672.00,0.8530
7588436,"K06888.01","FALSE POSITIVE",23.3924063,3.416,62.3,8.10,6221.00,1.0500
7592529,"K06889.01","CANDIDATE",75.906736,11.64,26.9,9.20,6140.00,1.2060
7592922,"K06890.01","CANDIDATE",2.15888911,1.791,102.4,9.90,5269.00,0.7130
7597703,"K06891.01","FALSE POSITIVE",4.608901433,8.73393,378548,2624.60,5938.00,0.7550
7602351,"K06892.01","CANDIDATE",17.5806026,4.17,138.8,8.40,5839.00,1.3580
7605600,"K06893.01","FALSE POSITIVE",3.326193904,2.08375,178470,502.00,3520.00,0.3490
7622072,"K06894.01","FALSE POSITIVE",6.373454978,3.9377,6084.6,258.10,5953.00,1.2540
7630658,"K06895.01","FALSE POSITIVE",1.075577069,4.11779,140584,1589.60,6011.00,1.2670
7631194,"K06896.01","FALSE POSITIVE",0.811390968,1.0114,139.9,19.20,4994.00,12.4870
7662209,"K06897.01","FALSE POSITIVE",14.6494599,2.883,221,7.40,5017.00,0.6880
7663804,"K06898.01","FALSE POSITIVE",321.00742,13.01,307.1,11.10,5258.00,2.0040
7668648,"K06899.01","FALSE POSITIVE",27.81892382,8.3777,238224,156.80,6126.00,0.9150
7670485,"K06900.01","FALSE POSITIVE",8.467706136,4.05376,77323.6,976.00,5873.00,0.8430
7670617,"K06901.01","FALSE POSITIVE",24.70361995,6.9719,217538,268.70,5030.00,0.6500
7671594,"K06902.01","FALSE POSITIVE",0.705174384,1.11196,375227,222.80,3354.00,0.2500
7677005,"K06903.01","FALSE POSITIVE",38.058140058,8.82403,308873,3602.00,6894.00,1.4190
7687365,"K06904.01","CANDIDATE",26.1556767,1.542,295,7.00,5204.00,0.7600
7691527,"K06905.01","FALSE POSITIVE",4.800232532,3.57105,277001,893.60,5591.00,0.7560
7695445,"K06906.01","FALSE POSITIVE",1.74336627,10.405,451,20.80,6640.00,1.4780
7700500,"K06907.01","CANDIDATE",4.60687717,2.295,258.7,7.50,5110.00,0.7110
7700578,"K06908.01","FALSE POSITIVE",1.507100589,5.8097,497657,711.80,6919.00,1.7480
7707736,"K06909.01","FALSE POSITIVE",0.758355704,4.4135,9568.3,153.30,5629.00,0.7830
7733540,"K06910.01","FALSE POSITIVE",0.77258608,2.7,,,,
7741048,"K06911.01","FALSE POSITIVE",0.843400322,1.7606,43.7,23.80,5982.00,0.9600
7751562,"K06912.01","FALSE POSITIVE",17.042155208,7.80412,55165,2046.20,6197.00,1.0350
7755741,"K06913.01","FALSE POSITIVE",0.874236216,2.352,58.4,11.10,10894.00,4.3780
7755741,"K06913.02","CANDIDATE",1.75173647,5.122,68.4,10.20,10894.00,4.3780
7769072,"K06914.01","FALSE POSITIVE",0.60886299,1.27896,2019.5,457.80,5022.00,4.1670
7769815,"K06915.01","FALSE POSITIVE",4.43529675,2.117,181.9,9.60,5659.00,0.8420
7777365,"K06916.01","FALSE POSITIVE",0.88512187,3.349,136,9.90,5392.00,0.8190
7798259,"K06917.01","FALSE POSITIVE",1.734221252,2.4577,289817,542.20,4765.00,0.7020
7811211,"K06918.01","CANDIDATE",0.902403563,1.7129,4759.5,220.30,5776.00,0.7550
7812893,"K06919.01","CANDIDATE",8.7998722,1.153,270.3,7.40,4298.00,0.6750
7816680,"K06920.01","FALSE POSITIVE",4.292599454,4.73293,140032,1329.60,6467.00,1.1740
7816935,"K06921.01","CANDIDATE",6.87778029,3.199,124,10.10,6274.00,1.0620
7838639,"K06922.01","FALSE POSITIVE",2.113197701,3.46341,57315.5,1048.10,6215.00,1.4630
7846730,"K06923.01","FALSE POSITIVE",11.02822674,8.275,278035,4680.20,6271.00,1.3870
7847927,"K06924.01","FALSE POSITIVE",70.37626987,6.4205,116050,759.70,5458.00,0.7550
7868967,"K06925.01","CANDIDATE",12.9489256,2.162,331,7.20,3867.00,0.5250
7870250,"K06926.01","FALSE POSITIVE",0.580724809,1.82,64.2,16.90,5989.00,0.9330
7871395,"K06927.01","FALSE POSITIVE",501.07647447,3.21,,,,
7885518,"K06928.01","FALSE POSITIVE",1.72933255,3.631,29.7,17.10,5921.00,1.2110
7885570,"K06929.01","FALSE POSITIVE",1.729338354,6.8524,140158,379.70,5587.00,2.5530
7886329,"K06930.01","FALSE POSITIVE",0.567493852,1.35349,7984,1219.80,6370.00,1.5480
7902204,"K06931.01","CANDIDATE",2.54031121,1.83,173.3,10.10,5778.00,0.9110
7919653,"K06932.01","FALSE POSITIVE",2.105238039,5.23595,94675,1071.90,5947.00,1.8850
7938468,"K06933.01","FALSE POSITIVE",7.226944171,23.0124,682175,3076.60,6270.00,1.3600
7939761,"K06934.01","CANDIDATE",22.2548897,13.454,83.8,11.80,5349.00,2.3880
7943535,"K06935.01","FALSE POSITIVE",4.719336335,2.83787,12367.1,632.40,6792.00,2.0580
7947631,"K06936.01","FALSE POSITIVE",1.258274109,1.92467,14159.9,669.10,4937.00,0.5870
7950775,"K06937.01","FALSE POSITIVE",8.966610607,4.01883,59618.5,2049.10,6480.00,1.1320
7955301,"K06938.01","FALSE POSITIVE",15.32763411,6.0662,17749,117.00,4830.00,6.7840
7960295,"K06939.01","FALSE POSITIVE",2.10413487,4.2269,321239,86.40,5780.00,1.0000
7960547,"K06940.01","FALSE POSITIVE",6.767341062,4.49213,244952,3356.80,5926.00,0.8430
7967100,"K06941.01","FALSE POSITIVE",1.92730001,18.812,6177.1,351.10,6057.00,1.1100
7970629,"K06942.01","FALSE POSITIVE",1.025534511,3.52048,110948,3769.00,6267.00,0.9190
7970760,"K06943.01","FALSE POSITIVE",7.64941291,6.56935,236246,9054.70,6387.00,1.0760
7971389,"K06944.01","FALSE POSITIVE",13.174807933,3.37392,71070.9,1812.60,6067.00,0.9970
7976136,"K06945.01","FALSE POSITIVE",0.655094658,6.159,372,59.50,6063.00,1.0120
7976435,"K06946.01","FALSE POSITIVE",3.33287187,7.13,,,,
7985167,"K06947.01","FALSE POSITIVE",0.692239369,2.91121,62962,469.20,6163.00,1.3580
7987749,"K06948.01","FALSE POSITIVE",17.030857558,4.24308,77832.4,1947.80,5575.00,1.4230
8007675,"K06949.01","CANDIDATE",2.352446342,1.6802,32.5,7.20,6749.00,2.0030
8008128,"K06950.01","FALSE POSITIVE",14.854415674,5.13753,77410.4,2822.10,6214.00,1.0220
8009500,"K06951.01","FALSE POSITIVE",38.47674409,5.10744,173168,3487.80,5294.00,0.7900
8013289,"K06952.01","FALSE POSITIVE",10.643110689,88.1118,316.3,153.70,5930.00,1.4730
8016214,"K06953.01","FALSE POSITIVE",1.587485742,7.7489,246568,996.80,5863.00,0.8210
8016692,"K06954.01","CANDIDATE",6.613671,4.211,32.8,10.20,6056.00,1.5970
8027902,"K06955.01","FALSE POSITIVE",1.79621807,10.16,47,42.00,7117.00,2.0900
8039925,"K06956.01","FALSE POSITIVE",20.2594232,19.27,82.6,23.70,6602.00,1.2690
8042644,"K06957.01","CANDIDATE",1.48062814,2.898,62.5,10.30,6187.00,0.9370
8081389,"K06958.01","FALSE POSITIVE",1.489442254,5.51392,417901,2309.20,6962.00,1.6200
8088354,"K06959.01","FALSE POSITIVE",2.897829967,3.17788,163091,1305.80,6318.00,1.0770
8091197,"K06960.01","CANDIDATE",4.88698386,1.127,125.4,10.10,6152.00,1.0090
8094140,"K06961.01","FALSE POSITIVE",0.706428634,1.75182,372128,1066.70,4429.00,0.7360
8094221,"K06962.01","FALSE POSITIVE",10.8632531,37.68,188.2,25.40,5896.00,0.9140
8097825,"K06963.01","FALSE POSITIVE",1.46842648,6.6666,150998,622.80,5539.00,0.9590
8098300,"K06964.01","FALSE POSITIVE",4.305917719,5.61993,361389,6104.80,6502.00,1.0370
8098515,"K06965.01","FALSE POSITIVE",1.28659726,3.53,,,,
8098960,"K06966.01","CANDIDATE",8.47484677,2.067,217.8,9.70,5564.00,0.7850
8104436,"K06967.01","FALSE POSITIVE",2.535389624,2.902,418.1,27.30,5488.00,0.7060
8111622,"K06968.01","FALSE POSITIVE",15.44605962,4.5963,330907,2025.20,5838.00,0.8970
8112013,"K06969.01","FALSE POSITIVE",1.790518325,3.34624,61541.9,2493.30,6586.00,1.2190
8115647,"K06970.01","CANDIDATE",40.7698541,2.997,239.8,8.80,5884.00,1.2100
8120820,"K06971.01","CANDIDATE",129.222771,7.272,445.3,12.00,4934.00,0.8090
8123170,"K06972.01","FALSE POSITIVE",1.03905082,3.035,43.8,9.90,6558.00,1.2800
8123937,"K06973.01","FALSE POSITIVE",0.503201954,0.167,43,8.00,6157.00,2.3060
8128965,"K06974.01","FALSE POSITIVE",7.140373046,7.07032,205256,3250.00,5945.00,1.3330
8129189,"K06975.01","FALSE POSITIVE",53.647084859,19.9499,219095,3272.40,5261.00,2.9430
8143170,"K06976.01","FALSE POSITIVE",28.787257509,13.953,49618.4,1292.00,5154.00,3.9810
8145789,"K06977.01","FALSE POSITIVE",0.835315046,2.45449,16876.4,939.50,5009.00,0.6900
8145958,"K06978.01","CANDIDATE",3.07551068,1.683,46.1,10.10,5763.00,1.2420
8155584,"K06979.01","FALSE POSITIVE",26.0164225,4.1768,41109,285.40,6287.00,1.2800
8155654,"K06980.01","CANDIDATE",6.29340543,3.024,96.4,8.70,6214.00,1.0760
8158324,"K06981.01","FALSE POSITIVE",593.19521,25.65,227.3,7.10,6103.00,1.0300
8162376,"K06982.01","FALSE POSITIVE",0.706430188,1.301,50.8,11.00,5037.00,0.5680
8167504,"K06983.01","CANDIDATE",7.7021729,3.987,74.6,9.50,5618.00,0.9690
8178616,"K06984.01","FALSE POSITIVE",1.01884975,3.233,30.9,14.80,6068.00,0.8290
8180290,"K06985.01","CANDIDATE",10.9279755,2.486,71.5,7.30,6045.00,0.9550
8183389,"K06986.01","FALSE POSITIVE",32.440339204,4.50984,287602,2177.00,5081.00,0.6960
8192861,"K06987.01","FALSE POSITIVE",0.552141897,4.985,105.6,42.80,5952.00,0.9040
8193315,"K06988.01","FALSE POSITIVE",2.62387291,4.61248,232468,2607.60,6728.00,1.4600
8195877,"K06989.01","FALSE POSITIVE",0.75509861,2.6423,60334,385.40,6038.00,1.2130
8196180,"K06990.01","FALSE POSITIVE",3.671661096,4.29947,129243,3152.60,7343.00,1.9400
8210721,"K06991.01","FALSE POSITIVE",22.673145675,6.6324,65410.8,912.00,5619.00,1.1530
8211521,"K06992.01","FALSE POSITIVE",1.69421771,4.161,91.1,15.00,5402.00,0.7170
8227086,"K06993.01","CANDIDATE",13.8086331,3.613,207.1,9.00,5515.00,0.7610
8227464,"K06994.01","CANDIDATE",4.25907841,4.513,28.1,11.50,5560.00,1.3160
8229048,"K06995.01","FALSE POSITIVE",2.739477089,3.18229,32096.1,593.60,6469.00,1.0560
8231877,"K06996.01","FALSE POSITIVE",1.307761491,2.22271,13941,531.50,5112.00,0.6730
8234477,"K06997.01","FALSE POSITIVE",4.028671454,8.12253,113967,2152.80,6327.00,1.5280
8240109,"K06998.01","FALSE POSITIVE",2.30118753,7.8216,87537,404.80,7970.00,2.6520
8240861,"K06999.01","FALSE POSITIVE",0.449249224,4.7565,419437,1194.90,6338.00,1.2990
8243263,"K07000.01","FALSE POSITIVE",1.759276227,3.19585,32091.2,2857.70,6656.00,1.2320
8244295,"K07001.01","FALSE POSITIVE",1.09206792,1.646,105.9,7.70,4856.00,0.7280
8248103,"K07002.01","CANDIDATE",4.83014159,0.957,192,11.70,5693.00,0.9390
8256882,"K07003.01","CANDIDATE",2.41194057,1.787,67.3,10.60,5598.00,1.5940
8262223,"K07004.01","FALSE POSITIVE",1.613014741,4.39594,152120,1096.10,7832.00,2.7790
8265520,"K07005.01","FALSE POSITIVE",6.2089181,2.292,1664,8.40,5548.00,2.1130
8265990,"K07006.01","FALSE POSITIVE",0.77996263,3.369,25.7,9.70,6002.00,1.6290
8283875,"K07007.01","CANDIDATE",0.800263219,0.729,170.5,13.20,4336.00,0.5900
8285254,"K07008.01","FALSE POSITIVE",7.535894184,8.3059,172126,1446.70,4969.00,0.5370
8285970,"K07009.01","FALSE POSITIVE",0.562498925,0.6743,420.1,44.10,5638.00,0.9330
8288719,"K07010.01","FALSE POSITIVE",0.755049082,2.09643,26067.9,683.70,5242.00,0.6220
8294484,"K07011.01","FALSE POSITIVE",1.012694226,3.6017,108504,185.10,6487.00,1.2330
8296467,"K07012.01","FALSE POSITIVE",10.303356001,5.98633,520067,2039.10,5497.00,0.9000
8301013,"K07013.01","FALSE POSITIVE",2.214029545,5.64264,349110,2680.50,6604.00,1.5260
8302455,"K07014.01","FALSE POSITIVE",2.441988077,3.94526,95343.5,1174.50,6078.00,2.0590
8302473,"K07015.01","FALSE POSITIVE",2.44200193,3.146,128.6,9.60,5587.00,0.8510
8311864,"K07016.01","CONFIRMED",384.847556,9.969,189.9,12.30,5579.00,0.7980
8312222,"K07017.01","FALSE POSITIVE",12.823275455,5.32062,121991,2541.70,5973.00,0.8260
8314801,"K07018.01","FALSE POSITIVE",37.183276326,14.0996,221205,2648.40,5657.00,1.1680
8316503,"K07019.01","FALSE POSITIVE",5.065329723,4.90392,155614,5497.00,6350.00,1.2860
8330575,"K07020.01","FALSE POSITIVE",0.957079167,3.85011,48673.6,3062.60,6367.00,1.4680
8345358,"K07021.01","FALSE POSITIVE",9.380632783,4.295,65832.8,1053.10,5926.00,0.9130
8358008,"K07022.01","FALSE POSITIVE",10.064687893,3.59854,10088,585.40,5185.00,0.7050
8362974,"K07023.01","CANDIDATE",2.71772323,3.22,70.3,9.30,5135.00,0.8740
8364119,"K07024.01","FALSE POSITIVE",7.73591011,5.01919,315131,3786.70,5623.00,0.7630
8367298,"K07025.01","FALSE POSITIVE",5.1348689,48.69,115.8,36.10,5515.00,1.0010
8374499,"K07026.01","FALSE POSITIVE",5.251918489,5.59653,296478,6979.70,6099.00,0.9190
8378656,"K07027.01","FALSE POSITIVE",3.62944008,5.94104,130083,5131.40,6284.00,1.0930
8378922,"K07028.01","FALSE POSITIVE",43.263305017,10.0915,359086,2415.60,5623.00,0.9170
8379547,"K07029.01","FALSE POSITIVE",6.042029838,8.0666,132864,312.50,5030.00,0.5870
8381592,"K07030.01","FALSE POSITIVE",2.892087553,3.16757,71631,563.90,5622.00,0.9240
8382339,"K07031.01","FALSE POSITIVE",5.40597608,2.79,461,23.50,4840.00,15.3550
8394475,"K07032.01","CANDIDATE",3.64049242,1.194,42.1,9.50,5745.00,0.9360
8398290,"K07033.01","FALSE POSITIVE",0.510804497,2.539,42.7,15.40,6596.00,2.1760
8411947,"K07034.01","FALSE POSITIVE",0.898837525,3.5342,399778,445.60,5284.00,0.8070
8414159,"K07035.01","FALSE POSITIVE",11.931131598,5.56983,300506,5606.70,6089.00,0.9590
8414216,"K07036.01","FALSE POSITIVE",11.93137992,3.639,122.1,14.70,3787.00,0.5050
8415863,"K07037.01","FALSE POSITIVE",27.533803402,3.96227,48152.7,5446.90,5925.00,1.6110
8423903,"K07038.01","FALSE POSITIVE",12.4964346,84.32,271.7,141.50,6821.00,2.7300
8429450,"K07039.01","FALSE POSITIVE",1.352576807,5.49531,317484,1365.10,6881.00,2.4060
8442795,"K07040.01","CANDIDATE",502.20642,9.39,447.9,7.10,6018.00,0.7330
8443812,"K07041.01","CANDIDATE",8.3613732,3.649,104.7,9.50,5470.00,0.7770
8445775,"K07042.01","FALSE POSITIVE",13.254134073,4.34991,44979.8,2281.00,6175.00,1.4360
8453191,"K07043.01","FALSE POSITIVE",5.776764285,6.99715,153902,3033.40,6263.00,2.0720
8453324,"K07044.01","FALSE POSITIVE",1.26227317,3.30141,7342.5,1159.90,4927.00,9.3560
8479107,"K07045.01","FALSE POSITIVE",0.76757669,2.04757,157612,431.30,5182.00,0.6270
8479386,"K07046.01","FALSE POSITIVE",5.860377067,10.4634,361615,3044.10,6267.00,1.1580
8488876,"K07047.01","FALSE POSITIVE",5.801881299,4.21133,34469.8,3642.00,7259.00,3.0090
8504570,"K07048.01","FALSE POSITIVE",4.00770453,5.50884,168776,1753.50,7162.00,1.6310
8509346,"K07049.01","FALSE POSITIVE",6.099032889,4.82208,55374.3,2884.00,6356.00,1.1410
8517433,"K07050.01","FALSE POSITIVE",0.652956712,0.627,50,12.70,5812.00,1.0550
8526387,"K07051.01","FALSE POSITIVE",0.772803664,1.368,290.2,8.50,4535.00,0.6680
8543278,"K07052.01","FALSE POSITIVE",7.549299761,2.46338,44575.7,907.20,5085.00,0.6340
8552500,"K07053.01","FALSE POSITIVE",0.530972263,3.653,48.6,12.10,6185.00,0.9910
8552540,"K07054.01","FALSE POSITIVE",0.530967171,3.8102,378394,671.90,5951.00,0.9910
8553788,"K07055.01","FALSE POSITIVE",1.606163631,4.92516,144603,1662.00,8027.00,2.3140
8553907,"K07056.01","FALSE POSITIVE",42.032096076,11.6768,391261,2164.40,6618.00,1.1170
8559796,"K07057.01","FALSE POSITIVE",0.619303759,6.6038,74.5,3.50,7138.00,1.6840
8559863,"K07058.01","FALSE POSITIVE",22.470494368,7.39097,45979,2393.20,5315.00,0.6970
8560861,"K07059.01","FALSE POSITIVE",31.973311701,13.2105,75053.7,1554.10,7854.00,3.4620
8565900,"K07060.01","FALSE POSITIVE",1.64125844,4.51,,,,
8566113,"K07061.01","CANDIDATE",1.371587993,12.901,456.1,43.30,7045.00,1.6040
8569819,"K07062.01","FALSE POSITIVE",20.849919614,13.7687,313094,1614.70,7355.00,1.9840
8574270,"K07063.01","FALSE POSITIVE",15.120212531,3.50007,24616.5,928.20,5232.00,0.7250
8581658,"K07064.01","FALSE POSITIVE",3.481657589,4.75315,347012,7428.70,6225.00,1.2910
8590527,"K07065.01","FALSE POSITIVE",0.739769962,1.95901,20729.3,726.20,6465.00,1.8470
8604993,"K07066.01","FALSE POSITIVE",6.570421193,4.4698,60118,712.60,5812.00,0.9080
8608490,"K07067.01","FALSE POSITIVE",0.541405029,2.7481,327656,541.20,5096.00,1.7820
8610483,"K07068.01","FALSE POSITIVE",48.79936881,8.80873,324547,1151.60,6170.00,0.9920
8613446,"K07069.01","CANDIDATE",1.01485981,1.65,243,8.40,6158.00,1.0240
8618226,"K07070.01","FALSE POSITIVE",5.882036054,5.16326,238518,2168.40,5837.00,1.1870
8621026,"K07071.01","FALSE POSITIVE",4.059428737,5.26926,245217,5461.00,6610.00,1.3300
8624860,"K07072.01","CANDIDATE",15.3902613,3.431,76.8,9.40,5649.00,4.9940
8625408,"K07073.01","CANDIDATE",279.036565,31.92,395.2,31.70,6072.00,1.2730
8686442,"K07074.01","CANDIDATE",26.8552365,2.185,194.2,6.70,6045.00,0.9550
8690001,"K07075.01","FALSE POSITIVE",19.35954117,12.8464,386979,3590.20,6198.00,1.5670
8693536,"K07076.01","CANDIDATE",16.2347636,4.2,115.5,10.70,6478.00,1.1880
8700506,"K07077.01","FALSE POSITIVE",43.797829003,7.70289,415020,1375.10,6860.00,1.2920
8701327,"K07078.01","FALSE POSITIVE",4.254417651,6.55436,294547,2074.50,6292.00,1.2350
8711548,"K07079.01","FALSE POSITIVE",18.778162159,8.1018,488408,3788.70,6794.00,1.7100
8713828,"K07080.01","FALSE POSITIVE",1.25451792,2.64,,,,
8719897,"K07081.01","FALSE POSITIVE",1.575710265,6.83787,173954,1975.10,5017.00,4.2930
8736245,"K07082.01","FALSE POSITIVE",2.534740757,4.85013,364349,675.70,5810.00,0.7810
8738115,"K07083.01","FALSE POSITIVE",37.59406667,8.9943,28617.7,485.80,5941.00,0.9170
8739209,"K07084.01","FALSE POSITIVE",3.6972959,21.335,19.7,23.60,6313.00,1.5940
8746310,"K07085.01","FALSE POSITIVE",6.855624762,3.02199,70873,1397.70,6109.00,0.9310
8750094,"K07086.01","FALSE POSITIVE",1.12679793,12.079,227.2,21.10,5662.00,0.8400
8758161,"K07087.01","FALSE POSITIVE",0.998217563,3.90851,87567.2,3979.10,6980.00,1.7550
8760760,"K07088.01","CANDIDATE",2.68814059,1.12,145.2,9.10,5636.00,0.7340
8767034,"K07089.01","FALSE POSITIVE",0.58640848,2.616,61.3,23.60,4556.00,0.6150
8773948,"K07090.01","FALSE POSITIVE",33.46947449,11.8874,164608,1255.20,5934.00,3.0750
8784288,"K07091.01","FALSE POSITIVE",1.827558898,4.72808,314683,920.80,5977.00,2.0770
8804358,"K07092.01","FALSE POSITIVE",62.519211,2.523,277.6,6.70,6343.00,1.1370
8807057,"K07093.01","CANDIDATE",97.991569,4.665,126.8,9.00,6499.00,1.1690
8815279,"K07094.01","CANDIDATE",13.56092626,2.53,,,,
8822585,"K07095.01","FALSE POSITIVE",1.627538928,5.583,39,29.90,6854.00,2.0880
8823397,"K07096.01","FALSE POSITIVE",1.506503686,5.02151,477104,3289.10,8751.00,2.3520
8841616,"K07097.01","FALSE POSITIVE",1.679585725,7.34648,101786,1884.30,4462.00,0.5540
8845221,"K07098.01","FALSE POSITIVE",5.40346248,7.6494,261346,2851.30,6350.00,1.9840
8845552,"K07099.01","CANDIDATE",34.0357766,3.849,386.6,9.60,4367.00,0.5010
8848104,"K07100.01","FALSE POSITIVE",0.824851807,1.93637,30099.2,642.20,5658.00,1.6540
8848115,"K07101.01","FALSE POSITIVE",0.82484293,1.383,618.6,10.00,4148.00,41.4240
8868657,"K07102.01","FALSE POSITIVE",4.4473549,18.99,203.6,25.90,5531.00,0.7640
8878681,"K07103.01","FALSE POSITIVE",2.496328637,2.73115,20527,1412.40,6757.00,2.6150
8879427,"K07104.01","FALSE POSITIVE",16.31328124,4.45731,71589,982.30,6008.00,1.0060
8879915,"K07105.01","FALSE POSITIVE",1.721313779,3.54768,534625,742.80,5960.00,1.0730
8881169,"K07106.01","CANDIDATE",5.01880305,1.823,98.7,10.30,6220.00,1.0830
8890996,"K07107.01","FALSE POSITIVE",1.50650745,2.622,27.8,14.40,6839.00,2.0200
8906676,"K07108.01","FALSE POSITIVE",8.209514329,4.14104,141387,6579.30,6258.00,2.1110
8938628,"K07109.01","FALSE POSITIVE",3.431126546,2.7986,40248,308.50,5815.00,0.9690
8940961,"K07110.01","FALSE POSITIVE",1.583334941,4.4854,177074,368.80,5846.00,0.9530
8953278,"K07111.01","CANDIDATE",23.59919017,2.05,,,,
8953281,"K07112.01","FALSE POSITIVE",0.78430061,2.952,254.7,20.50,5176.00,0.6810
8953426,"K07113.01","FALSE POSITIVE",2.665875491,7.59461,161389,2274.70,6234.00,1.1590
8953475,"K07114.01","FALSE POSITIVE",2.6658312,5.771,40.8,12.40,6276.00,1.3530
8957572,"K07115.01","FALSE POSITIVE",1.5765874,15.18,29.2,27.90,6742.00,3.1380
8958811,"K07116.01","CANDIDATE",2.52557582,2.32,35.4,10.70,5821.00,1.0360
8958939,"K07117.01","CANDIDATE",8.2927558,4.784,103.3,8.40,6146.00,0.9430
8958939,"K07117.02","CANDIDATE",22.786522,2.197,228.3,7.90,6146.00,0.9430
8973000,"K07118.01","FALSE POSITIVE",28.027891356,17.3269,243231,2829.00,5231.00,0.5440
8977176,"K07119.01","FALSE POSITIVE",0.50948306,3.14,74.6,8.00,6344.00,1.3900
9001468,"K07120.01","FALSE POSITIVE",17.329965871,8.43812,252721,1938.70,5079.00,0.6830
9005854,"K07121.01","FALSE POSITIVE",1.890227354,3.855,112262,252.00,5356.00,0.7800
9007918,"K07122.01","FALSE POSITIVE",1.387206724,3.82527,151432,1752.60,7207.00,1.8940
9007953,"K07123.01","FALSE POSITIVE",1.38718209,2.595,45.5,7.20,6122.00,0.9960
9024857,"K07124.01","FALSE POSITIVE",35.026564845,2.90121,120249,1607.20,5546.00,0.8100
9024857,"K07124.02","FALSE POSITIVE",379.11996,7.22,1107.7,9.20,5546.00,0.8100
9025739,"K07125.01","CANDIDATE",7.918267,3.478,83.7,8.40,5966.00,1.0160
9029486,"K07126.01","FALSE POSITIVE",3.138580493,4.16343,233337,2387.80,5593.00,1.0830
9049010,"K07127.01","FALSE POSITIVE",0.687004402,3.829,93.7,45.00,6240.00,2.8030
9083503,"K07128.01","FALSE POSITIVE",0.91839938,4.479,152.1,16.80,5222.00,0.7950
9085039,"K07129.01","CANDIDATE",64.1983721,0.934,248.2,6.80,6088.00,1.0770
9093566,"K07130.01","FALSE POSITIVE",0.94356284,5.721,13.4,16.00,7693.00,1.9840
9098590,"K07131.01","FALSE POSITIVE",2.243569483,4.14769,66328.2,1107.70,6081.00,0.8010
9098810,"K07132.01","FALSE POSITIVE",8.258181993,3.9122,311858,2981.60,5306.00,0.8880
9099773,"K07133.01","CANDIDATE",82.78482,7.52,190.4,8.40,5749.00,1.4800
9101208,"K07134.01","FALSE POSITIVE",1.81139053,8.64,77.5,12.50,5941.00,0.9110
9119405,"K07135.01","FALSE POSITIVE",18.646323091,8.853,231000,2895.80,5786.00,3.4780
9150870,"K07136.01","CANDIDATE",441.17369,14.82,702,11.50,5610.00,0.8580
9156957,"K07137.01","FALSE POSITIVE",3.6673005,3.373,144.9,9.10,3823.00,0.5190
9159301,"K07138.01","FALSE POSITIVE",3.044771557,11.0593,487818,3684.90,8199.00,3.1630
9163674,"K07139.01","FALSE POSITIVE",0.773144492,4.05643,215961,2947.80,6413.00,1.9100
9164788,"K07140.01","FALSE POSITIVE",2.66811113,22.49,48.3,32.50,6593.00,1.5610
9172506,"K07141.01","FALSE POSITIVE",50.440285363,12.2001,85309.1,2499.70,6225.00,1.6460
9179531,"K07142.01","FALSE POSITIVE",3.255385289,5.9498,158913,840.70,5806.00,0.9750
9181340,"K07143.01","FALSE POSITIVE",2.131225773,5.4932,2337.1,215.60,6181.00,1.0280
9203154,"K07144.01","CANDIDATE",0.839907158,1.019,119.6,10.70,5120.00,0.8530
9205993,"K07145.01","FALSE POSITIVE",1.219736039,4.89465,611523,1037.20,7358.00,1.6370
9207508,"K07146.01","FALSE POSITIVE",2.015152464,8.17997,561687,4129.60,6988.00,1.6490
9210828,"K07147.01","FALSE POSITIVE",0.82820657,2.70353,118533,548.30,5033.00,0.6550
9221627,"K07148.01","CANDIDATE",1.7613778,1.355,359.3,10.50,6544.00,1.2070
9236858,"K07149.01","FALSE POSITIVE",2.537081943,4.80903,245319,2434.80,6735.00,1.3090
9243795,"K07150.01","FALSE POSITIVE",14.443127448,8.33598,41685.3,2186.00,5757.00,2.7360
9266285,"K07151.01","FALSE POSITIVE",5.61386908,5.07753,57385.6,1253.60,4504.00,0.7090
9278021,"K07152.01","FALSE POSITIVE",3.359470825,2.14715,2707.8,504.10,6587.00,3.5140
9284741,"K07153.01","FALSE POSITIVE",20.729255112,7.53677,341973,2957.70,5256.00,0.8020
9286728,"K07154.01","FALSE POSITIVE",3.04459739,7.638,66.1,18.20,5525.00,0.7530
9291368,"K07155.01","FALSE POSITIVE",3.796448299,11.5917,522879,1487.20,8117.00,3.0700
9291368,"K07155.02","FALSE POSITIVE",3.79654367,11.4071,70781,283.70,8117.00,3.0700
9291748,"K07156.01","FALSE POSITIVE",15.926990634,11.5142,394232,3458.30,5191.00,0.6500
9301564,"K07157.01","CANDIDATE",23.9830523,8.77,83.2,11.30,5696.00,1.2920
9304561,"K07158.01","FALSE POSITIVE",1.219049953,1.477,53.5,10.10,5742.00,3.3740
9328852,"K07159.01","FALSE POSITIVE",0.64585177,1.97644,308504,808.30,4399.00,0.4630
9328864,"K07160.01","FALSE POSITIVE",0.645850521,1.2082,54.9,16.80,5381.00,0.9110
9334490,"K07161.01","FALSE POSITIVE",18.84497113,4.9442,4143.4,79.80,5220.00,0.6950
9340411,"K07162.01","CANDIDATE",5.1581317,7.773,37.9,13.00,5155.00,3.3550
9344623,"K07163.01","FALSE POSITIVE",14.759477667,9.7746,357470,3813.50,6522.00,1.1050
9353182,"K07164.01","FALSE POSITIVE",10.476258265,7.77203,120206,8251.50,6109.00,1.5360
9357275,"K07165.01","FALSE POSITIVE",1.588298157,4.37027,165034,1071.60,7742.00,2.0940
9357375,"K07166.01","FALSE POSITIVE",1.58826263,2.655,78.9,8.50,3931.00,0.5440
9392702,"K07167.01","FALSE POSITIVE",3.909314318,5.36124,97123.4,1587.60,6425.00,1.1430
9394920,"K07168.01","FALSE POSITIVE",1.38385822,1,,,,
9397900,"K07169.01","CANDIDATE",10.5113779,4.74,29.9,8.80,6575.00,1.3050
9411943,"K07170.01","FALSE POSITIVE",1.922009494,3.101,6547.8,284.40,5880.00,1.0870
9412462,"K07171.01","FALSE POSITIVE",10.186578749,10.6304,340671,5867.80,5557.00,0.9160
9418994,"K07172.01","FALSE POSITIVE",32.003815635,4.31197,17120.2,711.40,5260.00,4.0620
9451096,"K07173.01","FALSE POSITIVE",1.250390814,3.7184,231167,2046.80,6297.00,1.6630
9458266,"K07174.01","CANDIDATE",1.58487898,1.791,42.9,9.30,4201.00,0.5660
9466042,"K07175.01","FALSE POSITIVE",9.2742685,13.39,,,,
9468296,"K07176.01","FALSE POSITIVE",5.748815953,1.9216,11657,43.30,4961.00,0.7530
9474222,"K07177.01","FALSE POSITIVE",13.691790011,5.64674,97563.5,8326.30,6295.00,1.5540
9474969,"K07178.01","FALSE POSITIVE",21.570508432,13.8604,134176,8616.10,6322.00,1.6920
9480398,"K07179.01","CANDIDATE",407.14656,23.26,82.3,8.20,5845.00,1.1980
9490342,"K07180.01","CANDIDATE",487.83894,32.77,453.3,8.80,5421.00,1.8770
9509207,"K07181.01","FALSE POSITIVE",14.199840087,5.98531,214604,1408.60,5864.00,1.4140
9513168,"K07182.01","CANDIDATE",6.853888,2.561,653.8,8.20,4199.00,0.6840
9520700,"K07183.01","FALSE POSITIVE",2.136834989,4.34882,346183,644.70,5753.00,0.9890
9529294,"K07184.01","FALSE POSITIVE",2.51690133,2.521,59.6,10.00,5403.00,1.2840
9529856,"K07185.01","FALSE POSITIVE",37.482223878,4.81451,28976.8,1262.30,6422.00,2.4150
9536048,"K07186.01","FALSE POSITIVE",3.71186243,1.032,53.9,7.00,6302.00,1.2580
9540450,"K07187.01","FALSE POSITIVE",1.077358008,3.6713,311051,537.40,6100.00,1.0640
9540675,"K07188.01","FALSE POSITIVE",3.55643514,8.529,45.8,13.40,5831.00,1.1090
9541163,"K07189.01","FALSE POSITIVE",0.5366497,2.887,105.4,10.60,5822.00,0.8980
9541567,"K07190.01","FALSE POSITIVE",1.12284501,0.95,,,,
9569866,"K07191.01","FALSE POSITIVE",1.480324075,3.20209,400007,1095.90,5260.00,0.7170
9579192,"K07192.01","FALSE POSITIVE",12.08353781,7.90317,43086.6,3799.50,6770.00,2.2140
9579789,"K07193.01","FALSE POSITIVE",2.17814186,1.988,127.7,11.20,5101.00,0.8400
9581498,"K07194.01","FALSE POSITIVE",10.54884842,1.17,,,,
9588862,"K07195.01","CANDIDATE",5.89773974,2.243,77.9,8.10,6300.00,1.1260
9592855,"K07196.01","FALSE POSITIVE",0.609662423,4.24033,140917,3250.10,7498.00,2.2740
9596064,"K07197.01","CANDIDATE",1.74145041,1.712,370.6,10.90,5238.00,0.7640
9596187,"K07198.01","FALSE POSITIVE",0.953299962,1.69478,2236.6,298.00,6183.00,1.0200
9596892,"K07199.01","CANDIDATE",20.2944118,0.357,453.9,5.60,5865.00,0.9180
9597095,"K07200.01","FALSE POSITIVE",2.745640575,3.04508,45264.7,918.00,5780.00,1.0000
9597854,"K07201.01","FALSE POSITIVE",1.287097944,1.94,106.1,12.30,5906.00,0.8520
9602431,"K07202.01","FALSE POSITIVE",3.5565617,6.691,68,10.00,4964.00,0.6330
9602538,"K07203.01","FALSE POSITIVE",3.55646511,4.72,46.1,7.80,5475.00,0.8180
9630640,"K07204.01","FALSE POSITIVE",3.661895766,35.6374,35477.1,291.70,6793.00,1.5890
9635520,"K07205.01","CANDIDATE",2.3518268,5.797,576.6,24.50,5445.00,1.4260
9635529,"K07206.01","FALSE POSITIVE",2.35195525,5.98883,212828,1819.10,6550.00,1.2250
9637299,"K07207.01","FALSE POSITIVE",1.882438182,3.50695,344205,2051.30,6322.00,1.2130
9639106,"K07208.01","CANDIDATE",3.57944367,1.869,117.2,8.50,5341.00,0.8010
9640123,"K07209.01","CANDIDATE",8.2553499,3.959,54.5,10.00,5403.00,3.6000
9640921,"K07210.01","FALSE POSITIVE",80.7060641,6.8899,11851.5,268.10,6053.00,0.9490
9640921,"K07210.02","FALSE POSITIVE",2.17814513,2.321,136,13.80,6053.00,0.9490
9641031,"K07211.01","FALSE POSITIVE",1.089077111,3.8834,304072,476.60,6126.00,1.1760
9641103,"K07212.01","FALSE POSITIVE",1.089057762,1.637,37.4,9.20,5096.00,0.7370
9644411,"K07213.01","FALSE POSITIVE",0.379412331,1.561,594,20.20,4331.00,0.6660
9644683,"K07214.01","FALSE POSITIVE",0.585940879,4.6979,1943.6,189.90,5459.00,0.7970
9651602,"K07215.01","CANDIDATE",3.90735046,2.896,109.3,10.00,5497.00,0.8090
9652166,"K07216.01","FALSE POSITIVE",0.646523404,3.917,25.2,14.20,7257.00,1.6310
9652632,"K07217.01","FALSE POSITIVE",2.488812012,5.94523,131002,3290.50,6499.00,1.4970
9655424,"K07218.01","FALSE POSITIVE",0.51811818,0.3969,99,7.80,6240.00,0.9290
9657636,"K07219.01","FALSE POSITIVE",542.52829,11.06,75.2,11.20,6099.00,1.2120
9658089,"K07220.01","CANDIDATE",1.057080807,1.82,60.6,11.30,6000.00,0.9460
9665503,"K07221.01","FALSE POSITIVE",11.567974732,5.96595,416030,2341.50,5290.00,0.6480
9673173,"K07222.01","FALSE POSITIVE",21.294733865,7.60143,123177,2674.60,6039.00,1.2780
9674320,"K07223.01","CANDIDATE",317.062416,7.438,442.9,9.80,5366.00,0.7150
9693803,"K07224.01","CANDIDATE",13.4959496,2.085,253.6,7.30,5962.00,1.0190
9711751,"K07225.01","FALSE POSITIVE",0.855763492,3.64361,131660,598.40,6679.00,1.3260
9726452,"K07226.01","CANDIDATE",42.48452259,4.16,,,,
9762514,"K07227.01","FALSE POSITIVE",7.51509713,2.62,187.1,10.10,4867.00,0.6960
9762519,"K07228.01","FALSE POSITIVE",7.51514595,3.54486,117463,1676.80,5624.00,0.7770
9777062,"K07229.01","FALSE POSITIVE",19.230038188,7.04412,266180,7232.10,7703.00,2.9160
9786821,"K07230.01","FALSE POSITIVE",21.120005744,2.05573,13054.3,443.90,6195.00,1.5980
9790965,"K07231.01","FALSE POSITIVE",0.82206761,3.8281,26189.8,486.30,6531.00,1.9210
9790965,"K07231.02","CANDIDATE",4.74701479,2.464,3622,10.10,6531.00,1.9210
9811915,"K07232.01","CANDIDATE",1.96682825,1.645,214.3,9.50,5595.00,0.7960
9818732,"K07233.01","FALSE POSITIVE",45.035589512,9.8341,404836,1763.50,6484.00,1.1530
9821078,"K07234.01","FALSE POSITIVE",8.429438192,3.94306,456346,3072.50,4268.00,0.6800
9821428,"K07235.01","CANDIDATE",299.70688,15.39,230.7,8.60,5606.00,0.7600
9837013,"K07236.01","CANDIDATE",14.461834,7.156,80.2,9.00,5457.00,1.1960
9848420,"K07237.01","FALSE POSITIVE",7.9320191,8.18,125.1,8.80,5219.00,0.9050
9850387,"K07238.01","FALSE POSITIVE",1.374249107,5.3181,136655,520.30,7053.00,2.1210
9850912,"K07239.01","FALSE POSITIVE",8.4804737,6.157,337,14.50,6092.00,0.9980
9852050,"K07240.01","FALSE POSITIVE",0.94242156,1.89,,,,
9873869,"K07241.01","FALSE POSITIVE",4.994773558,4.48893,259761,5742.00,6253.00,1.1810
9881258,"K07242.01","FALSE POSITIVE",2.028512246,5.00309,121562,1545.80,6105.00,1.0250
9899153,"K07243.01","FALSE POSITIVE",1.33256167,3.743,59.5,13.00,4895.00,0.8280
9899193,"K07244.01","FALSE POSITIVE",1.332567821,3.4844,31,5.00,6600.00,1.6810
9899410,"K07245.01","FALSE POSITIVE",1.332545609,3.997,278.2,31.40,5154.00,16.4860
9899421,"K07246.01","FALSE POSITIVE",1.33256256,3.088,174.9,11.90,4601.00,12.5810
9899577,"K07247.01","FALSE POSITIVE",1.33258981,3.987,78.4,16.10,5309.00,0.7630
9899583,"K07248.01","FALSE POSITIVE",1.33258375,4.081,60.9,16.40,6108.00,0.9970
9906489,"K07249.01","FALSE POSITIVE",8.9648813,61.23,454.5,109.90,6543.00,1.1590
9906802,"K07250.01","FALSE POSITIVE",9.26147679,1.77,,,,
9906841,"K07251.01","FALSE POSITIVE",581.0723,15.81,1364.2,15.90,5026.00,16.8910
9909965,"K07252.01","CANDIDATE",10.2170589,2.259,121.3,7.90,6211.00,1.0540
9913481,"K07253.01","FALSE POSITIVE",3.50474265,8.2852,88625,977.20,7624.00,3.6820
9913798,"K07254.01","FALSE POSITIVE",2.14344093,3.9741,133317,645.90,4817.00,0.7000
9932197,"K07255.01","CANDIDATE",86.95432088,12.11,,,,
9934208,"K07256.01","FALSE POSITIVE",9.058487716,4.14334,127971,2098.90,4340.00,0.5730
9936698,"K07257.01","FALSE POSITIVE",2.856085147,4.5776,173843,422.10,6604.00,1.5260
9943009,"K07258.01","CANDIDATE",2.4376438,1.587,27.1,8.80,5927.00,1.5300
9944201,"K07259.01","CANDIDATE",0.721522907,1.4521,22528,815.30,4893.00,0.6250
9944421,"K07260.01","FALSE POSITIVE",7.09520543,3.69044,232683,1959.20,5481.00,0.7780
9945280,"K07261.01","FALSE POSITIVE",0.651731691,2.4602,20524.2,347.50,5791.00,1.4720
9953736,"K07262.01","FALSE POSITIVE",0.50818743,3.433,54.9,29.10,7141.00,1.5600
9958053,"K07263.01","FALSE POSITIVE",2.73398963,1.52,,,,
9959093,"K07264.01","CANDIDATE",19.1644498,3.553,63.8,8.90,5877.00,2.2340
9963009,"K07265.01","FALSE POSITIVE",40.069674617,9.3564,41865.1,1304.80,5911.00,1.2070
9963639,"K07266.01","FALSE POSITIVE",7.4185369,1.451,14.7,5.20,9763.00,2.0450
9965691,"K07267.01","FALSE POSITIVE",15.68434493,44.463,791.6,256.30,6407.00,2.1910
9971475,"K07268.01","FALSE POSITIVE",5.357409918,4.28582,199157,936.10,5768.00,2.0570
10000490,"K07269.01","FALSE POSITIVE",1.400991827,4.8798,64104,669.60,6706.00,1.9240
10002049,"K07270.01","CANDIDATE",19.2532128,1.674,219.3,7.40,6060.00,0.9530
10014702,"K07271.01","FALSE POSITIVE",1.34062901,3.076,69.5,13.10,6045.00,0.9550
10019854,"K07272.01","CANDIDATE",14.1011023,4.513,108.2,8.10,6534.00,1.1990
10020423,"K07273.01","FALSE POSITIVE",7.448375935,4.23892,152666,1837.90,5636.00,0.8670
10026136,"K07274.01","FALSE POSITIVE",9.080194398,8.18777,324573,3481.80,6461.00,1.1310
10026457,"K07275.01","FALSE POSITIVE",9.93442075,7.8219,55965,529.00,5382.00,0.6690
10031409,"K07276.01","FALSE POSITIVE",2.071939672,4.45367,198766,2409.80,6140.00,1.2540
10031526,"K07277.01","FALSE POSITIVE",8.5893644,6.975,179.3,9.80,5602.00,0.8170
10031808,"K07278.01","FALSE POSITIVE",8.589644815,9.49469,269518,5324.60,6331.00,2.1940
10053138,"K07279.01","CANDIDATE",11.7728146,4.132,77.1,9.90,5410.00,1.0560
10063044,"K07280.01","FALSE POSITIVE",1.009671584,4.37759,155117,1440.70,7652.00,2.2420
10066755,"K07281.01","CANDIDATE",2.46506501,6.218,39.8,10.30,6881.00,1.7140
10070479,"K07282.01","CANDIDATE",1.758599866,0.2729,237.8,11.90,4744.00,0.7250
10089123,"K07283.01","CANDIDATE",134.413808,13.907,206.1,12.50,6013.00,1.1870
10091257,"K07284.01","FALSE POSITIVE",1.70192371,3.0271,49833,351.10,5826.00,1.2620
10093664,"K07285.01","FALSE POSITIVE",1.20693963,6.881,20,24.30,7331.00,2.0410
10095512,"K07286.01","FALSE POSITIVE",3.008602107,4.34296,120272,502.00,6033.00,1.0260
10098534,"K07287.01","FALSE POSITIVE",41.81145,2.208,302,5.90,5593.00,0.8120
10129482,"K07288.01","FALSE POSITIVE",0.846291334,1.79962,190191,1049.30,4627.00,0.5260
10155080,"K07289.01","FALSE POSITIVE",1.930451347,3.87956,53075.2,602.30,6154.00,1.1680
10156064,"K07290.01","FALSE POSITIVE",2.427967843,4.7847,126975,472.80,7652.00,1.9210
10163067,"K07291.01","CANDIDATE",25.9136674,10.498,109.7,16.10,6167.00,2.3460
10164018,"K07292.01","FALSE POSITIVE",8.5412411,3.654,298.8,10.70,5602.00,0.7320
10189523,"K07293.01","FALSE POSITIVE",1.013922622,1.6393,34957,79.80,5110.00,0.6470
10198109,"K07294.01","FALSE POSITIVE",17.918743061,4.36387,118355,4696.80,5870.00,1.6300
10208759,"K07295.01","FALSE POSITIVE",2.287515702,10.0879,358575,3017.90,6773.00,1.3910
10214328,"K07296.01","FALSE POSITIVE",659.2907,22.106,338.1,27.00,6917.00,1.8370
10215422,"K07297.01","FALSE POSITIVE",24.847087207,7.28274,317670,6707.70,5644.00,0.8540
10257903,"K07298.01","FALSE POSITIVE",0.85574731,2.01,,,,
10258558,"K07299.01","FALSE POSITIVE",20.867855659,5.73122,82601.4,2768.60,6095.00,1.0160
10264202,"K07300.01","FALSE POSITIVE",0.517573708,2.23102,87205,740.20,5427.00,0.7000
10264293,"K07301.01","CANDIDATE",20.9525604,3.986,232.9,9.80,4885.00,0.7200
10268809,"K07302.01","FALSE POSITIVE",24.70932686,5.0698,29265,284.70,6065.00,1.0230
10274244,"K07303.01","FALSE POSITIVE",13.68369259,4.22504,185514,3641.60,5359.00,0.7080
10275887,"K07304.01","FALSE POSITIVE",9.726748645,19.4093,393412,4414.30,5618.00,1.4060
10290021,"K07305.01","CANDIDATE",3.72920972,5.012,14.4,9.60,6215.00,2.0500
10290447,"K07306.01","FALSE POSITIVE",0.691561191,5.23,1901,3.40,4892.00,0.5860
10292465,"K07307.01","FALSE POSITIVE",1.35337091,2.2396,104562,303.00,5426.00,0.7840
10294608,"K07308.01","FALSE POSITIVE",1.854491777,5.14771,383431,1070.60,5843.00,0.9900
10296163,"K07309.01","FALSE POSITIVE",9.296746368,6.88069,213838,4407.80,6461.00,2.8840
10330495,"K07310.01","FALSE POSITIVE",18.060078203,11.5759,58975.4,1797.60,5330.00,0.8550
10332789,"K07311.01","FALSE POSITIVE",18.74072534,5.19791,125477,2964.70,6122.00,0.9960
10340228,"K07312.01","FALSE POSITIVE",0.93371313,2.971,66,8.90,5436.00,0.8690
10341787,"K07313.01","FALSE POSITIVE",0.93373716,5.015,144.9,16.00,5390.00,0.8520
10342097,"K07314.01","FALSE POSITIVE",0.933735579,3.892,351.4,27.10,5016.00,5.3440
10345862,"K07315.01","FALSE POSITIVE",58.28819056,21.6014,156160,2927.40,5463.00,1.0440
10346522,"K07316.01","FALSE POSITIVE",3.989144446,20.7947,630524,2055.90,5538.00,0.7190
10352603,"K07317.01","FALSE POSITIVE",32.77897303,19.1378,410080,2126.10,6122.00,0.9640
10363300,"K07318.01","FALSE POSITIVE",0.934926138,3.1925,131941,1149.30,5962.00,1.0780
10388451,"K07319.01","CANDIDATE",17.1677675,2.975,335.1,7.40,3761.00,0.5260
10396708,"K07320.01","CANDIDATE",8.50207749,3.057,117.3,10.50,4889.00,0.7150
10407047,"K07321.01","FALSE POSITIVE",0.93374699,6.168,172.1,25.50,4909.00,5.2720
10407430,"K07322.01","FALSE POSITIVE",0.933759404,3.491,114.9,18.90,5766.00,0.8660
10407464,"K07323.01","FALSE POSITIVE",0.93373711,3.151,12.9,11.20,6300.00,1.0250
10417704,"K07324.01","FALSE POSITIVE",3.0082548,2.38,,,,
10420279,"K07325.01","FALSE POSITIVE",45.43324862,14.242,414352,1337.00,5731.00,1.0800
10422852,"K07326.01","FALSE POSITIVE",1.398890216,4.9641,66012,204.00,6134.00,1.0510
10450504,"K07327.01","CANDIDATE",17.9908273,1.436,660,10.90,4918.00,0.7520
10454401,"K07328.01","FALSE POSITIVE",12.180721266,4.15602,414950,1809.80,5750.00,0.8820
10462826,"K07329.01","FALSE POSITIVE",50.467024395,8.96181,103144,1435.10,6137.00,1.0120
10464199,"K07330.01","CANDIDATE",198.11309,15.59,53.3,8.30,6163.00,1.4860
10468514,"K07331.01","FALSE POSITIVE",0.84986054,1.3875,6571.5,100.10,5164.00,1.6760
10471113,"K07332.01","FALSE POSITIVE",0.933728196,3.441,67.7,13.30,6170.00,1.0320
10481054,"K07333.01","FALSE POSITIVE",2.03742712,3.939,36,11.40,6356.00,1.3580
10486425,"K07334.01","FALSE POSITIVE",5.274819905,4.6688,108965,902.50,7247.00,1.8340
10490960,"K07335.01","FALSE POSITIVE",5.682410334,5.33373,220418,2041.60,5897.00,1.1960
10491031,"K07336.01","FALSE POSITIVE",2.199069234,6.30646,225250,5915.40,6613.00,1.9250
10535807,"K07337.01","FALSE POSITIVE",1.481655821,3.4913,59134,554.40,6478.00,1.1740
10535858,"K07338.01","FALSE POSITIVE",0.93370968,3.356,62.2,9.20,3615.00,0.4200
10546063,"K07339.01","CANDIDATE",10.6982275,3.198,246,9.10,6277.00,1.0970
10547685,"K07340.01","FALSE POSITIVE",1.388509353,2.84811,37637.5,454.60,6075.00,1.1300
10549576,"K07341.01","FALSE POSITIVE",9.089355023,6.4006,101478,756.40,7675.00,2.0150
10552700,"K07342.01","FALSE POSITIVE",0.94808587,8.03,229.8,145.30,6875.00,2.8560
10556578,"K07343.01","FALSE POSITIVE",0.626431697,2.0171,37224,174.00,5134.00,0.7210
10583181,"K07344.01","FALSE POSITIVE",2.696354974,5.39585,245988,2717.00,6472.00,1.5790
10586619,"K07345.01","CANDIDATE",377.501257,11.98,541.4,13.90,5751.00,0.9400
10592163,"K07346.01","FALSE POSITIVE",14.762889172,6.52705,79329.6,1779.10,5691.00,1.0310
10597164,"K07347.01","FALSE POSITIVE",4.5638537,13.05,71.9,16.80,5446.00,2.3900
10601538,"K07348.01","FALSE POSITIVE",1.463775066,0.953,45.1,12.70,6781.00,1.6510
10601579,"K07349.01","FALSE POSITIVE",8.098754149,5.62354,56616.3,5402.00,6328.00,1.4500
10613718,"K07350.01","FALSE POSITIVE",0.587938916,1.40211,7339.5,563.00,5237.00,0.7400
10619109,"K07351.01","FALSE POSITIVE",2.045166206,6.84312,263637,1488.60,7128.00,2.1350
10646620,"K07352.01","FALSE POSITIVE",2.41349123,11.29,57,38.10,6628.00,2.5950
10649230,"K07353.01","FALSE POSITIVE",0.447820618,0.4199,58.3,28.40,5927.00,1.6070
10659624,"K07354.01","CANDIDATE",43.2675604,8.331,69.1,10.00,5747.00,1.7290
10661913,"K07355.01","FALSE POSITIVE",1.23133063,3.7,78.9,17.60,4237.00,0.6310
10661976,"K07356.01","FALSE POSITIVE",0.61566096,2.669,13.9,8.50,6619.00,2.2300
10662021,"K07357.01","FALSE POSITIVE",1.23140522,3.338,51.3,10.80,5600.00,1.1180
10665228,"K07358.01","CANDIDATE",11.3251153,2.126,297.2,7.00,5334.00,0.7270
10665749,"K07359.01","CANDIDATE",4.237447181,0.3792,350.1,11.10,5993.00,0.9930
10670112,"K07360.01","CANDIDATE",4.0953585,44.35,226.8,60.20,6839.00,1.7000
10680424,"K07361.01","CANDIDATE",0.92623983,1.267,411.4,9.10,4494.00,0.5910
10685175,"K07362.01","FALSE POSITIVE",3.10197712,7.083,124.6,63.30,8709.00,1.7970
10686876,"K07363.01","FALSE POSITIVE",2.618414643,4.99923,200864,3260.00,8143.00,2.3610
10686930,"K07364.01","FALSE POSITIVE",2.61844178,3.203,45.1,12.70,5088.00,3.2930
10711913,"K07365.01","FALSE POSITIVE",19.407958161,6.09676,142059,2506.60,5702.00,0.7990
10732401,"K07366.01","FALSE POSITIVE",0.933747375,5.974,198.9,35.90,6224.00,1.0240
10736223,"K07367.01","FALSE POSITIVE",1.105094098,4.38191,730498,3732.80,8011.00,2.9270
10736489,"K07368.01","CONFIRMED",6.842939,2.8,,,,
10743600,"K07369.01","FALSE POSITIVE",0.8170226,2.974,167696,240.10,5780.00,1.0000
10751908,"K07370.01","CANDIDATE",4.48538145,2.297,168.1,8.20,5654.00,0.7370
10753734,"K07371.01","FALSE POSITIVE",19.40669392,5.27765,464521,1496.80,5622.00,0.7780
10794242,"K07372.01","FALSE POSITIVE",7.143708297,5.83451,202685,2368.60,5655.00,0.9920
10794405,"K07373.01","FALSE POSITIVE",0.952377862,4.0869,2122.3,390.80,5662.00,0.8630
10809677,"K07374.01","FALSE POSITIVE",3.521050679,3.5323,4879.8,337.20,5149.00,6.6190
10812541,"K07375.01","CANDIDATE",4.84847245,0.874,554.7,11.40,4137.00,0.6470
10815677,"K07376.01","CANDIDATE",1.284241817,1.965,166.5,13.30,5849.00,0.9190
10816107,"K07377.01","FALSE POSITIVE",2.161583501,4.0537,50163,239.20,5888.00,1.2190
10843431,"K07378.01","CONFIRMED",8.7396758,3.866,1431,15.60,4406.00,0.6280
10843431,"K07378.02","CANDIDATE",56.391062,5.7,2042,11.40,4406.00,0.6280
10847907,"K07379.01","FALSE POSITIVE",0.535493486,2.57,54,5.10,6328.00,1.8640
10848097,"K07380.01","CANDIDATE",15.9474242,1.127,191.7,6.50,5472.00,0.8770
10849244,"K07381.01","FALSE POSITIVE",24.261683827,7.1617,192283,5083.90,6151.00,0.9830
10857589,"K07382.01","FALSE POSITIVE",32.532521502,13.3991,83468.4,1595.10,5845.00,0.8380
10866969,"K07383.01","CANDIDATE",50.0122,3.426,210.4,8.30,5357.00,0.8140
10867017,"K07384.01","FALSE POSITIVE",0.876941133,1.296,73.5,12.30,6018.00,0.9750
10909274,"K07385.01","FALSE POSITIVE",39.238141571,6.07183,439208,969.30,6599.00,1.2340
10920813,"K07386.01","FALSE POSITIVE",53.7406575,47.2475,116722,3568.10,5288.00,0.7370
10923260,"K07387.01","FALSE POSITIVE",7.436016459,4.16284,106527,742.10,6214.00,0.9330
10924400,"K07388.01","FALSE POSITIVE",0.750737313,1.712,38.8,13.40,5151.00,0.7610
10932270,"K07389.01","CANDIDATE",27.5837778,1.516,202.5,8.50,5092.00,7.9130
10936427,"K07390.01","FALSE POSITIVE",14.361021578,13.2895,459877,2599.00,5229.00,0.6680
10937609,"K07391.01","FALSE POSITIVE",2.570431263,5.49699,76826,822.90,6244.00,0.9710
10965963,"K07392.01","FALSE POSITIVE",6.64024496,6.03491,224329,2941.00,6085.00,1.2150
10976412,"K07393.01","FALSE POSITIVE",3.75938475,1.188,133.1,11.30,4976.00,2.6380
10979716,"K07394.01","FALSE POSITIVE",10.6840477,3.515,81901,395.30,3887.00,0.5230
10982373,"K07395.01","FALSE POSITIVE",2.00280845,1.22,,,,
10987439,"K07396.01","FALSE POSITIVE",10.67459836,3.82706,16676,1845.60,6496.00,1.4850
10989032,"K07397.01","FALSE POSITIVE",2.305097141,1.9378,5880,133.40,8851.00,2.1780
10991989,"K07398.01","FALSE POSITIVE",0.974477904,2.69834,8846.9,801.70,5210.00,15.0040
10992733,"K07399.01","FALSE POSITIVE",18.525917446,5.9056,455661,2246.90,5492.00,0.8870
11019739,"K07400.01","CANDIDATE",4.15736472,2.217,200.7,11.20,5183.00,0.7820
11027270,"K07401.01","FALSE POSITIVE",0.533628226,5.772,81.8,35.30,7163.00,2.1770
11027722,"K07402.01","FALSE POSITIVE",0.678137665,1.00718,885,172.70,6429.00,0.9420
11029877,"K07403.01","FALSE POSITIVE",2.069415479,5.71941,16188.3,1148.30,6640.00,1.2500
11068630,"K07404.01","CANDIDATE",1.817079849,0.889,204.6,10.80,5808.00,0.9630
11071207,"K07405.01","FALSE POSITIVE",8.04963472,6.00488,279647,5246.50,6698.00,1.4850
11073223,"K07406.01","FALSE POSITIVE",11.578946873,4.6373,299739,2456.30,6028.00,1.0140
11076279,"K07407.01","FALSE POSITIVE",1.47258471,4.76885,224011,741.50,7360.00,2.0240
11092783,"K07408.01","CANDIDATE",5.15998178,3.356,412.4,9.90,3900.00,0.5340
11124509,"K07409.01","FALSE POSITIVE",4.446459958,2.558,5663.8,178.30,5615.00,0.8930
11134079,"K07410.01","FALSE POSITIVE",1.260575815,2.36064,154278,781.20,5388.00,0.7150
11137061,"K07411.01","FALSE POSITIVE",1.88912273,4.219,60.2,15.50,5413.00,0.7540
11144439,"K07412.01","FALSE POSITIVE",0.609125246,0.655,139.2,10.90,5595.00,0.7960
11147276,"K07413.01","FALSE POSITIVE",1.566528935,3.2593,92511,485.00,5883.00,0.9050
11154043,"K07414.01","FALSE POSITIVE",4.52977632,26.752,1582.2,55.20,8912.00,2.2990
11182260,"K07415.01","CANDIDATE",1.291964282,1.8378,28640,45.80,4995.00,0.6380
11187972,"K07416.01","CANDIDATE",37.4646974,4.954,51.6,10.30,6266.00,1.3420
11198723,"K07417.01","FALSE POSITIVE",6.840305932,4.32742,124933,2025.70,5970.00,0.9080
11199725,"K07418.01","FALSE POSITIVE",1.032967155,1.17,127.3,8.30,5283.00,18.9590
11200773,"K07419.01","FALSE POSITIVE",2.489550708,2.84685,29838.9,443.60,6018.00,0.7940
11228612,"K07420.01","FALSE POSITIVE",2.980479588,3.72527,375343,1737.70,6065.00,1.0470
11232745,"K07421.01","FALSE POSITIVE",4.81712182,2.45699,35756.4,445.30,5419.00,0.7950
11233911,"K07422.01","FALSE POSITIVE",2.479948394,5.7219,150682,489.60,5391.00,0.8220
11234677,"K07423.01","FALSE POSITIVE",1.58742695,2.66475,76162,1150.70,6440.00,1.2410
11235323,"K07424.01","FALSE POSITIVE",19.668404822,21.1764,352808,1834.50,5260.00,0.7170
11240948,"K07425.01","FALSE POSITIVE",3.401949837,16.5797,2477,304.00,7094.00,2.1700
11241560,"K07426.01","CANDIDATE",6.96197304,2.806,151.3,8.80,5008.00,0.8140
11244571,"K07427.01","CANDIDATE",7.8935324,3.444,47.6,8.30,6306.00,1.1090
11250867,"K07428.01","FALSE POSITIVE",2.252822538,3.41062,269847,1575.90,6116.00,0.9510
11251058,"K07429.01","FALSE POSITIVE",2.25284817,3.069,60,8.80,6850.00,1.5300
11282568,"K07430.01","CANDIDATE",1.320499473,1.184,204,12.00,5172.00,13.4540
11285625,"K07431.01","FALSE POSITIVE",5.39525573,7.8377,104242,175.70,7216.00,2.8040
11286311,"K07432.01","CANDIDATE",13.1538409,11.56,104.6,10.60,5443.00,1.0080
11287726,"K07433.01","FALSE POSITIVE",4.737713268,6.384,105259,476.70,5335.00,0.7190
11288492,"K07434.01","CANDIDATE",5.704593,1.149,129.9,8.50,5523.00,0.8320
11288772,"K07435.01","CANDIDATE",1.36752316,1.208,61,11.70,5836.00,1.0480
11295085,"K07436.01","FALSE POSITIVE",2.49777454,5.241,78.7,51.10,7117.00,2.2110
11296724,"K07437.01","CANDIDATE",1.9997244,1.976,85.1,8.90,5838.00,0.8970
11350389,"K07438.01","FALSE POSITIVE",1.51264208,1.871,23842,262.60,5258.00,0.8110
11356602,"K07439.01","FALSE POSITIVE",323.2575,17.26,286.8,20.00,5866.00,1.1980
11358392,"K07440.01","FALSE POSITIVE",0.984971822,1.64247,6683.5,279.10,6437.00,1.3690
11359305,"K07441.01","FALSE POSITIVE",28.487107336,3.77887,37662.9,658.20,6351.00,2.3850
11391181,"K07442.01","FALSE POSITIVE",8.61733907,4.05563,185861,1542.60,5387.00,0.8700
11401869,"K07443.01","FALSE POSITIVE",2.16146908,3.643,84.8,11.80,6047.00,1.0130
11409698,"K07444.01","FALSE POSITIVE",10.26782676,6.02685,247175,5758.70,6664.00,1.4400
11411639,"K07445.01","CANDIDATE",6.933574,2.43,276.7,8.00,5510.00,0.7930
11455795,"K07446.01","FALSE POSITIVE",1.057335679,1.5795,47337,476.00,4664.00,0.6830
11457191,"K07447.01","FALSE POSITIVE",1.149198426,4.1603,37721,164.20,5858.00,0.8670
11462556,"K07448.01","FALSE POSITIVE",2.50012775,28.2,49.9,17.60,6923.00,1.6640
11495989,"K07449.01","CANDIDATE",1.322475635,5.307,997.3,53.90,4668.00,0.5480
11499757,"K07450.01","FALSE POSITIVE",12.314402323,5.8903,393895,2540.60,6247.00,1.0660
11501774,"K07451.01","FALSE POSITIVE",0.691823991,5.965,165.9,18.00,5226.00,0.9620
11502172,"K07452.01","FALSE POSITIVE",25.431861399,5.23771,46564.7,785.00,5754.00,0.9000
11502179,"K07453.01","FALSE POSITIVE",3.98855869,1.467,214.1,10.50,5791.00,1.6460
11506235,"K07454.01","FALSE POSITIVE",20.413052415,4.4621,92672.5,1620.80,5941.00,0.9630
11551652,"K07455.01","CANDIDATE",3.773744,15.2,85.2,5.70,7302.00,2.0690
11560382,"K07456.01","FALSE POSITIVE",0.527679032,1.395,84.1,14.80,5799.00,0.8600
11560431,"K07457.01","FALSE POSITIVE",0.527673075,1.3693,26.1,2.30,5367.00,0.8280
11560447,"K07458.01","FALSE POSITIVE",0.527678272,2.33166,247744,706.10,5321.00,1.4750
11601357,"K07459.01","FALSE POSITIVE",3.55027051,1.879,212.7,7.60,5497.00,0.8000
11602794,"K07460.01","CANDIDATE",5.70509519,1.58,283.6,9.20,5455.00,0.9270
11615481,"K07461.01","FALSE POSITIVE",65.4317194,12.2384,153407,1146.60,6201.00,1.0400
11616200,"K07462.01","FALSE POSITIVE",1.718649321,3.94095,190567,833.40,6071.00,0.8650
11616631,"K07463.01","FALSE POSITIVE",7.2949175,41.04,182.8,18.90,5289.00,0.7310
11616663,"K07464.01","FALSE POSITIVE",7.2935801,40.02,124.5,26.60,5900.00,0.9510
11618798,"K07465.01","FALSE POSITIVE",42.9261364,2.578,378.4,8.60,5628.00,0.9530
11619964,"K07466.01","FALSE POSITIVE",10.368552685,4.37878,153233,3170.10,5855.00,0.9440
11650543,"K07467.01","CANDIDATE",7.20558084,2.997,58,8.70,6002.00,1.6930
11651105,"K07468.01","FALSE POSITIVE",13.8602646,74.26,481.1,72.30,5667.00,0.7960
11662440,"K07469.01","FALSE POSITIVE",13.639480425,3.12422,81103,664.10,5461.00,0.8460
11671646,"K07470.01","CANDIDATE",392.50115,9.88,391.2,8.90,5128.00,0.9880
11672354,"K07471.01","CANDIDATE",5.29655591,3.93,135.4,9.30,6268.00,1.1000
11704044,"K07472.01","FALSE POSITIVE",6.882686062,5.47323,373662,2842.20,5704.00,0.9480
11706658,"K07473.01","FALSE POSITIVE",1.407937865,1.585,50793,137.30,4627.00,0.7410
11709022,"K07474.01","FALSE POSITIVE",0.71957289,1.79,,,,
11724091,"K07475.01","FALSE POSITIVE",1.559090282,4.95211,226981,1315.50,7279.00,2.6240
11757422,"K07476.01","FALSE POSITIVE",1.81993557,2.43,109.1,10.10,4205.00,0.5780
11763910,"K07477.01","FALSE POSITIVE",0.612888148,2.822,43.1,15.90,6720.00,1.3680
11768970,"K07478.01","FALSE POSITIVE",15.541358818,2.44433,10308.2,773.40,5092.00,3.5400
11773625,"K07479.01","CANDIDATE",7.1969168,4.525,47.1,10.40,5530.00,1.5750
11775530,"K07480.01","FALSE POSITIVE",12.8177012,3.465,75.6,8.00,6290.00,1.3850
11811454,"K07481.01","FALSE POSITIVE",2.274628199,4.52648,103972,2047.90,6389.00,1.9470
11817750,"K07482.01","FALSE POSITIVE",9.762550001,4.87531,41579.9,827.00,7199.00,1.9500
11825996,"K07483.01","CANDIDATE",16.9163386,2.521,64.2,6.30,5628.00,0.8100
11854636,"K07484.01","CANDIDATE",37.0200232,1.421,581,6.60,5685.00,0.8860
11855538,"K07485.01","FALSE POSITIVE",2.521265,2.69,36.5,5.90,6306.00,1.8740
11858541,"K07486.01","FALSE POSITIVE",5.674353343,4.17722,36484.5,1098.30,5594.00,1.0710
11873166,"K07487.01","FALSE POSITIVE",0.734426335,2.7415,99056,429.70,6108.00,0.9970
11873171,"K07488.01","FALSE POSITIVE",0.734426409,1.569,94.1,10.40,6406.00,1.0050
11904704,"K07489.01","CANDIDATE",0.565713361,0.954,86.4,11.60,5220.00,0.8810
11906217,"K07490.01","FALSE POSITIVE",37.910213899,3.11152,103474,1065.90,4623.00,0.5600
11913052,"K07491.01","FALSE POSITIVE",3.74785307,3.444,145.9,17.00,4929.00,7.7000
11913071,"K07492.01","FALSE POSITIVE",3.747835042,5.28519,188923,6016.20,8529.00,3.0650
11918482,"K07493.01","FALSE POSITIVE",0.94754848,1.7347,11348,44.70,3246.00,0.2000
11922648,"K07494.01","FALSE POSITIVE",1.75643185,2.397,51.6,9.60,5696.00,0.8120
11922782,"K07495.01","FALSE POSITIVE",1.756466865,4.7781,188219,541.90,5726.00,1.4650
11923819,"K07496.01","FALSE POSITIVE",33.159475806,9.01353,222167,3733.60,7967.00,2.3790
11959569,"K07497.01","FALSE POSITIVE",46.14869106,19.092,349630,1021.30,5383.00,1.9350
11966557,"K07498.01","FALSE POSITIVE",60.2976774,14.2561,315892,1215.80,5995.00,0.9770
11967004,"K07499.01","FALSE POSITIVE",1.941635737,2.46683,69814.1,1243.70,6525.00,1.1610
11968490,"K07500.01","FALSE POSITIVE",0.539445498,2.2821,25302.2,511.40,6486.00,1.4560
11970288,"K07501.01","FALSE POSITIVE",20.7106853,42.737,1003,154.40,6956.00,2.8880
12004679,"K07502.01","FALSE POSITIVE",2.521245368,4.24027,418375,1495.40,5605.00,0.8540
12004680,"K07503.01","FALSE POSITIVE",2.52122764,2.249,127.3,8.90,5546.00,0.8100
12004689,"K07504.01","FALSE POSITIVE",2.5212708,2.706,163.3,7.80,5110.00,0.6370
12013615,"K07505.01","FALSE POSITIVE",8.202869679,7.29811,345937,6499.90,6060.00,1.6430
12016243,"K07506.01","CANDIDATE",11.8436119,6.044,199.3,10.40,6077.00,0.9990
12022517,"K07507.01","FALSE POSITIVE",3.442714533,3.36034,60039,964.80,5819.00,0.8610
12022718,"K07508.01","FALSE POSITIVE",4.627775175,3.4079,5675.1,197.50,5845.00,0.8740
12053823,"K07509.01","FALSE POSITIVE",28.7850347,2.102,102.9,6.20,6581.00,2.4200
12067960,"K07510.01","CANDIDATE",5.60682001,2.714,150.7,9.90,5699.00,0.8530
12071006,"K07511.01","FALSE POSITIVE",6.096030635,18.4531,901661,4885.30,7598.00,2.6920
12105785,"K07512.01","FALSE POSITIVE",31.953038766,8.0461,17703.4,1364.90,5524.00,2.7340
12106875,"K07513.01","FALSE POSITIVE",5.9371708,4.954,157.1,10.10,5475.00,0.9230
12157983,"K07514.01","FALSE POSITIVE",0.577844035,4.291,320.4,94.00,5693.00,0.8160
12164751,"K07515.01","FALSE POSITIVE",2.630090609,13.6817,516932,1694.60,6315.00,1.1080
12217907,"K07516.01","FALSE POSITIVE",43.204596783,15.0402,202488,4750.20,6003.00,0.9320
12251779,"K07517.01","FALSE POSITIVE",14.844240386,6.83577,83412.4,4542.80,6161.00,0.9880
12268220,"K07518.01","FALSE POSITIVE",4.42158021,10.4532,61032,370.60,8026.00,3.4610
12302391,"K07519.01","FALSE POSITIVE",25.321698729,4.45367,119590,673.30,6109.00,1.0290
12304728,"K07520.01","CANDIDATE",3.14735789,3.643,51.8,9.30,5189.00,4.9300
12306808,"K07521.01","FALSE POSITIVE",37.878483588,10.5972,222232,1157.60,5985.00,0.7580
12306808,"K07521.02","FALSE POSITIVE",7.334073405,2.7308,326.9,2.60,5985.00,0.7580
12351927,"K07522.01","FALSE POSITIVE",10.116144515,2.70314,58143.5,1144.80,4717.00,0.5190
12353633,"K07523.01","FALSE POSITIVE",0.684496369,2.263,28.4,16.30,5800.00,2.0530
12353720,"K07524.01","FALSE POSITIVE",1.953285321,1.67598,1520.3,237.70,6450.00,3.9280
12356746,"K07525.01","FALSE POSITIVE",0.502454299,2.31547,37454.3,873.60,6134.00,0.9010
12356914,"K07526.01","FALSE POSITIVE",27.308150159,4.43906,388005,820.90,5541.00,0.7390
12365000,"K07527.01","FALSE POSITIVE",1.262742487,1.7433,15911,60.80,5273.00,3.1500
12365015,"K07528.01","FALSE POSITIVE",0.59586463,1.5,,,,
12367017,"K07529.01","FALSE POSITIVE",1.222127938,2.2613,2486.5,200.90,5157.00,0.8700
12367310,"K07530.01","FALSE POSITIVE",8.627475562,4.65505,36784.3,1157.50,5146.00,4.0630
12403968,"K07531.01","FALSE POSITIVE",0.589753355,0.606,216,12.40,5414.00,0.6780
12418662,"K07532.01","FALSE POSITIVE",2.751566365,5.2403,72609,180.00,5461.00,0.8610
12418816,"K07533.01","FALSE POSITIVE",0.760935268,2.77023,370600,1289.00,4675.00,0.5110
12454800,"K07534.01","CANDIDATE",23.3787733,6.76,76,8.10,6210.00,1.0540
12458817,"K07535.01","CANDIDATE",15.09984259,0.222,484.8,6.70,5191.00,0.6500
12470530,"K07536.01","FALSE POSITIVE",8.207257515,4.23835,391305,1748.30,4859.00,0.6210
12504353,"K07537.01","FALSE POSITIVE",498.68845,17.88,548.3,9.40,6184.00,1.0380
12506342,"K07538.01","FALSE POSITIVE",1.22775105,1.602,327.6,20.30,4551.00,0.5600
12519942,"K07539.01","CANDIDATE",15.3416245,2.126,269.6,9.20,5061.00,0.8140
12555616,"K07540.01","CANDIDATE",21.980467,4.78,96,10.10,5573.00,0.9360
12557713,"K07541.01","FALSE POSITIVE",7.214721393,2.36464,46801.5,582.00,4705.00,0.5520
3123418,"K07542.01","FALSE POSITIVE",563.94854,15.631,872.9,16.30,5853.00,0.8680
3458687,"K07543.01","FALSE POSITIVE",0.98376204,10.052,55,25.20,6431.00,5.2940
3749508,"K07544.01","FALSE POSITIVE",2.403704619,0.8927,110.6,1.40,6244.00,10.1050
3749508,"K07544.02","FALSE POSITIVE",1.065731229,1.7499,3639.6,109.20,6244.00,10.1050
3955867,"K07545.01","FALSE POSITIVE",33.65766894,40.787,15379.5,519.20,4774.00,6.4470
3965201,"K07546.01","CANDIDATE",44.113873,3.956,196.3,6.60,7854.00,3.4620
4074294,"K07547.01","FALSE POSITIVE",0.892988877,2.4428,85,43.80,6228.00,2.9750
4380560,"K07548.01","FALSE POSITIVE",0.705816203,5.55,149,19.60,6106.00,0.9660
4384652,"K07549.01","FALSE POSITIVE",374.51648,6.088,907419,105.80,5714.00,0.7110
4483235,"K07550.01","FALSE POSITIVE",1.7609276,5.189,57.3,26.10,8784.00,1.9670
4662363,"K07551.01","FALSE POSITIVE",321.24194284,10.16,,,,
4680745,"K07552.01","FALSE POSITIVE",1.463148937,11.04,168,66.60,6525.00,1.8050
4851195,"K07553.01","FALSE POSITIVE",374.514471,6.629,440516,130.30,6446.00,1.1550
4862924,"K07554.01","CANDIDATE",482.62011,12.86,324,8.10,6315.00,1.0950
5024414,"K07555.01","FALSE POSITIVE",1.525924746,1.955,74.1,11.90,5000.00,10.5330
5177065,"K07556.01","FALSE POSITIVE",1.25383162,7.68,12.9,9.70,6472.00,1.2990
5268955,"K07557.01","FALSE POSITIVE",12.82252496,18.8,19268,13.70,5845.00,1.3520
5271090,"K07558.01","CANDIDATE",10.1551587,1.802,141.6,6.80,5275.00,0.7960
5444276,"K07559.01","CANDIDATE",0.708965461,3.946,87.2,13.10,6528.00,1.1550
5598645,"K07560.01","FALSE POSITIVE",0.648772102,2.614,31.1,15.00,4973.00,4.7080
5696518,"K07561.01","FALSE POSITIVE",0.96391996,3.01,,,,
5878506,"K07562.01","CANDIDATE",11.76872507,1.11,,,,
5908086,"K07563.01","FALSE POSITIVE",0.93705132,4.808,51.5,17.30,6691.00,7.7810
6307243,"K07564.01","FALSE POSITIVE",451.86579,13.47,80,12.00,9024.00,2.0050
6350522,"K07565.01","FALSE POSITIVE",491.52571,12.43,457.3,8.80,4541.00,0.6690
6385302,"K07566.01","FALSE POSITIVE",411.54039644,17.33,,,,
6443274,"K07567.01","CANDIDATE",608.20572,13.63,554.2,11.30,4486.00,0.6460
6508734,"K07568.01","FALSE POSITIVE",480.03759,16.25,717.4,9.00,3622.00,0.4300
6527050,"K07569.01","FALSE POSITIVE",0.87985197,1.3,,,,
6590362,"K07570.01","FALSE POSITIVE",0.592618966,0.811,91.4,14.90,5926.00,0.8870
6628740,"K07571.01","FALSE POSITIVE",0.532854237,3.231,50.9,27.90,6266.00,1.6130
6876575,"K07572.01","CANDIDATE",91.069934,17.33,12.7,8.70,9051.00,4.2320
7031126,"K07573.01","FALSE POSITIVE",0.566802672,3.545,31.7,14.30,5102.00,1.9610
7031208,"K07574.01","FALSE POSITIVE",0.566796331,5.194,114.8,33.30,6319.00,1.0320
7031742,"K07575.01","FALSE POSITIVE",0.566785459,2.893,63.8,16.50,6063.00,1.0120
7032568,"K07576.01","FALSE POSITIVE",0.566792936,2.846,23,14.30,6432.00,1.6030
7032687,"K07577.01","FALSE POSITIVE",0.5668004,3.813,93.2,18.30,6215.00,0.8720
7115384,"K07578.01","FALSE POSITIVE",0.566793614,5.723,31.4,79.80,3789.00,27.3840
7116282,"K07579.01","FALSE POSITIVE",0.566798676,2.777,59.9,12.80,5490.00,0.8870
7116859,"K07580.01","FALSE POSITIVE",0.5667638,1.73,64.5,2.40,5766.00,0.9400
7133286,"K07581.01","FALSE POSITIVE",38.51077573,38.8558,84633.4,3567.50,4374.00,0.6350
7186259,"K07582.01","FALSE POSITIVE",4.23965309,3.29,,,,
7214090,"K07583.01","FALSE POSITIVE",0.577910513,1.362,144.1,18.10,5730.00,0.9080
7281694,"K07584.01","FALSE POSITIVE",0.566807725,2.16,31.5,12.30,5018.00,1.7340
7362450,"K07585.01","FALSE POSITIVE",0.566807422,5.148,26.1,28.80,5616.00,1.5470
8007262,"K07586.01","FALSE POSITIVE",1.345078434,10.19,3025,27.70,6664.00,1.6750
8096395,"K07587.01","CANDIDATE",366.088938,11.887,537.9,29.00,5941.00,0.9450
8106973,"K07588.01","FALSE POSITIVE",439.1076969,26.2259,69792,884.90,5810.00,0.8110
8168509,"K07589.01","CANDIDATE",414.45008,19.15,729.5,19.00,7037.00,1.6830
8258103,"K07590.01","FALSE POSITIVE",0.594003994,5.557,25.4,51.10,8596.00,2.9680
8297319,"K07591.01","CANDIDATE",328.32211,13.53,399,8.20,4906.00,0.6680
8423344,"K07592.01","CANDIDATE",381.97977,15.7,900,10.40,3761.00,0.5260
8444868,"K07593.01","CANDIDATE",67.412998,9.1,126.1,6.20,6525.00,1.3590
8579684,"K07594.01","FALSE POSITIVE",2.08802799,24.017,70.8,60.50,6593.00,1.6700
8649876,"K07595.01","FALSE POSITIVE",10.4212788,28.4832,148,31.00,6183.00,2.0730
8682094,"K07596.01","CANDIDATE",359.8249913,5.22,,,,
8846809,"K07597.01","FALSE POSITIVE",0.778705577,6.445,54.5,104.90,7846.00,3.0660
8868686,"K07598.01","FALSE POSITIVE",4.44709107,16.79,40.5,22.60,6137.00,1.0760
9025662,"K07599.01","FALSE POSITIVE",293.70696,11.03,1575,11.20,6054.00,0.8930
9092897,"K07600.01","FALSE POSITIVE",3.9169155,2.11,,,,
9246715,"K07601.01","FALSE POSITIVE",342.55315723,73.8068,192887,8248.40,4857.00,14.2190
9292130,"K07602.01","FALSE POSITIVE",362.747593,16.45,132.4,13.00,6176.00,2.1600
9541144,"K07603.01","FALSE POSITIVE",0.536650344,2.878,25.8,7.00,5490.00,2.8250
9595956,"K07604.01","FALSE POSITIVE",316.950146,5.33,,,,
9655792,"K07605.01","FALSE POSITIVE",589.74851,12.74,462.4,11.50,6003.00,0.9320
9970396,"K07606.01","FALSE POSITIVE",235.2976173,87.013,23052.8,210.70,4894.00,5.5680
10079420,"K07607.01","CANDIDATE",54.54312996,7.03,,,,
10253638,"K07608.01","FALSE POSITIVE",7.4539297,14.21,,,,
10267121,"K07609.01","FALSE POSITIVE",36.136968,15.42,152,10.40,6258.00,1.0460
10341777,"K07610.01","FALSE POSITIVE",0.933746709,3.435,18.6,14.30,6302.00,0.8150
10407271,"K07611.01","FALSE POSITIVE",0.93376738,4.036,55.4,16.50,5611.00,0.7870
10471167,"K07612.01","FALSE POSITIVE",0.93374073,4.296,147.6,13.40,4753.00,0.7170
10471174,"K07613.01","FALSE POSITIVE",0.93369659,4.444,81.4,10.80,5619.00,0.8380
10471345,"K07614.01","FALSE POSITIVE",0.9337473,3.446,64.6,9.50,5649.00,0.7410
11296798,"K07615.01","FALSE POSITIVE",677.35794,9.698,322.4,11.20,6335.00,3.5230
11463950,"K07616.01","FALSE POSITIVE",4.0551242,12,148.7,9.30,7064.00,2.5310
11559304,"K07617.01","CANDIDATE",12.9284553,2.49,297.9,8.20,3578.00,0.3750
11621897,"K07618.01","FALSE POSITIVE",21.6817115,7.18,73.5,6.90,6297.00,1.0310
12253534,"K07619.01","FALSE POSITIVE",466.08101,23.69,180.1,14.10,6098.00,1.5900
12304202,"K07620.01","FALSE POSITIVE",0.66573903,1.27,,,,
1025986,"K07621.01","CANDIDATE",275.07365,3.37,228.9,7.50,5604.00,1.1870
1293046,"K07622.01","FALSE POSITIVE",36.2671673,2.065,627.1,10.00,4264.00,0.6200
1434395,"K07623.01","FALSE POSITIVE",2.2227289,2.617,279.1,10.50,4996.00,20.8480
1723078,"K07624.01","CANDIDATE",330.025002,6.659,259.2,12.20,6126.00,3.4660
1868404,"K07625.01","FALSE POSITIVE",6.12601169,1.733,40.2,7.00,5679.00,1.2860
1995712,"K07626.01","FALSE POSITIVE",462.12069,10.42,633.7,9.90,6079.00,0.9740
2140389,"K07627.01","FALSE POSITIVE",0.967427812,5.8883,9127.8,323.40,5066.00,0.7090
2299738,"K07628.01","CANDIDATE",1.8134378,7.776,97.4,19.10,5094.00,0.7000
2302758,"K07629.01","FALSE POSITIVE",0.542122617,1.283,88.3,16.30,5875.00,0.9980
2302997,"K07630.01","CANDIDATE",16.2982201,2.558,199,7.90,3905.00,0.5210
2308411,"K07631.01","FALSE POSITIVE",0.983304511,1.78,79.9,10.10,6363.00,1.1980
2446134,"K07632.01","FALSE POSITIVE",39.1307086,2.295,201,7.40,6295.00,1.0800
2449053,"K07633.01","FALSE POSITIVE",0.73975345,4.2,481.8,86.20,5271.00,0.9350
2569995,"K07634.01","CANDIDATE",80.84069,8.567,9326,21.60,5511.00,1.5970
2577353,"K07635.01","CANDIDATE",60.458443,8.43,175.2,9.70,5865.00,1.1810
2696205,"K07636.01","CANDIDATE",0.702739679,1.379,65.1,9.50,5269.00,0.8360
2711131,"K07637.01","FALSE POSITIVE",2.85889907,1.465,55.7,6.90,4973.00,0.7540
2834805,"K07638.01","CANDIDATE",25.0032023,5.498,64.1,12.60,6148.00,1.6850
2854839,"K07639.01","FALSE POSITIVE",1.05569286,1.289,37.5,7.10,4955.00,0.7510
2859299,"K07640.01","FALSE POSITIVE",0.643703667,0.801,172,40.30,6161.00,1.1140
2984990,"K07641.01","CANDIDATE",3.79437277,2.289,83.2,7.70,5455.00,1.5070
3003019,"K07642.01","FALSE POSITIVE",0.502622858,3.085,146,41.10,6029.00,1.0980
3102309,"K07643.01","FALSE POSITIVE",4.20253859,5.389,31.5,8.80,5596.00,1.0150
3110177,"K07644.01","CANDIDATE",3.39904814,2.922,69.6,8.10,5766.00,0.9290
3129238,"K07645.01","CANDIDATE",2.00870696,4.87,53.5,12.20,5341.00,0.7590
3218844,"K07646.01","FALSE POSITIVE",85.112898,2.503,513.8,8.00,6018.00,0.9750
3230095,"K07647.01","FALSE POSITIVE",7.04716175,2.693,150.8,9.40,5496.00,0.7760
3232249,"K07648.01","CANDIDATE",1.183505016,1.275,116.6,10.00,4832.00,0.7460
3235282,"K07649.01","FALSE POSITIVE",494.165759,2.239,1440,7.40,6392.00,1.1620
3241647,"K07650.01","FALSE POSITIVE",0.851678507,2.028,67.9,9.10,5403.00,1.0290
3248696,"K07651.01","FALSE POSITIVE",383.43595,11.059,1228,14.10,5576.00,0.7290
3345973,"K07652.01","FALSE POSITIVE",15.3466028,4.966,238.5,13.00,6771.00,2.2590
3347807,"K07653.01","FALSE POSITIVE",324.18028,18.15,87.9,10.90,5792.00,2.1830
3353454,"K07654.01","FALSE POSITIVE",1.6911935,9.479,2801,26.70,5780.00,1.0000
3439126,"K07655.01","FALSE POSITIVE",2.9761504,6.079,259.5,8.30,4236.00,0.6640
3448456,"K07656.01","FALSE POSITIVE",0.776950288,1.288,396,25.80,5861.00,0.8650
3531231,"K07657.01","FALSE POSITIVE",62.060783,28.203,472.9,19.90,5526.00,0.7840
3542542,"K07658.01","FALSE POSITIVE",3.47148164,4.679,122.7,9.50,5297.00,0.7160
3644631,"K07659.01","FALSE POSITIVE",358.96247,23.49,670.8,12.10,5743.00,0.9040
3644738,"K07660.01","FALSE POSITIVE",358.96844,21.71,807.8,13.30,6117.00,0.9470
3645282,"K07661.01","FALSE POSITIVE",0.673684895,1.161,51.1,7.00,5645.00,0.9510
3660581,"K07662.01","CANDIDATE",4.72519164,3.751,98.8,10.00,6655.00,3.8310
3663141,"K07663.01","FALSE POSITIVE",2.31894284,5.321,66.5,13.60,5780.00,1.0000
3732972,"K07664.01","FALSE POSITIVE",1.540398683,1.5676,73,4.80,4971.00,14.6780
3750350,"K07665.01","FALSE POSITIVE",319.30633,6.74,155.2,7.20,6095.00,1.0140
3751231,"K07666.01","FALSE POSITIVE",0.570953851,0.998,76.1,8.90,6238.00,1.1450
3762750,"K07668.01","CANDIDATE",2.5093344,1.833,184.3,8.40,6278.00,1.0810
3839294,"K07669.01","FALSE POSITIVE",137.665706,3.732,536.9,11.70,4832.00,6.8970
3848083,"K07670.01","CANDIDATE",8.4795266,6.052,163.3,8.00,5841.00,0.9310
3851194,"K07671.01","FALSE POSITIVE",0.918510251,2.587,52.6,20.30,5837.00,2.3380
3852476,"K07672.01","FALSE POSITIVE",111.741576,3.83,238.8,9.90,5267.00,4.5250
3852872,"K07673.01","CANDIDATE",80.769893,4.2,128.5,6.70,4965.00,1.7080
3858943,"K07674.01","FALSE POSITIVE",25.9528725,12.434,164.1,16.90,6370.00,1.1060
3859042,"K07675.01","FALSE POSITIVE",25.94947,15.7,238.3,8.20,5348.00,0.7480
3934657,"K07676.01","CANDIDATE",5.3694084,3.949,40,8.00,5753.00,0.8690
3967501,"K07677.01","FALSE POSITIVE",43.0759115,90.95,3452,323.10,4766.00,5.9150
4048898,"K07678.01","CANDIDATE",13.0914878,2.037,37.5,8.00,5919.00,1.2880
4054784,"K07679.01","CANDIDATE",1.8679943,1.087,73.4,10.00,5487.00,0.8150
4072271,"K07680.01","CANDIDATE",219.20579,14.5,207.8,15.20,6990.00,1.7850
4073017,"K07681.01","CANDIDATE",6.05552018,2.818,134.6,9.80,5352.00,0.8050
4073089,"K07682.01","FALSE POSITIVE",58.873429,17.487,226471,106.80,7078.00,1.5680
4136659,"K07683.01","FALSE POSITIVE",0.913244995,0.4931,47.8,10.20,5923.00,1.0490
4141587,"K07684.01","FALSE POSITIVE",10.2239787,1.814,213.5,6.50,4673.00,16.8230
4141593,"K07685.01","CANDIDATE",64.740274,15.082,113.1,16.40,5999.00,1.1770
4141593,"K07685.02","CANDIDATE",33.502923,11.947,70.9,12.50,5999.00,1.1770
4144873,"K07686.01","FALSE POSITIVE",68.538296,3.627,1087,11.30,4687.00,8.1230
4252671,"K07687.01","CANDIDATE",23.266633,8.315,49.9,11.40,5758.00,3.7750
4281068,"K07689.01","FALSE POSITIVE",1.01530474,8.7622,16445.2,1823.00,6428.00,1.4400
4284980,"K07690.01","FALSE POSITIVE",2.2430415,3.63,101.1,8.10,5897.00,0.8910
4355503,"K07691.01","FALSE POSITIVE",0.570828503,0.915,174.4,13.90,3585.00,0.3880
4373195,"K07692.01","FALSE POSITIVE",0.56256804,1.686,4.5,11.80,9005.00,2.7730
4384909,"K07693.01","CANDIDATE",6.41097179,2.582,233.5,8.50,5383.00,0.9330
4386607,"K07694.01","FALSE POSITIVE",5.99321872,3.92,203.2,9.50,5853.00,0.8680
4390912,"K07695.01","FALSE POSITIVE",0.687506554,1.441,130.3,14.40,4643.00,7.9060
4472143,"K07696.01","FALSE POSITIVE",472.071079,5.759,252.6,6.40,6186.00,1.2530
4574319,"K07697.01","FALSE POSITIVE",1.30627214,5.144,95.4,10.30,5513.00,0.8620
4651399,"K07698.01","FALSE POSITIVE",508.807642,4.495,2127,14.80,4893.00,8.8110
4670267,"K07699.01","FALSE POSITIVE",1.003049079,7.9657,219273,1766.70,5775.00,0.8440
4670361,"K07700.01","CANDIDATE",631.56889,14.37,789,20.70,6382.00,1.0590
4730442,"K07702.01","FALSE POSITIVE",1.71051215,1.284,42.2,11.20,5925.00,1.5890
4742188,"K07703.01","CANDIDATE",413.51856,10.395,391.1,7.90,6031.00,0.9920
4742452,"K07704.01","CANDIDATE",5.4398033,3.256,85.5,8.40,6108.00,1.0800
4762283,"K07706.01","CANDIDATE",42.049523793,2.1372,607.9,5.10,4281.00,0.4800
4774646,"K07707.01","FALSE POSITIVE",0.559517155,0.596,57.9,12.70,6462.00,1.3090
4813793,"K07708.01","CANDIDATE",6.70242786,1.221,65.3,8.80,5466.00,2.2240
4840156,"K07709.01","FALSE POSITIVE",2.69487041,2.553,62.1,10.30,5823.00,1.1870
4851283,"K07710.01","FALSE POSITIVE",1.23517588,5.476,232.9,19.30,5780.00,1.0000
4940203,"K07711.01","CANDIDATE",302.779824,16.847,270.9,12.30,5734.00,0.7970
4996057,"K07712.01","CANDIDATE",4.8302364,7.983,22.5,11.60,5086.00,2.2470
5009688,"K07713.01","FALSE POSITIVE",1.381257093,1.125,92.3,11.00,5861.00,1.1310
5024429,"K07714.01","FALSE POSITIVE",1.52593737,1.958,159.1,9.60,6184.00,1.0380
5091479,"K07715.01","CANDIDATE",25.8616058,7.78,123,8.50,6067.00,0.8840
5097856,"K07716.01","CANDIDATE",483.36405,15.61,285.4,8.30,5700.00,0.7180
5120225,"K07717.01","FALSE POSITIVE",1.041619932,8.1218,1840.5,374.10,5838.00,0.9910
5126932,"K07718.01","FALSE POSITIVE",208.18711785,2.5404,394.7,4.20,5780.00,1.0000
5168498,"K07719.01","FALSE POSITIVE",219.74735,22.48,190.4,12.70,5127.00,2.3800
5185765,"K07720.01","FALSE POSITIVE",46.9434911,1.368,100.7,6.60,6253.00,1.5500
5201593,"K07721.01","FALSE POSITIVE",0.50727675,2.32,214.7,33.50,5970.00,1.1430
5273713,"K07722.01","FALSE POSITIVE",1.337561836,1.575,41,9.50,6406.00,1.7150
5276332,"K07723.01","FALSE POSITIVE",357.82544,9.12,152.5,11.10,6131.00,1.3120
5301093,"K07724.01","FALSE POSITIVE",488.67353,12.35,691,8.20,5218.00,0.7720
5305399,"K07725.01","FALSE POSITIVE",322.48381,22.99,1023.4,27.00,5968.00,0.8810
5389632,"K07726.01","FALSE POSITIVE",0.474811162,1.169,205.2,17.40,5799.00,0.8780
5444491,"K07727.01","FALSE POSITIVE",0.759740194,3.252,42.5,13.70,6046.00,1.0070
5456319,"K07728.01","FALSE POSITIVE",0.937923475,3.164,40.4,12.00,5398.00,0.8050
5460434,"K07729.01","CANDIDATE",50.563697,5.381,50.5,6.80,6759.00,2.0220
5512513,"K07730.01","FALSE POSITIVE",0.77459856,2.71,,,,
5513861,"K07731.01","FALSE POSITIVE",0.755105584,5.02374,250026,2158.50,6592.00,1.1900
5529552,"K07732.01","FALSE POSITIVE",0.759768478,2.824,57.4,12.90,5481.00,0.8150
5617259,"K07733.01","CANDIDATE",1.048130894,5.6707,191.8,5.20,7673.00,3.2140
5653795,"K07734.01","FALSE POSITIVE",118.314913,4.79,216.3,7.00,6190.00,4.7630
5687986,"K07735.01","CANDIDATE",382.30306,8.83,225.6,9.60,5993.00,2.5900
5709103,"K07736.01","FALSE POSITIVE",0.664727127,1.561,16.2,7.60,6143.00,1.1160
5716508,"K07737.01","FALSE POSITIVE",4.75307877,2.35,933,6.40,3486.00,180.0130
5730380,"K07738.01","FALSE POSITIVE",0.954873008,1.0613,33,1.50,6092.00,1.3630
5736801,"K07739.01","FALSE POSITIVE",6.6751871,2.372,178.3,7.00,5774.00,0.8180
5774375,"K07740.01","FALSE POSITIVE",1.549979213,7.5945,370546,672.70,5408.00,2.0580
5806800,"K07741.01","FALSE POSITIVE",125.288206,3.695,241.6,9.40,5881.00,0.9730
5817957,"K07742.01","FALSE POSITIVE",372.76888,23.27,1157.2,22.80,5800.00,0.8940
5823557,"K07743.01","FALSE POSITIVE",2.4044122,4.575,42.7,10.80,6398.00,1.2490
5877292,"K07744.01","CANDIDATE",11.7201693,2.399,154.4,7.50,6193.00,1.0670
5879448,"K07745.01","FALSE POSITIVE",533.47707,23.71,210.6,15.30,6077.00,1.7590
5881307,"K07746.01","CANDIDATE",393.95608,13.89,482.2,10.30,6217.00,0.9890
5887316,"K07747.01","FALSE POSITIVE",0.603086711,1.0869,1242.8,170.00,6353.00,1.1340
5887393,"K07748.01","FALSE POSITIVE",1.55090374,3.028,11.3,11.80,7612.00,2.9680
5888187,"K07749.01","CANDIDATE",133.6348207,1.584,420.9,10.80,5202.00,0.9180
5894182,"K07750.01","CANDIDATE",494.485085,3.905,385.3,13.90,6303.00,2.5530
5895083,"K07751.01","FALSE POSITIVE",2.25161215,2.1,23.9,9.20,9464.00,2.1840
5952448,"K07753.01","FALSE POSITIVE",0.905675699,1.701,73.2,10.20,5730.00,0.9030
5962509,"K07754.01","FALSE POSITIVE",0.790049989,2.794,70.8,12.30,5427.00,0.8080
5991070,"K07756.01","FALSE POSITIVE",0.94102954,4.415,34.5,13.30,5766.00,2.4090
6032920,"K07757.01","FALSE POSITIVE",10.828825742,0.7275,92.1,4.80,5862.00,0.7850
6043538,"K07759.01","CANDIDATE",6.2253374,4.388,108.6,11.80,6263.00,1.7260
6069674,"K07761.01","FALSE POSITIVE",495.71095,4.514,443.1,8.50,6054.00,1.9530
6106046,"K07762.01","CANDIDATE",8.5073512,2.266,209.5,8.90,5914.00,0.9550
6113752,"K07763.01","FALSE POSITIVE",406.45737,9.554,284.2,12.70,6217.00,1.1410
6124137,"K07764.01","CANDIDATE",227.83457,21.59,155.3,13.10,6004.00,2.1930
6147851,"K07766.01","FALSE POSITIVE",3.06026014,2.545,59.9,10.10,5878.00,1.0100
6187888,"K07768.01","FALSE POSITIVE",0.789171236,1.734,73.4,9.00,4776.00,0.8110
6190535,"K07769.01","FALSE POSITIVE",3.652810043,1.5132,119.4,6.00,5213.00,0.8310
6198256,"K07770.01","FALSE POSITIVE",3.54828691,3.281,70.9,9.90,6573.00,1.9870
6199716,"K07771.01","FALSE POSITIVE",0.805267592,0.887,146.6,9.80,6268.00,1.1000
6205566,"K07772.01","FALSE POSITIVE",3.7228679,9.557,52.1,9.80,6046.00,0.9270
6231721,"K07773.01","CANDIDATE",2.69339974,1.936,147.5,8.70,5355.00,0.8630
6277410,"K07774.01","CANDIDATE",6.32589574,1.383,192.5,8.80,5749.00,0.8180
6278670,"K07775.01","CANDIDATE",89.945828,2.286,335.6,6.60,5115.00,1.9240
6356400,"K07776.01","CANDIDATE",541.92452,21.4,1504.2,18.10,4378.00,0.6140
6369845,"K07777.01","FALSE POSITIVE",27.6760342,4.234,266.8,14.40,5123.00,3.2240
6442602,"K07778.01","FALSE POSITIVE",0.56678228,4.725,146.8,15.10,4796.00,0.7490
6445531,"K07779.01","FALSE POSITIVE",1.71024931,2.833,98.6,9.40,6418.00,1.1710
6451368,"K07780.01","CANDIDATE",5.3360574,3.877,54.7,7.00,6742.00,2.0320
6469946,"K07781.01","FALSE POSITIVE",0.715802309,1.5586,2208.6,137.70,5239.00,0.7570
6519865,"K07782.01","FALSE POSITIVE",0.566813677,2.458,61.2,11.50,6106.00,0.9660
6527016,"K07783.01","FALSE POSITIVE",0.542636318,1.2536,74.6,17.30,5277.00,1.6330
6531143,"K07784.01","FALSE POSITIVE",19.4444573,5.509,182.3,7.10,6278.00,1.0810
6531617,"K07785.01","CANDIDATE",433.220461,2.725,725.1,9.50,5232.00,0.7770
6547322,"K07786.01","FALSE POSITIVE",1.49131759,4.721,25.8,10.30,6014.00,2.4290
6590307,"K07787.01","FALSE POSITIVE",1.33253834,3.737,62.4,9.70,5520.00,0.8180
6679504,"K07788.01","FALSE POSITIVE",0.798467681,0.86,120.7,9.40,5575.00,0.7330
6780367,"K07789.01","FALSE POSITIVE",175.358905,5.34,215,9.10,5109.00,2.0200
6783732,"K07790.01","FALSE POSITIVE",0.721335207,1.509,31.8,12.00,6328.00,0.9480
6790592,"K07791.01","CANDIDATE",106.18732,10.29,266.1,8.60,3287.00,152.9690
6795089,"K07792.01","FALSE POSITIVE",96.231257,2.488,938,8.80,4895.00,9.5290
6863158,"K07793.01","CANDIDATE",1.99469354,5.297,75.1,8.90,3799.00,0.5100
6863187,"K07794.01","FALSE POSITIVE",1.99492332,5.898,77.7,11.10,5957.00,0.9710
6887030,"K07795.01","CANDIDATE",5.44085762,2.119,137.5,9.30,5519.00,0.7620
6891124,"K07796.01","CANDIDATE",3.52364689,3.439,74.2,8.50,6269.00,1.0850
6936966,"K07797.01","FALSE POSITIVE",36.4721523,2.673,52.6,7.70,5853.00,0.8950
6952971,"K07798.01","CANDIDATE",309.89103,16.4,321.3,10.70,6450.00,1.1550
6962901,"K07799.01","FALSE POSITIVE",0.977170246,3.4842,151.1,94.50,5596.00,3.9380
6974867,"K07800.01","FALSE POSITIVE",0.887691177,1.644,37.3,20.80,5500.00,2.4910
7013923,"K07801.01","FALSE POSITIVE",2.21396079,3.452,119.4,9.60,4922.00,0.8230
7017437,"K07802.01","FALSE POSITIVE",43.8496474,2.217,452.3,8.30,4893.00,10.3630
7031066,"K07803.01","FALSE POSITIVE",0.566805514,4.367,85.3,25.10,5115.00,0.9170
7031340,"K07804.01","FALSE POSITIVE",0.566769068,3.011,40,14.90,5496.00,1.5330
7031638,"K07805.01","FALSE POSITIVE",1.13353095,3.17,18.5,11.10,6318.00,1.1210
7031726,"K07806.01","FALSE POSITIVE",0.566793534,4.714,92.4,40.40,3420.00,138.0560
7031898,"K07807.01","FALSE POSITIVE",0.566792595,2.637,19.9,9.40,6277.00,1.1210
7045605,"K07808.01","FALSE POSITIVE",361.526458,6.947,525.1,14.00,7196.00,1.9230
7090867,"K07810.01","FALSE POSITIVE",308.255238,11.959,637.1,13.80,4852.00,7.7970
7115550,"K07811.01","FALSE POSITIVE",0.566814046,4.049,42.1,23.80,5724.00,0.8270
7116024,"K07812.01","FALSE POSITIVE",3.40076682,4.7,21.1,7.40,6134.00,1.4960
7116519,"K07813.01","FALSE POSITIVE",0.56676437,2.326,76.5,11.70,6039.00,1.0050
7117126,"K07814.01","FALSE POSITIVE",0.566717263,2.6079,18.5,11.10,5544.00,0.9570
7117147,"K07815.01","FALSE POSITIVE",0.566812588,3.596,17.1,17.50,6194.00,1.7180
7117485,"K07816.01","FALSE POSITIVE",0.566789505,5.835,54.6,12.60,5894.00,0.7840
7117710,"K07817.01","FALSE POSITIVE",0.56679641,2.324,26.7,14.10,5403.00,0.8880
7134626,"K07818.01","CANDIDATE",2.52443998,2.369,45.8,10.60,6461.00,2.2250
7177766,"K07819.01","FALSE POSITIVE",0.769358923,1.5364,44.8,19.80,5267.00,2.9350
7199644,"K07821.01","FALSE POSITIVE",1.13357304,2.849,33.1,12.00,6147.00,0.9540
7199724,"K07822.01","FALSE POSITIVE",0.566795586,4.124,39.4,19.60,6108.00,0.9970
7199756,"K07823.01","FALSE POSITIVE",0.566781152,3.995,133.4,24.90,3725.00,0.4600
7199883,"K07824.01","FALSE POSITIVE",0.566799125,3.072,30.7,22.50,6063.00,1.0040
7200485,"K07825.01","FALSE POSITIVE",0.566796615,1.999,47.8,8.50,5858.00,0.8490
7203326,"K07826.01","FALSE POSITIVE",9.087508013,2.7597,140.6,2.50,6078.00,1.1190
7210749,"K07828.01","FALSE POSITIVE",17.5859472,3.815,509.5,8.40,5780.00,1.0000
7281668,"K07829.01","FALSE POSITIVE",0.566798545,5.224,36.9,23.30,5629.00,0.8700
7282154,"K07830.01","FALSE POSITIVE",0.56678694,1.959,61.2,8.30,5341.00,0.8080
7282168,"K07831.01","FALSE POSITIVE",0.56681727,1.779,35.9,9.10,5481.00,0.7080
7287028,"K07832.01","CANDIDATE",3.6092231,2.8,52.4,4.40,6032.00,0.9290
7300182,"K07833.01","CANDIDATE",172.820248,7.343,549.3,10.60,6174.00,0.9390
7366501,"K07834.01","CANDIDATE",7.3812344,2.802,104.5,8.60,6072.00,0.9230
7367164,"K07835.01","CANDIDATE",3.76565247,1.557,92.4,9.10,5815.00,0.8770
7377200,"K07836.01","FALSE POSITIVE",471.65421,3.456,479.7,12.50,6061.00,1.6530
7386391,"K07837.01","FALSE POSITIVE",48.507991,8.984,288.9,11.40,6031.00,0.9660
7431709,"K07838.01","FALSE POSITIVE",0.572513875,2.353,49.3,10.20,5171.00,0.7600
7448023,"K07839.01","FALSE POSITIVE",0.566816802,1.981,94,12.90,4665.00,0.7040
7470491,"K07840.01","FALSE POSITIVE",0.902222843,2.0516,29.7,5.10,3705.00,89.8060
7538434,"K07841.01","FALSE POSITIVE",371.1495,15.855,597.3,11.50,5988.00,0.8360
7601665,"K07842.01","CANDIDATE",3.11141514,3.074,28.4,8.30,6450.00,1.2730
7613620,"K07843.01","CANDIDATE",0.619023176,1.496,77.9,8.90,5395.00,0.8910
7618364,"K07844.01","FALSE POSITIVE",1.302061421,1.8238,1046.1,29.50,7757.00,2.7830
7664272,"K07845.01","FALSE POSITIVE",341.01495,5.12,386,6.90,5327.00,0.8960
7671950,"K07846.01","CANDIDATE",10.5994606,9.484,128.8,11.20,6194.00,1.0690
7747103,"K07847.01","CANDIDATE",399.37587,21.25,552.2,11.90,6098.00,1.6180
7757698,"K07848.01","FALSE POSITIVE",369.181947,3.239,913,9.90,5959.00,0.8590
7778664,"K07849.01","CANDIDATE",5.0263815,4.384,77.2,8.50,5783.00,0.9620
7834712,"K07850.01","CANDIDATE",66.119119,3.086,862,9.80,5828.00,1.0280
7841368,"K07851.01","FALSE POSITIVE",25.3710555,3.739,78.6,8.30,6029.00,1.4940
7879648,"K07852.01","FALSE POSITIVE",1.020713389,0.873,102.3,11.30,5815.00,0.8700
7882360,"K07853.01","FALSE POSITIVE",364.14397,15.37,513.5,9.30,6039.00,0.9510
7885494,"K07854.01","FALSE POSITIVE",1.72929014,3.609,84.5,9.60,5910.00,0.9400
7891264,"K07855.01","FALSE POSITIVE",25.166806,2.111,1350,7.20,5013.00,0.7040
7897936,"K07856.01","FALSE POSITIVE",363.17077,28.26,384.6,20.90,10134.00,4.8420
7919516,"K07857.01","FALSE POSITIVE",0.575445783,0.8463,29.3,3.20,6215.00,2.3960
7919867,"K07858.01","FALSE POSITIVE",1.60375114,1.498,51,9.40,5818.00,1.1160
7954278,"K07859.01","CANDIDATE",0.306702491,0.9074,138.8,21.90,5310.00,0.7860
7967517,"K07860.01","FALSE POSITIVE",0.579516759,1.342,27,9.80,6339.00,1.1020
8042747,"K07861.01","FALSE POSITIVE",469.52303,5.487,355.7,10.50,6197.00,1.0350
8042835,"K07862.01","FALSE POSITIVE",2.38793696,17.302,114.3,41.70,6769.00,1.1610
8107150,"K07863.01","CANDIDATE",5.2449156,8.367,35.5,11.70,5823.00,0.8780
8109692,"K07864.01","FALSE POSITIVE",117.934158,9.25,187.5,12.90,6790.00,2.5970
8110757,"K07865.01","CANDIDATE",0.518060209,1.8062,2258.4,140.60,5405.00,1.7720
8110758,"K07866.01","FALSE POSITIVE",0.518071538,1.7865,2195.5,152.10,5876.00,1.2090
8112324,"K07867.01","FALSE POSITIVE",0.575925434,2.4676,137404,354.40,5461.00,0.6830
8126531,"K07868.01","FALSE POSITIVE",513.42784,6.278,523.2,11.50,4833.00,6.0650
8179286,"K07869.01","FALSE POSITIVE",11.4132144,2.371,76.4,10.40,6188.00,1.1550
8182107,"K07870.01","CANDIDATE",92.552007,2.135,282.6,7.30,5808.00,1.2200
8197767,"K07871.01","FALSE POSITIVE",1.247121237,9.363,966.7,92.10,4852.00,0.6510
8210370,"K07872.01","FALSE POSITIVE",153.725848,117.52,5257.7,302.30,4794.00,6.8160
8222395,"K07873.01","CANDIDATE",1.93188768,1.087,37.8,8.80,5896.00,0.9140
8231299,"K07874.01","FALSE POSITIVE",0.562273947,3.1572,67,52.40,5632.00,0.8470
8242769,"K07875.01","CANDIDATE",21.9711574,5.012,178.1,7.80,5763.00,0.9970
8245108,"K07876.01","FALSE POSITIVE",0.579108481,1.659,68.4,9.30,4604.00,0.5010
8260269,"K07877.01","FALSE POSITIVE",6.70995253,2.297,86,9.80,6461.00,1.1310
8263187,"K07878.01","CANDIDATE",36.566324,4.832,2943,8.10,5294.00,2.8840
8297017,"K07879.01","CANDIDATE",128.208643,2.745,212.2,8.90,7128.00,3.8110
8308516,"K07880.01","CANDIDATE",623.70774,6.688,250.9,10.20,6626.00,1.1320
8345473,"K07881.01","FALSE POSITIVE",2.2502073,2.203,260.1,7.80,4507.00,12.7870
8364232,"K07882.01","CANDIDATE",65.415183,4.224,417.1,8.90,4348.00,0.6460
8374394,"K07883.01","FALSE POSITIVE",185.103836,4.19,581.4,10.90,4992.00,6.2260
8391983,"K07884.01","CANDIDATE",0.70965042,1.318,223.4,9.40,5618.00,1.0020
8429014,"K07885.01","FALSE POSITIVE",9.72869627,5.628,252.2,19.10,6881.00,1.3510
8440062,"K07886.01","FALSE POSITIVE",366.71923,9.8,246.4,9.80,6295.00,2.0490
8460634,"K07887.01","FALSE POSITIVE",6.35216475,3.251,185.7,10.90,4820.00,13.6540
8488381,"K07888.01","CANDIDATE",4.7368156,2.84,35.3,6.90,6088.00,1.0110
8489260,"K07889.01","CANDIDATE",130.235324,5.678,750.1,9.70,5616.00,0.9030
8508493,"K07890.01","FALSE POSITIVE",349.85525,5.42,842,7.90,5941.00,0.8850
8524110,"K07891.01","FALSE POSITIVE",0.79708975,3.301,19.3,9.80,6056.00,1.1960
8540376,"K07892.01","CONFIRMED",10.692115,4.657,408.4,9.40,6474.00,1.2420
8545603,"K07893.01","FALSE POSITIVE",55.884827,2.283,497.6,7.70,5668.00,0.8680
8555967,"K07894.01","CANDIDATE",347.97611,16.77,341.3,11.90,5995.00,0.8780
8557246,"K07895.01","FALSE POSITIVE",246.87131,10.69,433.6,6.90,6168.00,0.9600
8560280,"K07896.01","FALSE POSITIVE",85.338393,8.5,633,27.90,4850.00,4.6960
8560927,"K07897.01","FALSE POSITIVE",31.9714488,8.52,42.9,9.20,5846.00,1.3230
8565912,"K07898.01","FALSE POSITIVE",1.012174295,4.6617,323029,596.00,6987.00,1.7160
8587439,"K07899.01","FALSE POSITIVE",8.39140024,1.193,134.4,9.20,5892.00,0.9350
8590776,"K07900.01","FALSE POSITIVE",33.8938177,2.012,205.1,6.80,5818.00,0.8480
8639155,"K07902.01","FALSE POSITIVE",0.603351522,0.8358,164.1,20.60,6240.00,2.9480
8677057,"K07903.01","CANDIDATE",0.694611128,1.115,98.8,9.30,4612.00,0.6620
8686761,"K07904.01","FALSE POSITIVE",374.93999098,17.0849,235.1,8.40,5382.00,2.9090
8702537,"K07905.01","CANDIDATE",7.4751841,5.166,28.1,9.20,5616.00,1.6020
8703491,"K07906.01","FALSE POSITIVE",0.616343903,0.7656,161.4,77.80,6045.00,1.3400
8703506,"K07907.01","FALSE POSITIVE",352.710091,2.901,1658,9.60,6112.00,0.9080
8712863,"K07908.01","FALSE POSITIVE",0.532493086,2.145,19.9,8.90,6894.00,4.0320
8749844,"K07909.01","FALSE POSITIVE",361.51099,4.868,235.9,9.30,9492.00,4.2980
8750503,"K07910.01","FALSE POSITIVE",11.9283194,6.69,182.5,10.60,5010.00,0.7500
8757213,"K07911.01","FALSE POSITIVE",328.0485,13.75,398,6.90,6268.00,1.1000
8761550,"K07912.01","FALSE POSITIVE",224.591055,3.232,125.2,8.20,5786.00,1.7710
8873450,"K07913.01","CONFIRMED",24.2783801,4.564,714.4,13.60,4450.00,0.7070
8880003,"K07914.01","FALSE POSITIVE",1.72128752,2.366,58.5,7.70,5813.00,0.8330
8880317,"K07915.01","CANDIDATE",382.5891,11.7,298.2,10.50,6337.00,1.2390
8953296,"K07916.01","FALSE POSITIVE",0.784294574,4.18831,212526,1751.10,6576.00,1.4550
8962007,"K07917.01","FALSE POSITIVE",1.41435861,2.285,56.8,9.50,5470.00,0.9940
9021047,"K07919.01","FALSE POSITIVE",31.97280045,4.9,2236.4,44.80,6340.00,1.0100
9043947,"K07920.01","CANDIDATE",1.04347858,2.012,22.5,8.60,6014.00,2.2460
9079587,"K07921.01","FALSE POSITIVE",364.33929,13.486,1944,15.90,5606.00,0.8000
9079915,"K07922.01","FALSE POSITIVE",0.812678859,0.841,39.3,7.40,6636.00,1.2360
9084569,"K07923.01","CANDIDATE",395.13138,21.291,126.4,14.40,5060.00,0.8690
9087580,"K07924.01","CANDIDATE",0.770658979,1.401,83.5,11.70,5058.00,0.7390
9099607,"K07925.01","CANDIDATE",4.6318914,3.88,50.9,9.20,5926.00,0.8870
9101271,"K07926.01","FALSE POSITIVE",29.3657204,8.7303,74936,808.90,6167.00,1.1950
9118340,"K07927.01","FALSE POSITIVE",1.035329922,3.8022,992.8,178.00,7030.00,3.5120
9142714,"K07928.01","CANDIDATE",1.12625975,3.62,,,,
9159198,"K07929.01","FALSE POSITIVE",3.04463691,6.656,47,10.40,6181.00,0.9800
9210820,"K07930.01","CANDIDATE",377.67241,15.82,514.8,10.20,5031.00,0.6150
9227215,"K07931.01","CANDIDATE",242.0367,11.01,333.3,8.90,6086.00,1.1160
9278575,"K07932.01","CANDIDATE",502.25648,14.84,153.2,8.10,5637.00,0.8330
9347066,"K07933.01","FALSE POSITIVE",20.004714,2.952,115.7,6.70,5299.00,0.8480
9390228,"K07934.01","CANDIDATE",22.6432436,0.806,550.4,8.20,5880.00,0.8910
9392016,"K07935.01","FALSE POSITIVE",350.65158,7.976,248.1,8.20,5882.00,0.8330
9429631,"K07937.01","FALSE POSITIVE",4.18587282,1.998,99.4,9.30,5455.00,0.9090
9469494,"K07938.01","CANDIDATE",275.5603,15.09,89.4,11.50,5989.00,2.4670
9518558,"K07939.01","FALSE POSITIVE",2.178142613,0.906,172.7,16.10,6290.00,0.8980
9521317,"K07940.01","CANDIDATE",188.881049,1.49,325.8,12.90,6077.00,0.9990
9529148,"K07942.01","FALSE POSITIVE",25.3428696,1.51,230.5,7.50,6311.00,1.1720
9531850,"K07943.01","FALSE POSITIVE",0.66234265,1.049,2359,12.40,5780.00,1.0000
9541094,"K07944.01","FALSE POSITIVE",0.536654028,2.783,41,21.80,5887.00,1.0010
9579753,"K07945.01","FALSE POSITIVE",1.08908149,2.262,130.7,9.90,4327.00,0.6140
9588880,"K07946.01","FALSE POSITIVE",77.97621155,2,,,,
9592831,"K07947.01","FALSE POSITIVE",0.609668222,2.836,287.6,15.70,5296.00,0.8150
9602658,"K07948.01","FALSE POSITIVE",3.55650403,6.862,132.3,11.80,3745.00,0.4270
9604563,"K07949.01","CANDIDATE",1.001916708,1.256,70.9,8.30,5521.00,0.7340
9639021,"K07950.01","FALSE POSITIVE",2.21568076,1.515,43.6,6.90,5349.00,0.8360
9640649,"K07951.01","CANDIDATE",0.862329309,1.044,140.9,10.80,5806.00,0.8990
9643210,"K07952.01","FALSE POSITIVE",3.850304552,1.5337,158,5.30,3274.00,0.2240
9650579,"K07953.01","CANDIDATE",432.96905,20.76,257.9,8.10,5580.00,0.8860
9650762,"K07954.01","CANDIDATE",372.15035,21.23,457.4,12.30,5769.00,0.8120
9651155,"K07955.01","FALSE POSITIVE",1.07383154,4.846,31355,137.30,8059.00,2.8590
9656547,"K07956.01","FALSE POSITIVE",1.27228771,2.099,82.9,9.50,5044.00,0.6860
9658192,"K07957.01","FALSE POSITIVE",1.886002102,1.021,47.4,7.60,5793.00,0.9250
9710611,"K07958.01","FALSE POSITIVE",386.35444,9.594,129.6,10.90,6165.00,1.1770
9710626,"K07959.01","FALSE POSITIVE",371.21454,19.4,1780,14.40,5189.00,0.8500
9710792,"K07960.01","FALSE POSITIVE",365.5435,14.78,753.1,13.40,6306.00,1.0760
9770983,"K07961.01","FALSE POSITIVE",7.02932339,2.853,81.6,8.70,5977.00,1.0220
9777089,"K07962.01","FALSE POSITIVE",19.229478,4.68,115.8,8.10,6654.00,1.7120
9777990,"K07963.01","FALSE POSITIVE",14.3400358,5.7,1706,8.00,3358.00,0.1740
9813678,"K07964.01","FALSE POSITIVE",0.505079006,1.36737,28077.9,665.50,5398.00,1.8430
9826551,"K07965.01","FALSE POSITIVE",7.19680984,1.683,50.5,10.00,6325.00,1.6760
9838537,"K07966.01","FALSE POSITIVE",1.33257715,5.158,27.1,15.50,5852.00,0.8370
9838761,"K07967.01","FALSE POSITIVE",1.33254428,3.122,162.2,18.10,5460.00,0.7340
9839062,"K07968.01","FALSE POSITIVE",424.623345,9.666,5132.1,60.20,6339.00,1.0170
9851983,"K07969.01","FALSE POSITIVE",1.456383399,11.838,212.2,94.00,6184.00,2.6460
9873004,"K07970.01","CANDIDATE",1.98514635,1.625,233.4,11.00,5581.00,0.8450
9899216,"K07971.01","FALSE POSITIVE",1.33259003,3.962,11.9,7.40,8133.00,1.9350
9899256,"K07972.01","FALSE POSITIVE",1.33254024,3.16,35.8,12.10,6071.00,0.8870
9899345,"K07973.01","CANDIDATE",1.33199285,4.33,,,,
9899621,"K07974.01","FALSE POSITIVE",1.33255492,3.63,66.6,10.10,6310.00,1.0950
9899623,"K07975.01","FALSE POSITIVE",1.33259095,4.947,105.5,13.60,6184.00,1.0380
9906688,"K07976.01","CANDIDATE",5.82561701,3.246,142.8,9.20,5999.00,0.9670
9912977,"K07977.01","FALSE POSITIVE",0.9439372,7.27446,279437,6351.70,5959.00,1.3650
9938836,"K07978.01","CANDIDATE",7.2681817,4.985,46.7,9.70,6297.00,2.2190
9941425,"K07979.01","FALSE POSITIVE",1.075158342,1.295,30.2,8.00,4067.00,38.4460
9959368,"K07980.01","FALSE POSITIVE",1.33255801,4.74,48.7,8.70,5161.00,0.8920
9959765,"K07981.01","FALSE POSITIVE",1.33250451,4.143,27.4,11.60,6600.00,1.1570
10011213,"K07982.01","CANDIDATE",376.37989,13.99,1140,13.30,6231.00,0.9550
10014875,"K07983.01","FALSE POSITIVE",453.64875,18.34,523.4,9.00,6060.00,0.9250
10031643,"K07984.01","FALSE POSITIVE",8.5898708,4.806,87.7,8.40,5638.00,1.0880
10090151,"K07985.01","FALSE POSITIVE",0.527698548,3.2221,1579.2,453.30,5638.00,0.9030
10128825,"K07986.01","CANDIDATE",1.73984941,3.114,48.5,10.60,6119.00,1.0310
10147276,"K07987.01","FALSE POSITIVE",0.681401611,0.865,103.6,12.30,6173.00,1.0410
10155286,"K07988.01","CANDIDATE",333.486169,3.199,639.1,14.00,4989.00,7.8240
10156110,"K07989.01","FALSE POSITIVE",4.85603482,3.078,76.7,8.20,6469.00,1.1930
10160922,"K07990.01","CANDIDATE",87.487573,5.881,528.7,8.40,5774.00,0.8180
10198225,"K07991.01","CANDIDATE",11.9451376,6.893,63.3,12.40,5094.00,4.1630
10214341,"K07992.01","CANDIDATE",277.13367,9.67,321.2,8.70,6461.00,0.9710
10219288,"K07993.01","FALSE POSITIVE",3.381607,7.627,440.6,16.60,3974.00,59.4370
10226343,"K07994.01","FALSE POSITIVE",0.660655454,7.111,566.9,77.70,6520.00,1.2150
10263598,"K07995.01","FALSE POSITIVE",145.750554,13.999,385.6,17.00,5096.00,8.0380
10266860,"K07996.01","FALSE POSITIVE",2.17813954,2.063,28.6,9.70,6511.00,1.8510
10321927,"K07997.01","FALSE POSITIVE",321.02094,7.51,592.9,8.50,5334.00,0.8100
10321972,"K07998.01","CANDIDATE",122.11555,16.07,1104,12.20,5592.00,0.8940
10322797,"K07999.01","FALSE POSITIVE",1.213742728,3.596,31.7,20.30,6532.00,1.9870
10331279,"K08000.01","CANDIDATE",225.48805,19.46,379.9,11.60,5663.00,0.7820
10338529,"K08002.01","FALSE POSITIVE",366.74866,12.446,419.1,9.10,6136.00,1.0870
10340212,"K08003.01","FALSE POSITIVE",0.93374894,4.637,226.2,9.30,2661.00,0.1160
10383729,"K08004.01","FALSE POSITIVE",0.734548624,2.207,58.6,25.10,6046.00,1.0070
10389280,"K08005.01","FALSE POSITIVE",375.408923,11.438,87.3,15.30,11357.00,4.5280
10397315,"K08006.01","FALSE POSITIVE",2.17812769,1.645,61.7,10.40,6014.00,0.9580
10403228,"K08007.01","CANDIDATE",67.176626864,3.1147,1689.9,5.90,3391.00,0.3110
10405224,"K08008.01","FALSE POSITIVE",0.93378068,3.706,72.7,9.20,4938.00,0.7530
10405482,"K08009.01","FALSE POSITIVE",0.93373895,4.156,39.6,10.50,6223.00,1.0060
10405546,"K08010.01","FALSE POSITIVE",0.93373718,2.582,18.9,8.40,6367.00,1.0870
10407191,"K08011.01","CANDIDATE",0.93420696,3.5,,,,
10452252,"K08012.01","CANDIDATE",34.573718512,2.1742,399,5.70,3374.00,0.2180
10462462,"K08013.01","FALSE POSITIVE",0.85581563,10.27,,,,
10470882,"K08014.01","FALSE POSITIVE",0.9337491,3.842,98.1,12.60,5628.00,0.8080
10470993,"K08015.01","FALSE POSITIVE",0.93374417,3.385,31.3,9.90,6363.00,1.1310
10471005,"K08016.01","FALSE POSITIVE",0.93374635,3.074,34.3,7.30,5593.00,1.0940
10471055,"K08017.01","FALSE POSITIVE",0.9337465,3.629,49.9,11.60,6102.00,0.8870
10471204,"K08018.01","FALSE POSITIVE",0.93371631,4.344,61.3,10.30,5734.00,0.8830
10471243,"K08019.01","FALSE POSITIVE",0.93376131,3.747,55.6,10.50,5665.00,0.8200
10471296,"K08020.01","FALSE POSITIVE",0.93377253,2.544,30,8.40,5595.00,0.7960
10535886,"K08021.01","FALSE POSITIVE",0.93376021,3.182,56.5,9.50,3885.00,0.5400
10535897,"K08022.01","FALSE POSITIVE",0.93372008,2.591,17,7.90,6221.00,0.9830
10535926,"K08023.01","FALSE POSITIVE",0.93373591,4.517,35.1,10.80,6028.00,0.9500
10535991,"K08024.01","FALSE POSITIVE",0.93374911,3.504,57.8,8.40,5978.00,0.8460
10536177,"K08025.01","FALSE POSITIVE",0.93372261,3.052,31.2,8.20,5984.00,1.0170
10536241,"K08026.01","CANDIDATE",7.7529342,5.072,72.1,9.20,5975.00,1.0720
10614845,"K08027.01","FALSE POSITIVE",0.573762943,2.196,48.3,8.50,4891.00,0.5710
10616829,"K08028.01","FALSE POSITIVE",1.072934147,4.50475,96883,949.00,7031.00,1.5230
10686909,"K08029.01","FALSE POSITIVE",2.61854596,4.866,19.7,8.10,5657.00,2.6820
10730250,"K08030.01","FALSE POSITIVE",13.667809025,2.7993,127.7,2.60,5796.00,0.8070
10790401,"K08031.01","CANDIDATE",254.336707,8.585,398.4,11.30,5193.00,6.5020
10801951,"K08032.01","FALSE POSITIVE",1.105123883,3.001,66.7,20.70,5883.00,0.9590
10844823,"K08033.01","CANDIDATE",362.13187,5.59,849,8.20,5176.00,0.7660
10862284,"K08034.01","FALSE POSITIVE",9.1447861,5.422,268.8,14.90,5849.00,0.9190
10862759,"K08035.01","CANDIDATE",29.4856392,4.27,105,9.30,6870.00,1.4070
10877024,"K08036.01","FALSE POSITIVE",0.786483923,7.035,233.3,104.20,6315.00,1.2820
10920281,"K08037.01","CANDIDATE",3.65034525,1.527,253.2,6.00,3704.00,0.4500
10920420,"K08038.01","FALSE POSITIVE",0.9438885,2.592,35.8,8.30,6947.00,2.2970
11032748,"K08039.01","CANDIDATE",43.9438891,5.26,154.8,9.70,6008.00,0.8750
11098004,"K08041.01","FALSE POSITIVE",7.508818,6.5,70.1,7.40,6293.00,1.2130
11135119,"K08042.01","FALSE POSITIVE",383.937324,2.884,627.7,10.80,5216.00,3.2070
11139682,"K08043.01","CANDIDATE",10.7781558,3.005,121.3,7.90,6386.00,1.1230
11145726,"K08044.01","FALSE POSITIVE",0.619618218,1.2517,50.3,4.40,5180.00,4.7170
11152950,"K08045.01","FALSE POSITIVE",4.17363793,2.738,49.7,10.50,6619.00,3.4100
11182706,"K08046.01","CANDIDATE",384.37706,15.139,1204.9,22.60,4859.00,12.0230
11294822,"K08047.01","CANDIDATE",302.34971,4.978,622.3,8.00,4829.00,0.7940
11296205,"K08048.01","CANDIDATE",379.67276,9.662,253.9,7.90,6156.00,0.8240
11348086,"K08049.01","FALSE POSITIVE",391.420272,3.84,236.7,10.30,6032.00,0.9490
11350634,"K08050.01","CANDIDATE",278.38935,10.43,262.8,11.20,4951.00,4.3420
11357185,"K08051.01","FALSE POSITIVE",185.243906,3.276,383.9,7.90,6218.00,1.1310
11358305,"K08052.01","CANDIDATE",7.8687123,3.739,89.1,9.10,6738.00,1.6920
11392362,"K08053.01","CANDIDATE",9.9105786,5.945,99.5,9.20,6214.00,1.0760
11443757,"K08054.01","CANDIDATE",43.9088053,6.265,297.8,13.70,5216.00,4.3030
11453349,"K08055.01","CANDIDATE",4.40660737,2.107,70.7,8.10,6063.00,1.0010
11560397,"K08056.01","FALSE POSITIVE",0.527673051,1.631,28.3,13.50,6762.00,2.6370
11565903,"K08057.01","FALSE POSITIVE",117.140785,3.401,337.1,8.50,5282.00,8.2430
11601597,"K08058.01","FALSE POSITIVE",0.590281548,2.72,21.6,20.60,6124.00,1.3150
11612241,"K08059.01","FALSE POSITIVE",4.5647147,13.395,99.3,18.00,5953.00,0.9900
11661803,"K08060.01","FALSE POSITIVE",372.086704,3.686,2494,18.00,6289.00,1.0930
11661803,"K08060.02","FALSE POSITIVE",363.448167,6.013,2124,19.40,6289.00,1.0930
11709006,"K08061.01","FALSE POSITIVE",0.719741,2.628,32.2,6.50,6014.00,0.9930
11714107,"K08063.01","CANDIDATE",405.35457,10.778,545.6,10.20,5650.00,0.9060
11724094,"K08064.01","FALSE POSITIVE",1.47623061,2.032,39.1,9.70,6325.00,1.1120
11774383,"K08065.01","FALSE POSITIVE",0.520227316,1.7939,68633,122.30,5780.00,1.0000
11804952,"K08066.01","FALSE POSITIVE",36.3192885,2.601,400.2,8.60,5008.00,12.3900
11819135,"K08067.01","FALSE POSITIVE",1.901655058,4.6545,87321,190.60,6929.00,1.7040
11904835,"K08068.01","CANDIDATE",9.4640413,6.999,209.9,9.40,5968.00,0.8810
11918793,"K08069.01","FALSE POSITIVE",38.35312,2.9,3090,8.60,5979.00,1.0040
11922290,"K08070.01","FALSE POSITIVE",114.661733,2.784,281.8,7.30,5412.00,0.7120
11966668,"K08071.01","FALSE POSITIVE",313.19875,8.603,721,9.60,5254.00,0.7300
11967872,"K08072.01","FALSE POSITIVE",134.370692,8.73,432.6,8.10,5910.00,0.9400
12004656,"K08073.01","FALSE POSITIVE",2.52123022,4.739,145.9,8.90,3932.00,0.5200
12008916,"K08074.01","FALSE POSITIVE",47.4314857,4.511,172.8,10.30,5166.00,6.8910
12021943,"K08075.01","FALSE POSITIVE",6.0962602,10.4,30.4,10.00,6108.00,1.0300
12156930,"K08076.01","CANDIDATE",71.10684,6.933,128.4,10.50,6339.00,1.2240
12266099,"K08077.01","CANDIDATE",77.177672,2.312,318.6,8.00,4840.00,0.7490
12307496,"K08078.01","CANDIDATE",0.805941833,1.4432,3180.4,55.40,5022.00,0.6720
12419303,"K08079.01","FALSE POSITIVE",0.608074963,0.879,117.5,10.80,6309.00,1.0440
12453855,"K08080.01","FALSE POSITIVE",0.559643825,0.677,1812.6,130.70,5240.00,0.7740
12459808,"K08081.01","FALSE POSITIVE",0.502446098,1.803,11.4,10.10,6306.00,1.1970
12602999,"K08082.01","CANDIDATE",8.2766028,4.834,73.1,10.00,6787.00,2.7530
12644020,"K08083.01","FALSE POSITIVE",234.524445,3.9,876,6.80,4987.00,0.7270
2010152,"K08084.01","FALSE POSITIVE",317.74527,17.54,206.6,13.60,6050.00,1.3330
2284957,"K08085.01","CANDIDATE",419.2615,21.53,287.8,10.10,5979.00,0.9750
2712825,"K08086.01","FALSE POSITIVE",18.384953,5.92,92.9,6.00,6335.00,1.4010
3443582,"K08087.01","FALSE POSITIVE",1.085965104,10.716,10578.7,675.90,15896.00,2.4040
3533483,"K08088.01","FALSE POSITIVE",308.185801,3.689,708.7,9.50,5380.00,0.8130
3663850,"K08089.01","CANDIDATE",141.400279,3.031,790.1,12.90,4936.00,14.9070
3954211,"K08090.01","FALSE POSITIVE",0.594274521,2.162,4691.5,83.90,6321.00,1.1250
4056579,"K08091.01","FALSE POSITIVE",239.179477,2.93,750.9,12.10,4915.00,6.8770
4276445,"K08092.01","FALSE POSITIVE",405.65377,11.02,521,7.70,6102.00,0.8870
4371172,"K08093.01","FALSE POSITIVE",73.992267,5.692,225.6,7.90,5271.00,1.8950
4557341,"K08094.01","FALSE POSITIVE",361.901618,4.984,184.1,8.50,5053.00,0.7170
4645492,"K08095.01","FALSE POSITIVE",508.04103,5.398,371.7,9.90,5672.00,0.9650
4738095,"K08096.01","FALSE POSITIVE",309.933134,7.165,176.1,8.30,6299.00,1.2620
4763020,"K08097.01","FALSE POSITIVE",384.09781,12.55,100.1,8.70,5884.00,1.6280
5128966,"K08098.01","FALSE POSITIVE",0.505322676,5.2727,77349.2,384.60,5941.00,0.9240
5288744,"K08099.01","FALSE POSITIVE",333.71634048,4.8236,420.2,3.10,6045.00,1.7190
5305225,"K08100.01","FALSE POSITIVE",322.50741,20.688,349.5,13.70,5708.00,0.9330
5598216,"K08101.01","FALSE POSITIVE",373.8716,16.78,382.7,10.30,5846.00,1.1160
5637036,"K08102.01","FALSE POSITIVE",171.046664,2.438,731,9.80,4932.00,12.0480
5647008,"K08103.01","FALSE POSITIVE",0.799868354,6.613,4928.8,251.40,5568.00,0.8820
5709226,"K08104.01","FALSE POSITIVE",317.99484,7.28,719,8.40,5665.00,0.8200
5775090,"K08105.01","FALSE POSITIVE",432.96732,10.85,866,10.00,4403.00,0.5760
5791705,"K08106.01","FALSE POSITIVE",614.39054,9.312,289.1,10.20,6228.00,1.4270
5802205,"K08107.01","CANDIDATE",578.88761,18.521,76.8,15.10,6180.00,1.9170
5812648,"K08108.01","FALSE POSITIVE",238.561202,11.9,260.2,16.40,6565.00,3.3080
5858919,"K08109.01","CANDIDATE",218.771117,3.201,140.1,8.40,3297.00,151.1840
5872139,"K08110.01","FALSE POSITIVE",375.17737,20.52,1230,13.70,6089.00,1.0240
5955197,"K08111.01","CANDIDATE",359.33831,18.566,977.9,15.80,5316.00,0.7530
5955427,"K08112.01","FALSE POSITIVE",213.201978,15.396,696.9,12.90,4594.00,0.7520
5956977,"K08113.01","FALSE POSITIVE",77.773042,2.285,432.6,7.70,4763.00,7.0680
6043574,"K08114.01","FALSE POSITIVE",381.782641,4.52,367.6,8.60,6056.00,2.2900
6049470,"K08115.01","FALSE POSITIVE",354.7897,12.62,81,9.20,3778.00,0.5150
6105359,"K08116.01","FALSE POSITIVE",235.544698,8.93,299.3,9.20,5533.00,1.2550
6114140,"K08117.01","CANDIDATE",0.933745798,6.447,613.8,75.30,6367.00,1.0870
6119605,"K08118.01","FALSE POSITIVE",260.02265,12.009,2060.7,25.70,5250.00,0.6080
6230649,"K08119.01","FALSE POSITIVE",443.66,7.99,360.7,6.30,6743.00,1.4330
6286633,"K08120.01","FALSE POSITIVE",366.28999,10.869,2568,11.90,5083.00,12.8680
6451125,"K08121.01","FALSE POSITIVE",72.6549842,5.503,389.3,22.10,6793.00,1.9600
6507334,"K08122.01","CANDIDATE",54.753883835,2.0865,442.3,0.90,6242.00,1.0470
6516529,"K08123.01","FALSE POSITIVE",379.42818,11.24,403.9,11.10,5947.00,0.9450
6521526,"K08124.01","FALSE POSITIVE",103.039788,14.197,1370,15.90,3749.00,0.5810
6600492,"K08125.01","FALSE POSITIVE",312.61007,14.85,438.7,11.90,5818.00,0.9250
6685403,"K08126.01","FALSE POSITIVE",429.60143,18.11,1001.4,12.20,5587.00,0.8770
6846544,"K08127.01","FALSE POSITIVE",499.88159,13.39,184.4,12.40,6486.00,1.8120
6848529,"K08128.01","FALSE POSITIVE",197.37704,18.71,226.2,15.10,10974.00,2.6770
6887321,"K08129.01","FALSE POSITIVE",1.65746034,4.572,22.9,9.10,5860.00,1.1300
6953281,"K08130.01","FALSE POSITIVE",0.566799395,1.5368,231.2,33.70,6322.00,1.0750
7020168,"K08131.01","FALSE POSITIVE",203.8406,9.33,227.4,8.60,5548.00,1.6160
7049771,"K08132.01","FALSE POSITIVE",381.85852,16.121,362.9,16.00,4959.00,4.4860
7053328,"K08133.01","FALSE POSITIVE",455.77076435,5.1149,341.1,11.60,6785.00,2.6230
7106437,"K08134.01","FALSE POSITIVE",212.760495,3.703,195.8,9.20,7021.00,1.9760
7117050,"K08135.01","FALSE POSITIVE",73.836858,19.722,231.2,13.10,4769.00,14.7060
7185710,"K08136.01","FALSE POSITIVE",160.243128,5.393,556.4,10.20,5128.00,6.7750
7282872,"K08137.01","FALSE POSITIVE",402.41511,5.156,780.6,9.50,6251.00,0.8890
7340624,"K08138.01","FALSE POSITIVE",369.28177,26.96,1017.7,13.00,5900.00,0.9510
7622473,"K08139.01","FALSE POSITIVE",40.244826,4.303,192.9,16.80,3674.00,89.8780
7662744,"K08140.01","FALSE POSITIVE",135.428746,7.394,381.1,7.90,5849.00,0.9190
7686191,"K08141.01","FALSE POSITIVE",380.03903,18.5,788.8,13.20,5477.00,0.8180
7690521,"K08142.01","FALSE POSITIVE",380.294204,12.351,730.5,15.00,5518.00,0.8220
7747835,"K08143.01","FALSE POSITIVE",373.74691,28.37,622.3,16.20,6131.00,0.9450
7762886,"K08144.01","FALSE POSITIVE",315.81065,23.66,541.6,11.60,4875.00,0.8100
7811537,"K08145.01","FALSE POSITIVE",16.9341628,3.94,207.8,7.20,6321.00,1.1250
7811537,"K08145.02","FALSE POSITIVE",244.58323,12.822,408.3,7.10,6321.00,1.1250
7874976,"K08146.01","FALSE POSITIVE",185.83013,10.14,72.6,8.10,6137.00,1.1870
7888957,"K08147.01","FALSE POSITIVE",363.346158,4.911,896,10.70,4994.00,7.6190
7900114,"K08148.01","FALSE POSITIVE",303.91225,15.37,479.5,12.40,5412.00,0.8870
7936194,"K08149.01","FALSE POSITIVE",536.52197,4.458,293.9,9.70,5335.00,1.7940
7959310,"K08150.01","FALSE POSITIVE",350.514,19.53,213.5,12.00,6382.00,1.5000
8012732,"K08151.01","FALSE POSITIVE",431.51734,16.42,5332.7,206.20,6221.00,1.3120
8028465,"K08152.01","FALSE POSITIVE",261.684363,3.892,817,8.30,4393.00,0.5260
8129641,"K08153.01","FALSE POSITIVE",0.808106001,3.9174,7676.4,73.30,6014.00,0.9580
8226720,"K08154.01","FALSE POSITIVE",391.33068,12.37,277.2,10.30,6428.00,0.9770
8307354,"K08155.01","FALSE POSITIVE",320.56794551,15.3614,898.9,7.50,5546.00,0.8100
8439949,"K08156.01","CANDIDATE",364.98242,12.346,533,13.10,6429.00,1.1160
8527297,"K08157.01","CANDIDATE",0.58730021,0.82,,,,
8588982,"K08158.01","FALSE POSITIVE",116.025744,3.539,1361,18.50,4575.00,10.7880
8608544,"K08159.01","FALSE POSITIVE",348.68162,10.959,309.3,11.90,6450.00,1.1550
8608544,"K08159.02","CANDIDATE",353.01861,15.583,375.1,14.90,6450.00,1.1550
8618147,"K08160.01","FALSE POSITIVE",345.128277,15.925,324.4,11.40,6214.00,1.0760
8630840,"K08161.01","FALSE POSITIVE",370.38642,23.94,186.2,13.90,6179.00,1.5550
8683144,"K08162.01","FALSE POSITIVE",267.970682,11.48,357.7,10.40,6008.00,0.8970
8708961,"K08163.01","CANDIDATE",370.98253,17.84,552.3,15.70,6028.00,1.6300
8740744,"K08164.01","FALSE POSITIVE",417.829033,15.05,500.8,8.90,6018.00,0.9750
8742735,"K08165.01","FALSE POSITIVE",331.92622,10.84,809,8.70,5652.00,0.7980
8743244,"K08166.01","FALSE POSITIVE",346.31688,21.92,1435,17.00,6060.00,1.0680
8743244,"K08166.02","FALSE POSITIVE",365.61087,16.102,1116,12.30,6060.00,1.0680
8748435,"K08167.01","FALSE POSITIVE",259.85736,24.04,307.7,14.20,5374.00,0.7440
8766268,"K08168.01","FALSE POSITIVE",5.29731736,3.341,167.5,8.70,5815.00,0.8770
8808064,"K08169.01","FALSE POSITIVE",447.97028,10.857,512.7,9.20,5911.00,0.8870
8813404,"K08170.01","FALSE POSITIVE",374.80095,10.691,144.4,11.40,5804.00,1.2340
8815031,"K08171.01","FALSE POSITIVE",472.6038,12.15,672,7.70,5764.00,0.8630
8821936,"K08172.01","FALSE POSITIVE",371.51852,30.94,263,17.00,6227.00,1.0890
8832676,"K08173.01","FALSE POSITIVE",323.66542,20.37,1178,9.10,3737.00,0.4660
8873873,"K08174.01","CANDIDATE",295.06066,16.18,72.2,10.40,5332.00,0.7620
9075882,"K08175.01","FALSE POSITIVE",367.01607,15.48,738.6,11.20,5931.00,0.8630
9084832,"K08176.01","FALSE POSITIVE",568.08251,13.608,508.3,18.10,5359.00,0.9500
9093859,"K08177.01","FALSE POSITIVE",3.0447752,7.35,74.9,8.60,5390.00,0.7800
9114508,"K08178.01","FALSE POSITIVE",256.45616,35.35,17283,14.40,4070.00,0.6460
9216810,"K08179.01","FALSE POSITIVE",138.62902498,4.93,,,,
9268159,"K08180.01","CANDIDATE",185.97534,8.744,54.5,2.60,7365.00,3.6380
9340460,"K08181.01","FALSE POSITIVE",388.519605,10.613,151.2,15.10,6164.00,1.8250
9409493,"K08182.01","FALSE POSITIVE",60.049737,20.17,16650,17.50,4538.00,0.6630
9468848,"K08183.01","CANDIDATE",5.8877038,4.009,39.7,9.30,6065.00,0.9470
9649205,"K08184.01","FALSE POSITIVE",237.26601,8.74,150.4,8.60,5786.00,1.0070
9771576,"K08185.01","FALSE POSITIVE",398.71694,21.6,893.9,13.70,5303.00,0.7710
9827094,"K08186.01","FALSE POSITIVE",241.8591,12.77,659,9.70,5790.00,1.0880
9837720,"K08187.01","FALSE POSITIVE",353.04037,14.102,239.6,11.20,5061.00,0.6680
9873604,"K08188.01","FALSE POSITIVE",522.33888,13.53,423.7,12.00,5103.00,2.8160
9874581,"K08189.01","FALSE POSITIVE",473.56314,5.087,327.4,8.70,7056.00,2.9370
9899449,"K08190.01","FALSE POSITIVE",1.332565736,6.0828,2319.8,301.70,6014.00,0.9580
9962731,"K08191.01","FALSE POSITIVE",385.39743,21.69,132.3,10.90,5676.00,1.3360
10023069,"K08192.01","FALSE POSITIVE",266.977677,8.59,389.6,16.00,6619.00,3.4100
10028127,"K08193.01","CANDIDATE",367.947848,4.249,1301,10.70,5570.00,0.8550
10079317,"K08194.01","FALSE POSITIVE",236.25776888,3.3549,168.4,5.30,6645.00,2.0540
10079481,"K08195.01","FALSE POSITIVE",330.80879,21.669,274.8,24.40,6158.00,1.0660
10081899,"K08196.01","FALSE POSITIVE",522.64613,17.77,648.1,10.50,3439.00,0.3180
10199817,"K08197.01","FALSE POSITIVE",392.94247,11.055,120.3,10.00,6596.00,1.4400
10205598,"K08198.01","FALSE POSITIVE",373.89398,27.66,730,18.50,5263.00,0.6990
10208894,"K08199.01","FALSE POSITIVE",183.836254,13.088,1046.2,15.70,4959.00,11.9630
10214873,"K08200.01","FALSE POSITIVE",5.959695593,1.8383,151.2,4.70,5717.00,0.8840
10253977,"K08201.01","CANDIDATE",392.601892,3.21,779,7.80,5307.00,0.7530
10268714,"K08202.01","FALSE POSITIVE",452.65206,19.87,175.1,17.00,6664.00,1.7300
10281311,"K08203.01","FALSE POSITIVE",234.66319186,7.627,243.5,5.00,6306.00,1.0760
10341876,"K08204.01","FALSE POSITIVE",351.204993,22.414,1257.9,21.30,5845.00,0.9180
10351947,"K08205.01","CANDIDATE",260.446151,9.314,713.9,16.80,4845.00,7.7960
10385708,"K08206.01","FALSE POSITIVE",345.7671,15.38,212.7,12.30,5845.00,1.7020
10404545,"K08207.01","FALSE POSITIVE",350.34114,16.97,1363.8,16.40,5188.00,0.6900
10425070,"K08208.01","FALSE POSITIVE",363.97165,5.702,1966,8.50,5648.00,0.8410
10425070,"K08208.02","FALSE POSITIVE",395.23753,18.494,1298,13.40,5648.00,0.8410
10461045,"K08209.01","FALSE POSITIVE",385.97241,12.167,162,10.80,6732.00,1.3160
10493253,"K08210.01","FALSE POSITIVE",89.667675,3.726,1415,7.00,4742.00,21.2910
10515564,"K08211.01","CANDIDATE",5.0487451,4.007,67.6,7.70,5450.00,0.8300
10519701,"K08212.01","FALSE POSITIVE",334.87402,35.42,387.8,19.10,6122.00,2.3480
10664150,"K08213.01","FALSE POSITIVE",370.2402,31.46,1272.6,20.50,6296.00,0.9660
10735575,"K08214.01","FALSE POSITIVE",1.6749812,2.707,94,8.90,3940.00,84.4610
10753394,"K08215.01","FALSE POSITIVE",288.678554,9.197,242.5,10.80,4326.00,0.5750
10875937,"K08216.01","FALSE POSITIVE",307.94735718,15,11296,16.50,4878.00,4.4610
10907307,"K08217.01","CANDIDATE",277.25118,8.742,1517.4,15.30,6046.00,1.0480
11087662,"K08218.01","FALSE POSITIVE",264.63654,42.77,431.8,28.20,6564.00,1.4610
11099109,"K08219.01","FALSE POSITIVE",115.28415,11.39,415.1,9.50,5780.00,1.0000
11124353,"K08220.01","FALSE POSITIVE",423.73074,19.4,834.9,12.10,5743.00,0.8530
11338091,"K08221.01","CANDIDATE",293.38641,15.23,94.9,13.40,6392.00,1.3400
11400356,"K08222.01","FALSE POSITIVE",677.56282,10.53,631,8.50,5511.00,0.8720
11446424,"K08223.01","CANDIDATE",66.716453,3.855,626,8.10,5447.00,0.8590
11449696,"K08224.01","FALSE POSITIVE",371.21205,19.95,719.9,12.90,6106.00,0.9400
11456839,"K08225.01","FALSE POSITIVE",190.783023,4.069,1385,9.50,5013.00,19.8130
11501492,"K08226.01","FALSE POSITIVE",371.90464,25.36,519.1,14.40,6164.00,1.0450
11558217,"K08227.01","FALSE POSITIVE",362.85801,17.03,151.6,10.10,6740.00,1.4710
11649292,"K08228.01","FALSE POSITIVE",384.558321,4.76,1330,10.10,5078.00,3.0000
11760931,"K08229.01","FALSE POSITIVE",397.72733,11.683,232.8,9.00,6032.00,0.9730
11854061,"K08230.01","FALSE POSITIVE",504.88419,20.18,5058,15.90,4559.00,0.6550
11868122,"K08231.01","FALSE POSITIVE",384.92275,9.98,184.8,7.20,6070.00,1.1910
11872364,"K08232.01","CANDIDATE",189.183958,6.829,1014,11.20,5573.00,0.9810
12012872,"K08233.01","FALSE POSITIVE",14.395425,5.12,115.4,9.40,5715.00,0.7820
12069319,"K08234.01","FALSE POSITIVE",231.157554,8.489,845.6,17.40,5386.00,11.8390
12121118,"K08235.01","FALSE POSITIVE",495.06538,21.09,417,13.20,6075.00,0.9690
12252732,"K08236.01","FALSE POSITIVE",595.78152,15.97,84.9,10.60,5618.00,1.2880
12554051,"K08237.01","FALSE POSITIVE",365.709623,13.553,1033.4,15.10,4787.00,8.5220
12554485,"K08238.01","CANDIDATE",495.662346,4.428,675.7,10.20,5515.00,0.8200
12555140,"K08239.01","FALSE POSITIVE",655.25732,20.05,268.2,11.50,6420.00,0.9410
12647110,"K08240.01","FALSE POSITIVE",462.463589,5.007,1024.3,13.20,5059.00,2.7990
12647757,"K08241.01","CANDIDATE",490.63941,16.5,268.8,9.60,5037.00,4.8170
3629119,"K08242.01","CANDIDATE",331.55459,5.35,288.7,6.70,5762.00,0.8010
3662635,"K08243.01","FALSE POSITIVE",0.939375593,2.8424,100893,317.30,5826.00,0.9780
3734501,"K08244.01","FALSE POSITIVE",31.1911468,7.003,228.4,11.40,4785.00,6.4430
4169315,"K08245.01","FALSE POSITIVE",30.9587224,4.411,342,13.10,6525.00,1.1610
4446859,"K08246.01","CANDIDATE",425.64971,11.07,171.2,7.60,6067.00,1.1950
4566999,"K08247.01","FALSE POSITIVE",527.68601,4.817,602,6.80,5657.00,0.8240
4569942,"K08248.01","FALSE POSITIVE",267.911652,4.124,695,7.70,5291.00,0.9260
4572728,"K08249.01","CANDIDATE",309.191789,11.392,122.8,10.50,6299.00,1.7540
4772095,"K08250.01","FALSE POSITIVE",99.299502,3.631,408.5,6.60,6832.00,2.5780
4847801,"K08251.01","FALSE POSITIVE",371.47786,12.3,264.9,8.60,5162.00,0.7540
5026023,"K08252.01","FALSE POSITIVE",1.99638423,2.4,29.4,6.20,6249.00,1.0760
5098334,"K08253.01","CANDIDATE",400.11482,12.37,113.4,6.70,5547.00,0.9110
5391407,"K08254.01","FALSE POSITIVE",0.638697833,5.1609,141454,206.30,6424.00,1.1800
5468555,"K08255.01","FALSE POSITIVE",539.214259,3.464,300.6,7.80,6469.00,1.1710
5638699,"K08256.01","FALSE POSITIVE",343.56446,18.94,179.6,8.40,5770.00,1.3260
5683219,"K08257.01","CANDIDATE",9.4609418,4.888,47.5,7.90,5485.00,0.7880
5871116,"K08258.01","FALSE POSITIVE",54.432903,3.554,307.6,7.70,5119.00,0.8270
5956171,"K08259.01","CANDIDATE",402.27493,15.67,294.5,11.10,6299.00,0.9500
6032318,"K08260.01","FALSE POSITIVE",235.20613,6.989,642,6.80,5205.00,0.6790
6182508,"K08261.01","FALSE POSITIVE",85.9770426,1.919,1064,8.00,3710.00,0.4520
6195669,"K08262.01","FALSE POSITIVE",370.94353,16.64,1071.3,14.60,5755.00,0.7760
6356506,"K08263.01","CANDIDATE",280.55544,12.757,401.4,9.30,6292.00,1.0780
6583107,"K08264.01","FALSE POSITIVE",30.6261927,1.107,162.6,6.60,5860.00,1.1970
6681618,"K08265.01","FALSE POSITIVE",364.42189,38.14,2498,28.50,6047.00,1.0020
6946985,"K08266.01","FALSE POSITIVE",440.584562,10.534,65.9,16.10,9935.00,1.9960
7106438,"K08267.01","FALSE POSITIVE",269.331027,4.891,515.7,7.90,6129.00,1.0550
7451315,"K08268.01","FALSE POSITIVE",368.5224,36.29,1330.2,22.70,6063.00,0.9410
7751294,"K08269.01","FALSE POSITIVE",371.4589776,10.0734,456.6,10.80,6388.00,1.0330
7832787,"K08270.01","CANDIDATE",338.00692,16.745,544.3,15.30,5741.00,0.8980
8008913,"K08271.01","FALSE POSITIVE",34.9989085,1.764,427.1,7.50,4559.00,0.6480
8022520,"K08272.01","CANDIDATE",432.42787,19.63,110.3,6.00,6263.00,1.0090
8108450,"K08273.01","FALSE POSITIVE",386.78734,15.51,743.7,10.30,5425.00,0.8470
8293631,"K08274.01","FALSE POSITIVE",449.557346,17.227,1193.1,28.40,5323.00,15.0750
8329346,"K08275.01","CANDIDATE",389.875816,3.336,2134,8.90,5289.00,0.7900
8637903,"K08276.01","CANDIDATE",385.858683,12.071,548.4,21.20,6551.00,1.1950
8673511,"K08277.01","CANDIDATE",0.757261281,0.905,36.5,10.20,5651.00,0.9530
8873674,"K08278.01","FALSE POSITIVE",172.280975,12.24,313.8,10.20,5659.00,0.8690
9011955,"K08279.01","CANDIDATE",367.0896,28.02,2092.3,27.70,6268.00,1.1000
9159288,"K08280.01","CANDIDATE",66.67305,6.381,472.1,9.60,6592.00,1.1900
9209808,"K08281.01","FALSE POSITIVE",244.547128,3.59,587,6.40,5094.00,0.7360
9239670,"K08282.01","FALSE POSITIVE",456.55308,4.435,116.2,7.30,5678.00,1.2980
9388557,"K08283.01","FALSE POSITIVE",209.941369,2.97,477.3,10.20,5125.00,6.6900
9532997,"K08284.01","FALSE POSITIVE",49.763624,2.749,412,6.80,6477.00,1.1870
9536836,"K08285.01","FALSE POSITIVE",320.347208,7.159,262.8,8.80,6146.00,0.9430
9592621,"K08286.01","CANDIDATE",191.03728,3.595,1607,7.00,5440.00,0.9010
10010452,"K08287.01","FALSE POSITIVE",358.74318,19.76,760.5,15.90,5482.00,0.8260
10226420,"K08288.01","FALSE POSITIVE",0.660663034,2.81,134,23.30,6353.00,1.1340
10341781,"K08289.01","FALSE POSITIVE",0.93371211,4.76,126.2,14.30,4604.00,0.6960
10459805,"K08290.01","FALSE POSITIVE",461.13781,12.91,408.2,7.40,4988.00,0.6360
10471090,"K08291.01","FALSE POSITIVE",0.93376089,3.027,27.3,9.70,6292.00,1.0780
10532751,"K08292.01","FALSE POSITIVE",367.761848,4.891,428,9.80,5348.00,9.8880
10585887,"K08293.01","FALSE POSITIVE",378.65484,11.3,247.8,6.80,6000.00,0.9700
11867733,"K08294.01","FALSE POSITIVE",384.356448,3.872,715.7,13.20,5903.00,0.9940
11923074,"K08295.01","FALSE POSITIVE",1.75647084,2.538,69.5,10.90,5813.00,0.8330
12117215,"K08296.01","FALSE POSITIVE",272.54288087,3.0246,807.2,5.70,5677.00,0.8280
12168280,"K08297.01","CANDIDATE",229.957537,7.59,400,10.20,6419.00,2.0570
